panel,cell,left,right,providers,opportunities,benefit,production_cost,verification_cost,commitment_cost,appeal_cost,repair_cost,scope_cost,harm,accident_rate,breach_rate,unreliable_fraction,unreliable_multiplier,allegation_rate,externality_rate,identity_reset_rate,evidence_accuracy,false_positive_rate,repair_success,audit_rate,successes_to_trust,exclusion_length,shock_start,shock_end,shock_breach_rate,mean_delta,ci_low,ci_high,analytic_delta,monte_carlo_error,max_tape_oracle_error
retry,retry-000,repair_no_exclusion,naive_trust,30,1000,5.0,1.0,0.01,0.05,0.3,0.2,0.1,6.0,0.05,0,0.2,5.0,0,0,0.0,0.6,0,0.8,0.1,3,3,0.4,0.6,0,0.04854850000000066,0.03746900000000075,0.05991250000000066,,,
retry,retry-000,verify_and_retry,always_verify,30,1000,5.0,1.0,0.01,0.05,0.3,0.2,0.1,6.0,0.05,0,0.2,5.0,0,0,0.0,0.6,0,0.8,0.1,3,3,0.4,0.6,0,0.1009650000000002,0.0899100000000002,0.11230500000000014,0.09899999999999999,0.0019650000000002027,4.85722573273506e-16
retry,retry-001,repair_no_exclusion,naive_trust,30,1000,5.0,1.0,0.6,0.05,0.3,0.2,0.1,6.0,0.05,0,0.2,5.0,0,0,0.0,0.6,0,0.8,0.1,3,3,0.4,0.6,0,-0.09402499999999865,-0.10742499999999859,-0.08018999999999868,,,
retry,retry-001,verify_and_retry,always_verify,30,1000,5.0,1.0,0.6,0.05,0.3,0.2,0.1,6.0,0.05,0,0.2,5.0,0,0,0.0,0.6,0,0.8,0.1,3,3,0.4,0.6,0,0.10096500000000005,0.08991000000000009,0.11230500000000006,0.09899999999999999,0.001965000000000064,4.163336342344337e-16
retry,retry-002,repair_no_exclusion,naive_trust,30,1000,5.0,1.0,1.5,0.05,0.3,0.2,0.1,6.0,0.05,0,0.2,5.0,0,0,0.0,0.6,0,0.8,0.1,3,3,0.4,0.6,0,-0.3115099999999993,-0.3302249999999993,-0.2928099999999993,,,
retry,retry-002,verify_and_retry,always_verify,30,1000,5.0,1.0,1.5,0.05,0.3,0.2,0.1,6.0,0.05,0,0.2,5.0,0,0,0.0,0.6,0,0.8,0.1,3,3,0.4,0.6,0,0.10096500000000001,0.08991000000000013,0.11230500000000002,0.09899999999999999,0.0019650000000000223,5.689893001203927e-16
retry,retry-003,repair_no_exclusion,naive_trust,30,1000,5.0,1.0,0.01,0.05,0.3,0.2,0.1,6.0,0.25,0,0.2,5.0,0,0,0.0,0.6,0,0.8,0.1,3,3,0.4,0.6,0,0.4583650000000012,0.44141600000000114,0.4746405000000012,,,
retry,retry-003,verify_and_retry,always_verify,30,1000,5.0,1.0,0.01,0.05,0.3,0.2,0.1,6.0,0.25,0,0.2,5.0,0,0,0.0,0.6,0,0.8,0.1,3,3,0.4,0.6,0,0.5129700000000005,0.4960300000000005,0.5291300000000005,0.49499999999999994,0.01797000000000054,8.881784197001252e-16
retry,retry-004,repair_no_exclusion,naive_trust,30,1000,5.0,1.0,0.6,0.05,0.3,0.2,0.1,6.0,0.25,0,0.2,5.0,0,0,0.0,0.6,0,0.8,0.1,3,3,0.4,0.6,0,0.1866700000000022,0.1659300000000021,0.2074250000000024,,,
retry,retry-004,verify_and_retry,always_verify,30,1000,5.0,1.0,0.6,0.05,0.3,0.2,0.1,6.0,0.25,0,0.2,5.0,0,0,0.0,0.6,0,0.8,0.1,3,3,0.4,0.6,0,0.5129700000000005,0.49603000000000047,0.5291300000000005,0.49499999999999994,0.01797000000000054,7.771561172376096e-16
retry,retry-005,repair_no_exclusion,naive_trust,30,1000,5.0,1.0,1.5,0.05,0.3,0.2,0.1,6.0,0.25,0,0.2,5.0,0,0,0.0,0.6,0,0.8,0.1,3,3,0.4,0.6,0,-0.22777999999999884,-0.25604999999999895,-0.19876499999999891,,,
retry,retry-005,verify_and_retry,always_verify,30,1000,5.0,1.0,1.5,0.05,0.3,0.2,0.1,6.0,0.25,0,0.2,5.0,0,0,0.0,0.6,0,0.8,0.1,3,3,0.4,0.6,0,0.5129700000000004,0.49603000000000036,0.5291300000000004,0.49499999999999994,0.01797000000000043,7.216449660063518e-16
retry,retry-006,repair_no_exclusion,naive_trust,30,1000,5.0,1.0,0.01,0.05,0.3,1,0.1,6.0,0.05,0,0.2,5.0,0,0,0.0,0.6,0,0.8,0.1,3,3,0.4,0.6,0,0.02470850000000071,0.0151185000000007,0.03453500000000069,,,
retry,retry-006,verify_and_retry,always_verify,30,1000,5.0,1.0,0.01,0.05,0.3,1,0.1,6.0,0.05,0,0.2,5.0,0,0,0.0,0.6,0,0.8,0.1,3,3,0.4,0.6,0,0.07712500000000014,0.06760000000000024,0.08696000000000015,0.075,0.0021250000000001407,4.718447854656915e-16
retry,retry-007,repair_no_exclusion,naive_trust,30,1000,5.0,1.0,0.6,0.05,0.3,1,0.1,6.0,0.05,0,0.2,5.0,0,0,0.0,0.6,0,0.8,0.1,3,3,0.4,0.6,0,-0.11786499999999864,-0.13000999999999857,-0.10542499999999869,,,
retry,retry-007,verify_and_retry,always_verify,30,1000,5.0,1.0,0.6,0.05,0.3,1,0.1,6.0,0.05,0,0.2,5.0,0,0,0.0,0.6,0,0.8,0.1,3,3,0.4,0.6,0,0.07712500000000008,0.0676000000000001,0.08696000000000015,0.075,0.002125000000000085,4.3021142204224816e-16
retry,retry-008,repair_no_exclusion,naive_trust,30,1000,5.0,1.0,1.5,0.05,0.3,1,0.1,6.0,0.05,0,0.2,5.0,0,0,0.0,0.6,0,0.8,0.1,3,3,0.4,0.6,0,-0.33534999999999926,-0.3524449999999993,-0.3178799999999994,,,
retry,retry-008,verify_and_retry,always_verify,30,1000,5.0,1.0,1.5,0.05,0.3,1,0.1,6.0,0.05,0,0.2,5.0,0,0,0.0,0.6,0,0.8,0.1,3,3,0.4,0.6,0,0.07712500000000004,0.06759999999999997,0.08696000000000008,0.075,0.0021250000000000435,5.828670879282072e-16
retry,retry-009,repair_no_exclusion,naive_trust,30,1000,5.0,1.0,0.01,0.05,0.3,1,0.1,6.0,0.25,0,0.2,5.0,0,0,0.0,0.6,0,0.8,0.1,3,3,0.4,0.6,0,0.3354050000000012,0.3212900000000012,0.3492805000000011,,,
retry,retry-009,verify_and_retry,always_verify,30,1000,5.0,1.0,0.01,0.05,0.3,1,0.1,6.0,0.25,0,0.2,5.0,0,0,0.0,0.6,0,0.8,0.1,3,3,0.4,0.6,0,0.3900100000000005,0.3759550000000004,0.40380000000000055,0.37499999999999994,0.015010000000000578,9.43689570931383e-16
retry,retry-010,repair_no_exclusion,naive_trust,30,1000,5.0,1.0,0.6,0.05,0.3,1,0.1,6.0,0.25,0,0.2,5.0,0,0,0.0,0.6,0,0.8,0.1,3,3,0.4,0.6,0,0.06371000000000197,0.04551000000000196,0.08233000000000208,,,
retry,retry-010,verify_and_retry,always_verify,30,1000,5.0,1.0,0.6,0.05,0.3,1,0.1,6.0,0.25,0,0.2,5.0,0,0,0.0,0.6,0,0.8,0.1,3,3,0.4,0.6,0,0.39001000000000047,0.37595500000000037,0.4038000000000005,0.37499999999999994,0.015010000000000523,7.771561172376096e-16
retry,retry-011,repair_no_exclusion,naive_trust,30,1000,5.0,1.0,1.5,0.05,0.3,1,0.1,6.0,0.25,0,0.2,5.0,0,0,0.0,0.6,0,0.8,0.1,3,3,0.4,0.6,0,-0.3507399999999989,-0.37723999999999897,-0.323549999999999,,,
retry,retry-011,verify_and_retry,always_verify,30,1000,5.0,1.0,1.5,0.05,0.3,1,0.1,6.0,0.25,0,0.2,5.0,0,0,0.0,0.6,0,0.8,0.1,3,3,0.4,0.6,0,0.39001000000000036,0.37595500000000037,0.4038000000000004,0.37499999999999994,0.015010000000000412,5.551115123125783e-16
retry,retry-012,repair_no_exclusion,naive_trust,30,1000,5.0,1.0,0.01,0.05,0.3,3,0.1,6.0,0.05,0,0.2,5.0,0,0,0.0,0.6,0,0.8,0.1,3,3,0.4,0.6,0,-0.03489149999999932,-0.04116649999999931,-0.028560499999999323,,,
retry,retry-012,verify_and_retry,always_verify,30,1000,5.0,1.0,0.01,0.05,0.3,3,0.1,6.0,0.05,0,0.2,5.0,0,0,0.0,0.6,0,0.8,0.1,3,3,0.4,0.6,0,0.017525000000000145,0.011310000000000198,0.023830000000000108,0.015,0.002525000000000145,6.444497713253838e-16
retry,retry-013,repair_no_exclusion,naive_trust,30,1000,5.0,1.0,0.6,0.05,0.3,3,0.1,6.0,0.05,0,0.2,5.0,0,0,0.0,0.6,0,0.8,0.1,3,3,0.4,0.6,0,-0.17746499999999862,-0.1865149999999986,-0.16857999999999868,,,
retry,retry-013,verify_and_retry,always_verify,30,1000,5.0,1.0,0.6,0.05,0.3,3,0.1,6.0,0.05,0,0.2,5.0,0,0,0.0,0.6,0,0.8,0.1,3,3,0.4,0.6,0,0.017525000000000103,0.011310000000000108,0.02383000000000015,0.015,0.0025250000000001036,5.620504062164855e-16
retry,retry-014,repair_no_exclusion,naive_trust,30,1000,5.0,1.0,1.5,0.05,0.3,3,0.1,6.0,0.05,0,0.2,5.0,0,0,0.0,0.6,0,0.8,0.1,3,3,0.4,0.6,0,-0.39494999999999925,-0.4089499999999992,-0.3810149999999993,,,
retry,retry-014,verify_and_retry,always_verify,30,1000,5.0,1.0,1.5,0.05,0.3,3,0.1,6.0,0.05,0,0.2,5.0,0,0,0.0,0.6,0,0.8,0.1,3,3,0.4,0.6,0,0.01752500000000008,0.011310000000000065,0.023830000000000084,0.015,0.0025250000000000793,4.926614671774132e-16
retry,retry-015,repair_no_exclusion,naive_trust,30,1000,5.0,1.0,0.01,0.05,0.3,3,0.1,6.0,0.25,0,0.2,5.0,0,0,0.0,0.6,0,0.8,0.1,3,3,0.4,0.6,0,0.028005000000001213,0.01863350000000121,0.03752600000000115,,,
retry,retry-015,verify_and_retry,always_verify,30,1000,5.0,1.0,0.01,0.05,0.3,3,0.1,6.0,0.25,0,0.2,5.0,0,0,0.0,0.6,0,0.8,0.1,3,3,0.4,0.6,0,0.08261000000000052,0.07330000000000052,0.09201500000000049,0.075,0.007610000000000519,9.020562075079397e-16
retry,retry-016,repair_no_exclusion,naive_trust,30,1000,5.0,1.0,0.6,0.05,0.3,3,0.1,6.0,0.25,0,0.2,5.0,0,0,0.0,0.6,0,0.8,0.1,3,3,0.4,0.6,0,-0.24368999999999796,-0.2579949999999981,-0.22921999999999781,,,
retry,retry-016,verify_and_retry,always_verify,30,1000,5.0,1.0,0.6,0.05,0.3,3,0.1,6.0,0.25,0,0.2,5.0,0,0,0.0,0.6,0,0.8,0.1,3,3,0.4,0.6,0,0.08261000000000045,0.07330000000000048,0.09201500000000044,0.075,0.00761000000000045,7.91033905045424e-16
retry,retry-017,repair_no_exclusion,naive_trust,30,1000,5.0,1.0,1.5,0.05,0.3,3,0.1,6.0,0.25,0,0.2,5.0,0,0,0.0,0.6,0,0.8,0.1,3,3,0.4,0.6,0,-0.6581399999999988,-0.6817799999999988,-0.6347399999999987,,,
retry,retry-017,verify_and_retry,always_verify,30,1000,5.0,1.0,1.5,0.05,0.3,3,0.1,6.0,0.25,0,0.2,5.0,0,0,0.0,0.6,0,0.8,0.1,3,3,0.4,0.6,0,0.08261000000000038,0.07330000000000036,0.09201500000000035,0.075,0.00761000000000038,6.522560269672795e-16
retry,retry-018,repair_no_exclusion,naive_trust,30,1000,5.0,1.0,0.01,0.05,0.3,5,0.1,6.0,0.05,0,0.2,5.0,0,0,0.0,0.6,0,0.8,0.1,3,3,0.4,0.6,0,-0.09449149999999935,-0.0983244999999994,-0.09060599999999934,,,
retry,retry-018,verify_and_retry,always_verify,30,1000,5.0,1.0,0.01,0.05,0.3,5,0.1,6.0,0.05,0,0.2,5.0,0,0,0.0,0.6,0,0.8,0.1,3,3,0.4,0.6,0,-0.04207499999999988,-0.04591499999999993,-0.03819999999999986,-0.045,0.002925000000000115,5.48172618408671e-16
retry,retry-019,repair_no_exclusion,naive_trust,30,1000,5.0,1.0,0.6,0.05,0.3,5,0.1,6.0,0.05,0,0.2,5.0,0,0,0.0,0.6,0,0.8,0.1,3,3,0.4,0.6,0,-0.2370649999999987,-0.24334999999999876,-0.23097999999999885,,,
retry,retry-019,verify_and_retry,always_verify,30,1000,5.0,1.0,0.6,0.05,0.3,5,0.1,6.0,0.05,0,0.2,5.0,0,0,0.0,0.6,0,0.8,0.1,3,3,0.4,0.6,0,-0.04207499999999993,-0.04591499999999997,-0.03819999999999988,-0.045,0.0029250000000000664,4.926614671774132e-16
retry,retry-020,repair_no_exclusion,naive_trust,30,1000,5.0,1.0,1.5,0.05,0.3,5,0.1,6.0,0.05,0,0.2,5.0,0,0,0.0,0.6,0,0.8,0.1,3,3,0.4,0.6,0,-0.45454999999999934,-0.4661399999999992,-0.4434299999999993,,,
retry,retry-020,verify_and_retry,always_verify,30,1000,5.0,1.0,1.5,0.05,0.3,5,0.1,6.0,0.05,0,0.2,5.0,0,0,0.0,0.6,0,0.8,0.1,3,3,0.4,0.6,0,-0.04207499999999988,-0.04591499999999986,-0.03819999999999994,-0.045,0.002925000000000115,5.412337245047638e-16
retry,retry-021,repair_no_exclusion,naive_trust,30,1000,5.0,1.0,0.01,0.05,0.3,5,0.1,6.0,0.25,0,0.2,5.0,0,0,0.0,0.6,0,0.8,0.1,3,3,0.4,0.6,0,-0.27939499999999884,-0.29020999999999886,-0.2687609999999988,,,
retry,retry-021,verify_and_retry,always_verify,30,1000,5.0,1.0,0.01,0.05,0.3,5,0.1,6.0,0.25,0,0.2,5.0,0,0,0.0,0.6,0,0.8,0.1,3,3,0.4,0.6,0,-0.22478999999999952,-0.23555499999999957,-0.21417999999999954,-0.22499999999999998,0.00021000000000045982,8.881784197001252e-16
retry,retry-022,repair_no_exclusion,naive_trust,30,1000,5.0,1.0,0.6,0.05,0.3,5,0.1,6.0,0.25,0,0.2,5.0,0,0,0.0,0.6,0,0.8,0.1,3,3,0.4,0.6,0,-0.551089999999998,-0.5654199999999981,-0.5363099999999975,,,
retry,retry-022,verify_and_retry,always_verify,30,1000,5.0,1.0,0.6,0.05,0.3,5,0.1,6.0,0.25,0,0.2,5.0,0,0,0.0,0.6,0,0.8,0.1,3,3,0.4,0.6,0,-0.22478999999999955,-0.23555499999999946,-0.21417999999999954,-0.22499999999999998,0.00021000000000043206,7.216449660063518e-16
retry,retry-023,repair_no_exclusion,naive_trust,30,1000,5.0,1.0,1.5,0.05,0.3,5,0.1,6.0,0.25,0,0.2,5.0,0,0,0.0,0.6,0,0.8,0.1,3,3,0.4,0.6,0,-0.965539999999999,-0.9883799999999988,-0.9422049999999988,,,
retry,retry-023,verify_and_retry,always_verify,30,1000,5.0,1.0,1.5,0.05,0.3,5,0.1,6.0,0.25,0,0.2,5.0,0,0,0.0,0.6,0,0.8,0.1,3,3,0.4,0.6,0,-0.22478999999999966,-0.23555499999999965,-0.21417999999999968,-0.22499999999999998,0.00021000000000032104,6.106226635438361e-16
retry,retry-024,repair_no_exclusion,naive_trust,30,1000,5.0,1.0,0.01,0.05,0.3,0.2,0.1,6.0,0.05,0,0.2,5.0,0,0,0.0,0.95,0,0.8,0.1,3,3,0.4,0.6,0,0.11660900000000074,0.10520350000000078,0.12877500000000064,,,
retry,retry-024,verify_and_retry,always_verify,30,1000,5.0,1.0,0.01,0.05,0.3,0.2,0.1,6.0,0.05,0,0.2,5.0,0,0,0.0,0.95,0,0.8,0.1,3,3,0.4,0.6,0,0.1686850000000001,0.15727000000000016,0.18082000000000006,0.1655,0.0031850000000001044,5.828670879282072e-16
retry,retry-025,repair_no_exclusion,naive_trust,30,1000,5.0,1.0,0.6,0.05,0.3,0.2,0.1,6.0,0.05,0,0.2,5.0,0,0,0.0,0.95,0,0.8,0.1,3,3,0.4,0.6,0,-0.005874999999998809,-0.019569999999998776,0.007970000000001165,,,
retry,retry-025,verify_and_retry,always_verify,30,1000,5.0,1.0,0.6,0.05,0.3,0.2,0.1,6.0,0.05,0,0.2,5.0,0,0,0.0,0.95,0,0.8,0.1,3,3,0.4,0.6,0,0.168685,0.15727000000000002,0.18081999999999998,0.1655,0.0031849999999999934,2.498001805406602e-16
retry,retry-026,repair_no_exclusion,naive_trust,30,1000,5.0,1.0,1.5,0.05,0.3,0.2,0.1,6.0,0.05,0,0.2,5.0,0,0,0.0,0.95,0,0.8,0.1,3,3,0.4,0.6,0,-0.19271499999999933,-0.21061499999999925,-0.17482499999999937,,,
retry,retry-026,verify_and_retry,always_verify,30,1000,5.0,1.0,1.5,0.05,0.3,0.2,0.1,6.0,0.05,0,0.2,5.0,0,0,0.0,0.95,0,0.8,0.1,3,3,0.4,0.6,0,0.16868500000000006,0.15727000000000013,0.18082,0.1655,0.003185000000000049,3.885780586188048e-16
retry,retry-027,repair_no_exclusion,naive_trust,30,1000,5.0,1.0,0.01,0.05,0.3,0.2,0.1,6.0,0.25,0,0.2,5.0,0,0,0.0,0.95,0,0.8,0.1,3,3,0.4,0.6,0,0.7922175000000011,0.7752290000000011,0.8100925000000011,,,
retry,retry-027,verify_and_retry,always_verify,30,1000,5.0,1.0,0.01,0.05,0.3,0.2,0.1,6.0,0.25,0,0.2,5.0,0,0,0.0,0.95,0,0.8,0.1,3,3,0.4,0.6,0,0.8453900000000003,0.8284450000000003,0.8632350000000002,0.8275,0.017890000000000295,5.551115123125783e-16
retry,retry-028,repair_no_exclusion,naive_trust,30,1000,5.0,1.0,0.6,0.05,0.3,0.2,0.1,6.0,0.25,0,0.2,5.0,0,0,0.0,0.95,0,0.8,0.1,3,3,0.4,0.6,0,0.605040000000002,0.5861150000000019,0.625260000000002,,,
retry,retry-028,verify_and_retry,always_verify,30,1000,5.0,1.0,0.6,0.05,0.3,0.2,0.1,6.0,0.25,0,0.2,5.0,0,0,0.0,0.95,0,0.8,0.1,3,3,0.4,0.6,0,0.8453900000000003,0.8284450000000003,0.8632350000000002,0.8275,0.017890000000000295,5.551115123125783e-16
retry,retry-029,repair_no_exclusion,naive_trust,30,1000,5.0,1.0,1.5,0.05,0.3,0.2,0.1,6.0,0.25,0,0.2,5.0,0,0,0.0,0.95,0,0.8,0.1,3,3,0.4,0.6,0,0.3195150000000009,0.29697000000000084,0.3442150000000009,,,
retry,retry-029,verify_and_retry,always_verify,30,1000,5.0,1.0,1.5,0.05,0.3,0.2,0.1,6.0,0.25,0,0.2,5.0,0,0,0.0,0.95,0,0.8,0.1,3,3,0.4,0.6,0,0.8453900000000003,0.8284450000000003,0.8632350000000004,0.8275,0.017890000000000295,7.771561172376096e-16
retry,retry-030,repair_no_exclusion,naive_trust,30,1000,5.0,1.0,0.01,0.05,0.3,1,0.1,6.0,0.05,0,0.2,5.0,0,0,0.0,0.95,0,0.8,0.1,3,3,0.4,0.6,0,0.07864900000000066,0.0686850000000007,0.08924700000000066,,,
retry,retry-030,verify_and_retry,always_verify,30,1000,5.0,1.0,0.01,0.05,0.3,1,0.1,6.0,0.05,0,0.2,5.0,0,0,0.0,0.95,0,0.8,0.1,3,3,0.4,0.6,0,0.13072500000000012,0.12074500000000014,0.1413250000000001,0.1275,0.0032250000000001167,5.134781488891349e-16
retry,retry-031,repair_no_exclusion,naive_trust,30,1000,5.0,1.0,0.6,0.05,0.3,1,0.1,6.0,0.05,0,0.2,5.0,0,0,0.0,0.95,0,0.8,0.1,3,3,0.4,0.6,0,-0.04383499999999889,-0.05636999999999881,-0.031194999999998974,,,
retry,retry-031,verify_and_retry,always_verify,30,1000,5.0,1.0,0.6,0.05,0.3,1,0.1,6.0,0.05,0,0.2,5.0,0,0,0.0,0.95,0,0.8,0.1,3,3,0.4,0.6,0,0.13072500000000015,0.12074500000000007,0.14132500000000012,0.1275,0.0032250000000001444,5.273559366969494e-16
retry,retry-032,repair_no_exclusion,naive_trust,30,1000,5.0,1.0,1.5,0.05,0.3,1,0.1,6.0,0.05,0,0.2,5.0,0,0,0.0,0.95,0,0.8,0.1,3,3,0.4,0.6,0,-0.2306749999999993,-0.2476749999999992,-0.21391499999999927,,,
retry,retry-032,verify_and_retry,always_verify,30,1000,5.0,1.0,1.5,0.05,0.3,1,0.1,6.0,0.05,0,0.2,5.0,0,0,0.0,0.95,0,0.8,0.1,3,3,0.4,0.6,0,0.13072500000000004,0.12074500000000007,0.1413250000000001,0.1275,0.0032250000000000334,4.0245584642661925e-16
retry,retry-033,repair_no_exclusion,naive_trust,30,1000,5.0,1.0,0.01,0.05,0.3,1,0.1,6.0,0.25,0,0.2,5.0,0,0,0.0,0.95,0,0.8,0.1,3,3,0.4,0.6,0,0.5989375000000012,0.5844405000000011,0.6143930000000013,,,
retry,retry-033,verify_and_retry,always_verify,30,1000,5.0,1.0,0.01,0.05,0.3,1,0.1,6.0,0.25,0,0.2,5.0,0,0,0.0,0.95,0,0.8,0.1,3,3,0.4,0.6,0,0.6521100000000005,0.6376700000000005,0.6675200000000007,0.6375,0.014610000000000567,9.992007221626409e-16
retry,retry-034,repair_no_exclusion,naive_trust,30,1000,5.0,1.0,0.6,0.05,0.3,1,0.1,6.0,0.25,0,0.2,5.0,0,0,0.0,0.95,0,0.8,0.1,3,3,0.4,0.6,0,0.41176000000000224,0.3949800000000021,0.42957500000000215,,,
retry,retry-034,verify_and_retry,always_verify,30,1000,5.0,1.0,0.6,0.05,0.3,1,0.1,6.0,0.25,0,0.2,5.0,0,0,0.0,0.95,0,0.8,0.1,3,3,0.4,0.6,0,0.6521100000000004,0.6376700000000004,0.6675200000000004,0.6375,0.014610000000000456,6.661338147750939e-16
retry,retry-035,repair_no_exclusion,naive_trust,30,1000,5.0,1.0,1.5,0.05,0.3,1,0.1,6.0,0.25,0,0.2,5.0,0,0,0.0,0.95,0,0.8,0.1,3,3,0.4,0.6,0,0.1262350000000011,0.10497500000000104,0.14939500000000108,,,
retry,retry-035,verify_and_retry,always_verify,30,1000,5.0,1.0,1.5,0.05,0.3,1,0.1,6.0,0.25,0,0.2,5.0,0,0,0.0,0.95,0,0.8,0.1,3,3,0.4,0.6,0,0.6521100000000003,0.6376700000000003,0.6675200000000003,0.6375,0.014610000000000345,5.551115123125783e-16
retry,retry-036,repair_no_exclusion,naive_trust,30,1000,5.0,1.0,0.01,0.05,0.3,3,0.1,6.0,0.05,0,0.2,5.0,0,0,0.0,0.95,0,0.8,0.1,3,3,0.4,0.6,0,-0.016250999999999283,-0.023141999999999264,-0.0089784999999992,,,
retry,retry-036,verify_and_retry,always_verify,30,1000,5.0,1.0,0.01,0.05,0.3,3,0.1,6.0,0.05,0,0.2,5.0,0,0,0.0,0.95,0,0.8,0.1,3,3,0.4,0.6,0,0.03582500000000015,0.029000000000000158,0.04306500000000009,0.032499999999999994,0.0033250000000001542,6.626643678231403e-16
retry,retry-037,repair_no_exclusion,naive_trust,30,1000,5.0,1.0,0.6,0.05,0.3,3,0.1,6.0,0.05,0,0.2,5.0,0,0,0.0,0.95,0,0.8,0.1,3,3,0.4,0.6,0,-0.13873499999999886,-0.1487399999999989,-0.12903999999999896,,,
retry,retry-037,verify_and_retry,always_verify,30,1000,5.0,1.0,0.6,0.05,0.3,3,0.1,6.0,0.05,0,0.2,5.0,0,0,0.0,0.95,0,0.8,0.1,3,3,0.4,0.6,0,0.03582500000000013,0.02900000000000009,0.04306500000000013,0.032499999999999994,0.0033250000000001334,3.95516952522712e-16
retry,retry-038,repair_no_exclusion,naive_trust,30,1000,5.0,1.0,1.5,0.05,0.3,3,0.1,6.0,0.05,0,0.2,5.0,0,0,0.0,0.95,0,0.8,0.1,3,3,0.4,0.6,0,-0.3255749999999993,-0.3406399999999993,-0.31137499999999935,,,
retry,retry-038,verify_and_retry,always_verify,30,1000,5.0,1.0,1.5,0.05,0.3,3,0.1,6.0,0.05,0,0.2,5.0,0,0,0.0,0.95,0,0.8,0.1,3,3,0.4,0.6,0,0.03582500000000004,0.02900000000000009,0.04306499999999998,0.032499999999999994,0.003325000000000043,5.793976409762536e-16
retry,retry-039,repair_no_exclusion,naive_trust,30,1000,5.0,1.0,0.01,0.05,0.3,3,0.1,6.0,0.25,0,0.2,5.0,0,0,0.0,0.95,0,0.8,0.1,3,3,0.4,0.6,0,0.11573750000000113,0.10470850000000123,0.12675350000000116,,,
retry,retry-039,verify_and_retry,always_verify,30,1000,5.0,1.0,0.01,0.05,0.3,3,0.1,6.0,0.25,0,0.2,5.0,0,0,0.0,0.95,0,0.8,0.1,3,3,0.4,0.6,0,0.16891000000000053,0.15795000000000062,0.17988500000000057,0.16249999999999998,0.006410000000000554,9.992007221626409e-16
retry,retry-040,repair_no_exclusion,naive_trust,30,1000,5.0,1.0,0.6,0.05,0.3,3,0.1,6.0,0.25,0,0.2,5.0,0,0,0.0,0.95,0,0.8,0.1,3,3,0.4,0.6,0,-0.07143999999999777,-0.08556499999999774,-0.05603499999999799,,,
retry,retry-040,verify_and_retry,always_verify,30,1000,5.0,1.0,0.6,0.05,0.3,3,0.1,6.0,0.25,0,0.2,5.0,0,0,0.0,0.95,0,0.8,0.1,3,3,0.4,0.6,0,0.16891000000000045,0.15795000000000045,0.1798850000000005,0.16249999999999998,0.006410000000000471,7.216449660063518e-16
retry,retry-041,repair_no_exclusion,naive_trust,30,1000,5.0,1.0,1.5,0.05,0.3,3,0.1,6.0,0.25,0,0.2,5.0,0,0,0.0,0.95,0,0.8,0.1,3,3,0.4,0.6,0,-0.356964999999999,-0.37664999999999893,-0.334624999999999,,,
retry,retry-041,verify_and_retry,always_verify,30,1000,5.0,1.0,1.5,0.05,0.3,3,0.1,6.0,0.25,0,0.2,5.0,0,0,0.0,0.95,0,0.8,0.1,3,3,0.4,0.6,0,0.16891000000000034,0.15795000000000034,0.17988500000000027,0.16249999999999998,0.00641000000000036,5.551115123125783e-16
retry,retry-042,repair_no_exclusion,naive_trust,30,1000,5.0,1.0,0.01,0.05,0.3,5,0.1,6.0,0.05,0,0.2,5.0,0,0,0.0,0.95,0,0.8,0.1,3,3,0.4,0.6,0,-0.11115099999999933,-0.11693399999999932,-0.10548099999999934,,,
retry,retry-042,verify_and_retry,always_verify,30,1000,5.0,1.0,0.01,0.05,0.3,5,0.1,6.0,0.05,0,0.2,5.0,0,0,0.0,0.95,0,0.8,0.1,3,3,0.4,0.6,0,-0.05907499999999986,-0.06482499999999988,-0.05345999999999993,-0.0625,0.003425000000000143,5.828670879282072e-16
retry,retry-043,repair_no_exclusion,naive_trust,30,1000,5.0,1.0,0.6,0.05,0.3,5,0.1,6.0,0.05,0,0.2,5.0,0,0,0.0,0.95,0,0.8,0.1,3,3,0.4,0.6,0,-0.23363499999999887,-0.2424499999999988,-0.22515499999999894,,,
retry,retry-043,verify_and_retry,always_verify,30,1000,5.0,1.0,0.6,0.05,0.3,5,0.1,6.0,0.05,0,0.2,5.0,0,0,0.0,0.95,0,0.8,0.1,3,3,0.4,0.6,0,-0.0590749999999999,-0.06482499999999991,-0.05345999999999997,-0.0625,0.0034250000000001016,4.163336342344337e-16
retry,retry-044,repair_no_exclusion,naive_trust,30,1000,5.0,1.0,1.5,0.05,0.3,5,0.1,6.0,0.05,0,0.2,5.0,0,0,0.0,0.95,0,0.8,0.1,3,3,0.4,0.6,0,-0.42047499999999927,-0.43469999999999914,-0.4070749999999994,,,
retry,retry-044,verify_and_retry,always_verify,30,1000,5.0,1.0,1.5,0.05,0.3,5,0.1,6.0,0.05,0,0.2,5.0,0,0,0.0,0.95,0,0.8,0.1,3,3,0.4,0.6,0,-0.0590749999999999,-0.06482499999999995,-0.05345999999999982,-0.0625,0.0034250000000001016,5.412337245047638e-16
retry,retry-045,repair_no_exclusion,naive_trust,30,1000,5.0,1.0,0.01,0.05,0.3,5,0.1,6.0,0.25,0,0.2,5.0,0,0,0.0,0.95,0,0.8,0.1,3,3,0.4,0.6,0,-0.36746249999999886,-0.380330999999999,-0.35354199999999897,,,
retry,retry-045,verify_and_retry,always_verify,30,1000,5.0,1.0,0.01,0.05,0.3,5,0.1,6.0,0.25,0,0.2,5.0,0,0,0.0,0.95,0,0.8,0.1,3,3,0.4,0.6,0,-0.31428999999999946,-0.3270749999999995,-0.3004499999999995,-0.3125,-0.0017899999999994587,1.1102230246251565e-15
retry,retry-046,repair_no_exclusion,naive_trust,30,1000,5.0,1.0,0.6,0.05,0.3,5,0.1,6.0,0.25,0,0.2,5.0,0,0,0.0,0.95,0,0.8,0.1,3,3,0.4,0.6,0,-0.5546399999999978,-0.5707949999999977,-0.5374399999999979,,,
retry,retry-046,verify_and_retry,always_verify,30,1000,5.0,1.0,0.6,0.05,0.3,5,0.1,6.0,0.25,0,0.2,5.0,0,0,0.0,0.95,0,0.8,0.1,3,3,0.4,0.6,0,-0.3142899999999995,-0.3270749999999995,-0.30044999999999955,-0.3125,-0.0017899999999995142,6.106226635438361e-16
retry,retry-047,repair_no_exclusion,naive_trust,30,1000,5.0,1.0,1.5,0.05,0.3,5,0.1,6.0,0.25,0,0.2,5.0,0,0,0.0,0.95,0,0.8,0.1,3,3,0.4,0.6,0,-0.8401649999999989,-0.8617799999999989,-0.8167899999999989,,,
retry,retry-047,verify_and_retry,always_verify,30,1000,5.0,1.0,1.5,0.05,0.3,5,0.1,6.0,0.25,0,0.2,5.0,0,0,0.0,0.95,0,0.8,0.1,3,3,0.4,0.6,0,-0.3142899999999996,-0.3270749999999996,-0.3004499999999996,-0.3125,-0.0017899999999996252,6.106226635438361e-16
retry,retry-048,repair_no_exclusion,naive_trust,30,1000,5.0,1.0,0.01,0.05,0.3,0.2,0.1,6.0,0.05,0,0.2,5.0,0,0,0.0,0.6,0.01,0.8,0.1,3,3,0.4,0.6,0,0.03933400000000069,0.026975500000000662,0.051705500000000584,,,
retry,retry-048,verify_and_retry,always_verify,30,1000,5.0,1.0,0.01,0.05,0.3,0.2,0.1,6.0,0.05,0,0.2,5.0,0,0,0.0,0.6,0.01,0.8,0.1,3,3,0.4,0.6,0,0.10015000000000016,0.08907500000000017,0.1114150000000002,0.09800999999999999,0.0021400000000001695,4.0245584642661925e-16
retry,retry-049,repair_no_exclusion,naive_trust,30,1000,5.0,1.0,0.6,0.05,0.3,0.2,0.1,6.0,0.05,0,0.2,5.0,0,0,0.0,0.6,0.01,0.8,0.1,3,3,0.4,0.6,0,-0.10556999999999864,-0.12143999999999858,-0.08995999999999875,,,
retry,retry-049,verify_and_retry,always_verify,30,1000,5.0,1.0,0.6,0.05,0.3,0.2,0.1,6.0,0.05,0,0.2,5.0,0,0,0.0,0.6,0.01,0.8,0.1,3,3,0.4,0.6,0,0.1001500000000001,0.08907499999999999,0.11141500000000018,0.09800999999999999,0.002140000000000114,4.163336342344337e-16
retry,retry-050,repair_no_exclusion,naive_trust,30,1000,5.0,1.0,1.5,0.05,0.3,0.2,0.1,6.0,0.05,0,0.2,5.0,0,0,0.0,0.6,0.01,0.8,0.1,3,3,0.4,0.6,0,-0.3266099999999993,-0.34829999999999933,-0.3057749999999993,,,
retry,retry-050,verify_and_retry,always_verify,30,1000,5.0,1.0,1.5,0.05,0.3,0.2,0.1,6.0,0.05,0,0.2,5.0,0,0,0.0,0.6,0.01,0.8,0.1,3,3,0.4,0.6,0,0.10014999999999996,0.08907499999999995,0.11141499999999996,0.09800999999999999,0.0021399999999999753,3.469446951953614e-16
retry,retry-051,repair_no_exclusion,naive_trust,30,1000,5.0,1.0,0.01,0.05,0.3,0.2,0.1,6.0,0.25,0,0.2,5.0,0,0,0.0,0.6,0.01,0.8,0.1,3,3,0.4,0.6,0,0.4434020000000012,0.4253315000000012,0.461004000000001,,,
retry,retry-051,verify_and_retry,always_verify,30,1000,5.0,1.0,0.01,0.05,0.3,0.2,0.1,6.0,0.25,0,0.2,5.0,0,0,0.0,0.6,0.01,0.8,0.1,3,3,0.4,0.6,0,0.5073950000000006,0.49035500000000065,0.5236500000000006,0.49004999999999993,0.017345000000000665,8.881784197001252e-16
retry,retry-052,repair_no_exclusion,naive_trust,30,1000,5.0,1.0,0.6,0.05,0.3,0.2,0.1,6.0,0.25,0,0.2,5.0,0,0,0.0,0.6,0.01,0.8,0.1,3,3,0.4,0.6,0,0.168580000000002,0.14689000000000188,0.19122500000000223,,,
retry,retry-052,verify_and_retry,always_verify,30,1000,5.0,1.0,0.6,0.05,0.3,0.2,0.1,6.0,0.25,0,0.2,5.0,0,0,0.0,0.6,0.01,0.8,0.1,3,3,0.4,0.6,0,0.5073950000000006,0.49035500000000065,0.5236500000000006,0.49004999999999993,0.017345000000000665,9.992007221626409e-16
retry,retry-053,repair_no_exclusion,naive_trust,30,1000,5.0,1.0,1.5,0.05,0.3,0.2,0.1,6.0,0.25,0,0.2,5.0,0,0,0.0,0.6,0.01,0.8,0.1,3,3,0.4,0.6,0,-0.25063999999999886,-0.2804949999999987,-0.22090499999999888,,,
retry,retry-053,verify_and_retry,always_verify,30,1000,5.0,1.0,1.5,0.05,0.3,0.2,0.1,6.0,0.25,0,0.2,5.0,0,0,0.0,0.6,0.01,0.8,0.1,3,3,0.4,0.6,0,0.5073950000000004,0.49035500000000043,0.5236500000000004,0.49004999999999993,0.017345000000000443,6.661338147750939e-16
retry,retry-054,repair_no_exclusion,naive_trust,30,1000,5.0,1.0,0.01,0.05,0.3,1,0.1,6.0,0.05,0,0.2,5.0,0,0,0.0,0.6,0.01,0.8,0.1,3,3,0.4,0.6,0,0.015534000000000759,0.00453550000000078,0.026459000000000676,,,
retry,retry-054,verify_and_retry,always_verify,30,1000,5.0,1.0,0.01,0.05,0.3,1,0.1,6.0,0.05,0,0.2,5.0,0,0,0.0,0.6,0.01,0.8,0.1,3,3,0.4,0.6,0,0.07651000000000015,0.06706500000000018,0.08619500000000017,0.07425,0.0022600000000001508,5.551115123125783e-16
retry,retry-055,repair_no_exclusion,naive_trust,30,1000,5.0,1.0,0.6,0.05,0.3,1,0.1,6.0,0.05,0,0.2,5.0,0,0,0.0,0.6,0.01,0.8,0.1,3,3,0.4,0.6,0,-0.1293699999999986,-0.1437499999999986,-0.11519999999999868,,,
retry,retry-055,verify_and_retry,always_verify,30,1000,5.0,1.0,0.6,0.05,0.3,1,0.1,6.0,0.05,0,0.2,5.0,0,0,0.0,0.6,0.01,0.8,0.1,3,3,0.4,0.6,0,0.07651000000000012,0.06706500000000018,0.08619500000000009,0.07425,0.002260000000000123,5.551115123125783e-16
retry,retry-056,repair_no_exclusion,naive_trust,30,1000,5.0,1.0,1.5,0.05,0.3,1,0.1,6.0,0.05,0,0.2,5.0,0,0,0.0,0.6,0.01,0.8,0.1,3,3,0.4,0.6,0,-0.35040999999999933,-0.37100499999999925,-0.3306449999999993,,,
retry,retry-056,verify_and_retry,always_verify,30,1000,5.0,1.0,1.5,0.05,0.3,1,0.1,6.0,0.05,0,0.2,5.0,0,0,0.0,0.6,0.01,0.8,0.1,3,3,0.4,0.6,0,0.07651,0.067065,0.08619499999999994,0.07425,0.002259999999999998,4.3021142204224816e-16
retry,retry-057,repair_no_exclusion,naive_trust,30,1000,5.0,1.0,0.01,0.05,0.3,1,0.1,6.0,0.25,0,0.2,5.0,0,0,0.0,0.6,0.01,0.8,0.1,3,3,0.4,0.6,0,0.32112200000000113,0.30597800000000125,0.3361970000000012,,,
retry,retry-057,verify_and_retry,always_verify,30,1000,5.0,1.0,0.01,0.05,0.3,1,0.1,6.0,0.25,0,0.2,5.0,0,0,0.0,0.6,0.01,0.8,0.1,3,3,0.4,0.6,0,0.38571500000000053,0.37168500000000054,0.3997350000000006,0.37124999999999997,0.01446500000000056,8.881784197001252e-16
retry,retry-058,repair_no_exclusion,naive_trust,30,1000,5.0,1.0,0.6,0.05,0.3,1,0.1,6.0,0.25,0,0.2,5.0,0,0,0.0,0.6,0.01,0.8,0.1,3,3,0.4,0.6,0,0.046300000000001916,0.026985000000001723,0.06634500000000214,,,
retry,retry-058,verify_and_retry,always_verify,30,1000,5.0,1.0,0.6,0.05,0.3,1,0.1,6.0,0.25,0,0.2,5.0,0,0,0.0,0.6,0.01,0.8,0.1,3,3,0.4,0.6,0,0.38571500000000036,0.3716850000000003,0.39973500000000034,0.37124999999999997,0.014465000000000394,8.881784197001252e-16
retry,retry-059,repair_no_exclusion,naive_trust,30,1000,5.0,1.0,1.5,0.05,0.3,1,0.1,6.0,0.25,0,0.2,5.0,0,0,0.0,0.6,0.01,0.8,0.1,3,3,0.4,0.6,0,-0.3729199999999988,-0.40060999999999874,-0.34484499999999885,,,
retry,retry-059,verify_and_retry,always_verify,30,1000,5.0,1.0,1.5,0.05,0.3,1,0.1,6.0,0.25,0,0.2,5.0,0,0,0.0,0.6,0.01,0.8,0.1,3,3,0.4,0.6,0,0.38571500000000036,0.3716850000000003,0.39973500000000034,0.37124999999999997,0.014465000000000394,4.440892098500626e-16
retry,retry-060,repair_no_exclusion,naive_trust,30,1000,5.0,1.0,0.01,0.05,0.3,3,0.1,6.0,0.05,0,0.2,5.0,0,0,0.0,0.6,0.01,0.8,0.1,3,3,0.4,0.6,0,-0.04396599999999926,-0.05147449999999922,-0.03641449999999928,,,
retry,retry-060,verify_and_retry,always_verify,30,1000,5.0,1.0,0.01,0.05,0.3,3,0.1,6.0,0.05,0,0.2,5.0,0,0,0.0,0.6,0.01,0.8,0.1,3,3,0.4,0.6,0,0.017410000000000127,0.011480000000000134,0.023515000000000154,0.01485,0.0025600000000001264,4.544975507059235e-16
retry,retry-061,repair_no_exclusion,naive_trust,30,1000,5.0,1.0,0.6,0.05,0.3,3,0.1,6.0,0.05,0,0.2,5.0,0,0,0.0,0.6,0.01,0.8,0.1,3,3,0.4,0.6,0,-0.1888699999999986,-0.2000699999999985,-0.17797499999999855,,,
retry,retry-061,verify_and_retry,always_verify,30,1000,5.0,1.0,0.6,0.05,0.3,3,0.1,6.0,0.05,0,0.2,5.0,0,0,0.0,0.6,0.01,0.8,0.1,3,3,0.4,0.6,0,0.017410000000000057,0.011480000000000112,0.023515000000000064,0.01485,0.002560000000000057,4.440892098500626e-16
retry,retry-062,repair_no_exclusion,naive_trust,30,1000,5.0,1.0,1.5,0.05,0.3,3,0.1,6.0,0.05,0,0.2,5.0,0,0,0.0,0.6,0.01,0.8,0.1,3,3,0.4,0.6,0,-0.4099099999999993,-0.42740499999999926,-0.3934399999999993,,,
retry,retry-062,verify_and_retry,always_verify,30,1000,5.0,1.0,1.5,0.05,0.3,3,0.1,6.0,0.05,0,0.2,5.0,0,0,0.0,0.6,0.01,0.8,0.1,3,3,0.4,0.6,0,0.017410000000000057,0.011480000000000157,0.023514999999999953,0.01485,0.002560000000000057,4.718447854656915e-16
retry,retry-063,repair_no_exclusion,naive_trust,30,1000,5.0,1.0,0.01,0.05,0.3,3,0.1,6.0,0.25,0,0.2,5.0,0,0,0.0,0.6,0.01,0.8,0.1,3,3,0.4,0.6,0,0.01542200000000118,0.004857500000001092,0.026379000000001172,,,
retry,retry-063,verify_and_retry,always_verify,30,1000,5.0,1.0,0.01,0.05,0.3,3,0.1,6.0,0.25,0,0.2,5.0,0,0,0.0,0.6,0.01,0.8,0.1,3,3,0.4,0.6,0,0.08151500000000056,0.0721400000000006,0.09062000000000063,0.07425,0.007265000000000563,8.465450562766819e-16
retry,retry-064,repair_no_exclusion,naive_trust,30,1000,5.0,1.0,0.6,0.05,0.3,3,0.1,6.0,0.25,0,0.2,5.0,0,0,0.0,0.6,0.01,0.8,0.1,3,3,0.4,0.6,0,-0.2593999999999981,-0.2753199999999982,-0.24393499999999801,,,
retry,retry-064,verify_and_retry,always_verify,30,1000,5.0,1.0,0.6,0.05,0.3,3,0.1,6.0,0.25,0,0.2,5.0,0,0,0.0,0.6,0.01,0.8,0.1,3,3,0.4,0.6,0,0.08151500000000049,0.07214000000000043,0.09062000000000037,0.07425,0.007265000000000493,9.853229343548264e-16
retry,retry-065,repair_no_exclusion,naive_trust,30,1000,5.0,1.0,1.5,0.05,0.3,3,0.1,6.0,0.25,0,0.2,5.0,0,0,0.0,0.6,0.01,0.8,0.1,3,3,0.4,0.6,0,-0.6786199999999989,-0.7040449999999989,-0.6531299999999989,,,
retry,retry-065,verify_and_retry,always_verify,30,1000,5.0,1.0,1.5,0.05,0.3,3,0.1,6.0,0.25,0,0.2,5.0,0,0,0.0,0.6,0.01,0.8,0.1,3,3,0.4,0.6,0,0.08151500000000034,0.07214000000000034,0.09062000000000034,0.07425,0.007265000000000341,4.3021142204224816e-16
retry,retry-066,repair_no_exclusion,naive_trust,30,1000,5.0,1.0,0.01,0.05,0.3,5,0.1,6.0,0.05,0,0.2,5.0,0,0,0.0,0.6,0.01,0.8,0.1,3,3,0.4,0.6,0,-0.10346599999999931,-0.10870949999999932,-0.09843099999999927,,,
retry,retry-066,verify_and_retry,always_verify,30,1000,5.0,1.0,0.01,0.05,0.3,5,0.1,6.0,0.05,0,0.2,5.0,0,0,0.0,0.6,0.01,0.8,0.1,3,3,0.4,0.6,0,-0.04168999999999985,-0.04555999999999991,-0.03791499999999981,-0.04455,0.002860000000000147,6.245004513516506e-16
retry,retry-067,repair_no_exclusion,naive_trust,30,1000,5.0,1.0,0.6,0.05,0.3,5,0.1,6.0,0.05,0,0.2,5.0,0,0,0.0,0.6,0.01,0.8,0.1,3,3,0.4,0.6,0,-0.24836999999999865,-0.25703499999999857,-0.24037499999999862,,,
retry,retry-067,verify_and_retry,always_verify,30,1000,5.0,1.0,0.6,0.05,0.3,5,0.1,6.0,0.05,0,0.2,5.0,0,0,0.0,0.6,0.01,0.8,0.1,3,3,0.4,0.6,0,-0.041689999999999894,-0.045559999999999934,-0.03791499999999992,-0.04455,0.0028600000000001055,5.967448757360216e-16
retry,retry-068,repair_no_exclusion,naive_trust,30,1000,5.0,1.0,1.5,0.05,0.3,5,0.1,6.0,0.05,0,0.2,5.0,0,0,0.0,0.6,0.01,0.8,0.1,3,3,0.4,0.6,0,-0.4694099999999993,-0.48454499999999906,-0.45539999999999925,,,
retry,retry-068,verify_and_retry,always_verify,30,1000,5.0,1.0,1.5,0.05,0.3,5,0.1,6.0,0.05,0,0.2,5.0,0,0,0.0,0.6,0.01,0.8,0.1,3,3,0.4,0.6,0,-0.041689999999999984,-0.045559999999999864,-0.03791500000000001,-0.04455,0.0028600000000000153,4.718447854656915e-16
retry,retry-069,repair_no_exclusion,naive_trust,30,1000,5.0,1.0,0.01,0.05,0.3,5,0.1,6.0,0.25,0,0.2,5.0,0,0,0.0,0.6,0.01,0.8,0.1,3,3,0.4,0.6,0,-0.2902779999999989,-0.30161399999999894,-0.2788464999999989,,,
retry,retry-069,verify_and_retry,always_verify,30,1000,5.0,1.0,0.01,0.05,0.3,5,0.1,6.0,0.25,0,0.2,5.0,0,0,0.0,0.6,0.01,0.8,0.1,3,3,0.4,0.6,0,-0.22268499999999944,-0.23320999999999942,-0.21207999999999944,-0.22274999999999998,6.500000000053685e-05,1.0269562977782698e-15
retry,retry-070,repair_no_exclusion,naive_trust,30,1000,5.0,1.0,0.6,0.05,0.3,5,0.1,6.0,0.25,0,0.2,5.0,0,0,0.0,0.6,0.01,0.8,0.1,3,3,0.4,0.6,0,-0.565099999999998,-0.5805349999999982,-0.5490649999999977,,,
retry,retry-070,verify_and_retry,always_verify,30,1000,5.0,1.0,0.6,0.05,0.3,5,0.1,6.0,0.25,0,0.2,5.0,0,0,0.0,0.6,0.01,0.8,0.1,3,3,0.4,0.6,0,-0.22268499999999952,-0.23320999999999953,-0.21207999999999952,-0.22274999999999998,6.500000000045358e-05,7.216449660063518e-16
retry,retry-071,repair_no_exclusion,naive_trust,30,1000,5.0,1.0,1.5,0.05,0.3,5,0.1,6.0,0.25,0,0.2,5.0,0,0,0.0,0.6,0.01,0.8,0.1,3,3,0.4,0.6,0,-0.9843199999999989,-1.0092149999999989,-0.9596699999999989,,,
retry,retry-071,verify_and_retry,always_verify,30,1000,5.0,1.0,1.5,0.05,0.3,5,0.1,6.0,0.25,0,0.2,5.0,0,0,0.0,0.6,0.01,0.8,0.1,3,3,0.4,0.6,0,-0.22268499999999963,-0.23320999999999964,-0.21207999999999966,-0.22274999999999998,6.500000000034256e-05,5.273559366969494e-16
retry,retry-072,repair_no_exclusion,naive_trust,30,1000,5.0,1.0,0.01,0.05,0.3,0.2,0.1,6.0,0.05,0,0.2,5.0,0,0,0.0,0.95,0.01,0.8,0.1,3,3,0.4,0.6,0,0.10859650000000068,0.09555850000000068,0.12216300000000066,,,
retry,retry-072,verify_and_retry,always_verify,30,1000,5.0,1.0,0.01,0.05,0.3,0.2,0.1,6.0,0.05,0,0.2,5.0,0,0,0.0,0.95,0.01,0.8,0.1,3,3,0.4,0.6,0,0.16691000000000014,0.15520000000000014,0.1792450000000002,0.16384500000000002,0.003065000000000123,4.718447854656915e-16
retry,retry-073,repair_no_exclusion,naive_trust,30,1000,5.0,1.0,0.6,0.05,0.3,0.2,0.1,6.0,0.05,0,0.2,5.0,0,0,0.0,0.95,0.01,0.8,0.1,3,3,0.4,0.6,0,-0.016099999999998848,-0.03200499999999875,-9.999999999901198e-05,,,
retry,retry-073,verify_and_retry,always_verify,30,1000,5.0,1.0,0.6,0.05,0.3,0.2,0.1,6.0,0.05,0,0.2,5.0,0,0,0.0,0.95,0.01,0.8,0.1,3,3,0.4,0.6,0,0.16691000000000009,0.1552000000000001,0.17924500000000007,0.16384500000000002,0.0030650000000000677,6.106226635438361e-16
retry,retry-074,repair_no_exclusion,naive_trust,30,1000,5.0,1.0,1.5,0.05,0.3,0.2,0.1,6.0,0.05,0,0.2,5.0,0,0,0.0,0.95,0.01,0.8,0.1,3,3,0.4,0.6,0,-0.2063149999999993,-0.22817499999999927,-0.18559999999999932,,,
retry,retry-074,verify_and_retry,always_verify,30,1000,5.0,1.0,1.5,0.05,0.3,0.2,0.1,6.0,0.05,0,0.2,5.0,0,0,0.0,0.95,0.01,0.8,0.1,3,3,0.4,0.6,0,0.16691,0.15520000000000003,0.17924500000000002,0.16384500000000002,0.0030649999999999844,4.163336342344337e-16
retry,retry-075,repair_no_exclusion,naive_trust,30,1000,5.0,1.0,0.01,0.05,0.3,0.2,0.1,6.0,0.25,0,0.2,5.0,0,0,0.0,0.95,0.01,0.8,0.1,3,3,0.4,0.6,0,0.7816040000000011,0.763748500000001,0.8002250000000011,,,
retry,retry-075,verify_and_retry,always_verify,30,1000,5.0,1.0,0.01,0.05,0.3,0.2,0.1,6.0,0.25,0,0.2,5.0,0,0,0.0,0.95,0.01,0.8,0.1,3,3,0.4,0.6,0,0.8355350000000004,0.8175500000000003,0.8542500000000004,0.819225,0.01631000000000038,5.551115123125783e-16
retry,retry-076,repair_no_exclusion,naive_trust,30,1000,5.0,1.0,0.6,0.05,0.3,0.2,0.1,6.0,0.25,0,0.2,5.0,0,0,0.0,0.95,0.01,0.8,0.1,3,3,0.4,0.6,0,0.591860000000002,0.5714950000000021,0.612490000000002,,,
retry,retry-076,verify_and_retry,always_verify,30,1000,5.0,1.0,0.6,0.05,0.3,0.2,0.1,6.0,0.25,0,0.2,5.0,0,0,0.0,0.95,0.01,0.8,0.1,3,3,0.4,0.6,0,0.8355350000000004,0.8175500000000003,0.8542500000000004,0.819225,0.01631000000000038,6.661338147750939e-16
retry,retry-077,repair_no_exclusion,naive_trust,30,1000,5.0,1.0,1.5,0.05,0.3,0.2,0.1,6.0,0.25,0,0.2,5.0,0,0,0.0,0.95,0.01,0.8,0.1,3,3,0.4,0.6,0,0.30242000000000085,0.2781650000000009,0.3285500000000009,,,
retry,retry-077,verify_and_retry,always_verify,30,1000,5.0,1.0,1.5,0.05,0.3,0.2,0.1,6.0,0.25,0,0.2,5.0,0,0,0.0,0.95,0.01,0.8,0.1,3,3,0.4,0.6,0,0.8355350000000001,0.8175500000000001,0.8542500000000002,0.819225,0.016310000000000158,4.440892098500626e-16
retry,retry-078,repair_no_exclusion,naive_trust,30,1000,5.0,1.0,0.01,0.05,0.3,1,0.1,6.0,0.05,0,0.2,5.0,0,0,0.0,0.95,0.01,0.8,0.1,3,3,0.4,0.6,0,0.07067650000000066,0.059087500000000626,0.08284500000000064,,,
retry,retry-078,verify_and_retry,always_verify,30,1000,5.0,1.0,0.01,0.05,0.3,1,0.1,6.0,0.05,0,0.2,5.0,0,0,0.0,0.95,0.01,0.8,0.1,3,3,0.4,0.6,0,0.1293100000000002,0.11922500000000022,0.14001000000000013,0.126225,0.0030850000000001987,5.273559366969494e-16
retry,retry-079,repair_no_exclusion,naive_trust,30,1000,5.0,1.0,0.6,0.05,0.3,1,0.1,6.0,0.05,0,0.2,5.0,0,0,0.0,0.95,0.01,0.8,0.1,3,3,0.4,0.6,0,-0.05401999999999887,-0.06886999999999888,-0.03937999999999888,,,
retry,retry-079,verify_and_retry,always_verify,30,1000,5.0,1.0,0.6,0.05,0.3,1,0.1,6.0,0.05,0,0.2,5.0,0,0,0.0,0.95,0.01,0.8,0.1,3,3,0.4,0.6,0,0.12931000000000012,0.11922500000000016,0.14001000000000002,0.126225,0.0030850000000001154,5.273559366969494e-16
retry,retry-080,repair_no_exclusion,naive_trust,30,1000,5.0,1.0,1.5,0.05,0.3,1,0.1,6.0,0.05,0,0.2,5.0,0,0,0.0,0.95,0.01,0.8,0.1,3,3,0.4,0.6,0,-0.2442349999999993,-0.2654299999999993,-0.2249199999999993,,,
retry,retry-080,verify_and_retry,always_verify,30,1000,5.0,1.0,1.5,0.05,0.3,1,0.1,6.0,0.05,0,0.2,5.0,0,0,0.0,0.95,0.01,0.8,0.1,3,3,0.4,0.6,0,0.12931,0.119225,0.14001000000000013,0.126225,0.0030850000000000044,4.0245584642661925e-16
retry,retry-081,repair_no_exclusion,naive_trust,30,1000,5.0,1.0,0.01,0.05,0.3,1,0.1,6.0,0.25,0,0.2,5.0,0,0,0.0,0.95,0.01,0.8,0.1,3,3,0.4,0.6,0,0.5890440000000011,0.5731880000000011,0.6049175000000011,,,
retry,retry-081,verify_and_retry,always_verify,30,1000,5.0,1.0,0.01,0.05,0.3,1,0.1,6.0,0.25,0,0.2,5.0,0,0,0.0,0.95,0.01,0.8,0.1,3,3,0.4,0.6,0,0.6444150000000006,0.6288900000000006,0.6603150000000007,0.6311249999999999,0.01329000000000069,9.992007221626409e-16
retry,retry-082,repair_no_exclusion,naive_trust,30,1000,5.0,1.0,0.6,0.05,0.3,1,0.1,6.0,0.25,0,0.2,5.0,0,0,0.0,0.95,0.01,0.8,0.1,3,3,0.4,0.6,0,0.39930000000000226,0.38149500000000225,0.41801500000000225,,,
retry,retry-082,verify_and_retry,always_verify,30,1000,5.0,1.0,0.6,0.05,0.3,1,0.1,6.0,0.25,0,0.2,5.0,0,0,0.0,0.95,0.01,0.8,0.1,3,3,0.4,0.6,0,0.6444150000000004,0.6288900000000004,0.6603150000000004,0.6311249999999999,0.013290000000000468,9.992007221626409e-16
retry,retry-083,repair_no_exclusion,naive_trust,30,1000,5.0,1.0,1.5,0.05,0.3,1,0.1,6.0,0.25,0,0.2,5.0,0,0,0.0,0.95,0.01,0.8,0.1,3,3,0.4,0.6,0,0.10986000000000115,0.08711500000000125,0.13467000000000112,,,
retry,retry-083,verify_and_retry,always_verify,30,1000,5.0,1.0,1.5,0.05,0.3,1,0.1,6.0,0.25,0,0.2,5.0,0,0,0.0,0.95,0.01,0.8,0.1,3,3,0.4,0.6,0,0.6444150000000003,0.6288900000000004,0.6603150000000003,0.6311249999999999,0.013290000000000357,4.440892098500626e-16
retry,retry-084,repair_no_exclusion,naive_trust,30,1000,5.0,1.0,0.01,0.05,0.3,3,0.1,6.0,0.05,0,0.2,5.0,0,0,0.0,0.95,0.01,0.8,0.1,3,3,0.4,0.6,0,-0.0241234999999993,-0.03333099999999931,-0.015254499999999283,,,
retry,retry-084,verify_and_retry,always_verify,30,1000,5.0,1.0,0.01,0.05,0.3,3,0.1,6.0,0.05,0,0.2,5.0,0,0,0.0,0.95,0.01,0.8,0.1,3,3,0.4,0.6,0,0.03531000000000013,0.028525000000000023,0.042460000000000095,0.032174999999999995,0.0031350000000001377,6.106226635438361e-16
retry,retry-085,repair_no_exclusion,naive_trust,30,1000,5.0,1.0,0.6,0.05,0.3,3,0.1,6.0,0.05,0,0.2,5.0,0,0,0.0,0.95,0.01,0.8,0.1,3,3,0.4,0.6,0,-0.14881999999999881,-0.16150499999999876,-0.13709999999999894,,,
retry,retry-085,verify_and_retry,always_verify,30,1000,5.0,1.0,0.6,0.05,0.3,3,0.1,6.0,0.05,0,0.2,5.0,0,0,0.0,0.95,0.01,0.8,0.1,3,3,0.4,0.6,0,0.035310000000000064,0.028525000000000002,0.04245999999999996,0.032174999999999995,0.0031350000000000683,3.608224830031759e-16
retry,retry-086,repair_no_exclusion,naive_trust,30,1000,5.0,1.0,1.5,0.05,0.3,3,0.1,6.0,0.05,0,0.2,5.0,0,0,0.0,0.95,0.01,0.8,0.1,3,3,0.4,0.6,0,-0.33903499999999925,-0.35851999999999923,-0.32175499999999946,,,
retry,retry-086,verify_and_retry,always_verify,30,1000,5.0,1.0,1.5,0.05,0.3,3,0.1,6.0,0.05,0,0.2,5.0,0,0,0.0,0.95,0.01,0.8,0.1,3,3,0.4,0.6,0,0.03531000000000002,0.028525000000000002,0.04246000000000001,0.032174999999999995,0.0031350000000000267,5.967448757360216e-16
retry,retry-087,repair_no_exclusion,naive_trust,30,1000,5.0,1.0,0.01,0.05,0.3,3,0.1,6.0,0.25,0,0.2,5.0,0,0,0.0,0.95,0.01,0.8,0.1,3,3,0.4,0.6,0,0.10764400000000114,0.0957550000000011,0.12001600000000112,,,
retry,retry-087,verify_and_retry,always_verify,30,1000,5.0,1.0,0.01,0.05,0.3,3,0.1,6.0,0.25,0,0.2,5.0,0,0,0.0,0.95,0.01,0.8,0.1,3,3,0.4,0.6,0,0.16661500000000057,0.1551950000000005,0.17814500000000058,0.160875,0.005740000000000578,8.881784197001252e-16
retry,retry-088,repair_no_exclusion,naive_trust,30,1000,5.0,1.0,0.6,0.05,0.3,3,0.1,6.0,0.25,0,0.2,5.0,0,0,0.0,0.95,0.01,0.8,0.1,3,3,0.4,0.6,0,-0.0820999999999977,-0.09723999999999766,-0.06589499999999773,,,
retry,retry-088,verify_and_retry,always_verify,30,1000,5.0,1.0,0.6,0.05,0.3,3,0.1,6.0,0.25,0,0.2,5.0,0,0,0.0,0.95,0.01,0.8,0.1,3,3,0.4,0.6,0,0.16661500000000043,0.15519500000000036,0.17814500000000044,0.160875,0.005740000000000439,9.43689570931383e-16
retry,retry-089,repair_no_exclusion,naive_trust,30,1000,5.0,1.0,1.5,0.05,0.3,3,0.1,6.0,0.25,0,0.2,5.0,0,0,0.0,0.95,0.01,0.8,0.1,3,3,0.4,0.6,0,-0.3715399999999989,-0.392729999999999,-0.34819499999999887,,,
retry,retry-089,verify_and_retry,always_verify,30,1000,5.0,1.0,1.5,0.05,0.3,3,0.1,6.0,0.25,0,0.2,5.0,0,0,0.0,0.95,0.01,0.8,0.1,3,3,0.4,0.6,0,0.16661500000000035,0.15519500000000036,0.17814500000000033,0.160875,0.005740000000000356,5.273559366969494e-16
retry,retry-090,repair_no_exclusion,naive_trust,30,1000,5.0,1.0,0.01,0.05,0.3,5,0.1,6.0,0.05,0,0.2,5.0,0,0,0.0,0.95,0.01,0.8,0.1,3,3,0.4,0.6,0,-0.11892349999999927,-0.12663099999999936,-0.11162899999999928,,,
retry,retry-090,verify_and_retry,always_verify,30,1000,5.0,1.0,0.01,0.05,0.3,5,0.1,6.0,0.05,0,0.2,5.0,0,0,0.0,0.95,0.01,0.8,0.1,3,3,0.4,0.6,0,-0.05868999999999984,-0.0643949999999999,-0.05308999999999993,-0.061875,0.00318500000000016,6.522560269672795e-16
retry,retry-091,repair_no_exclusion,naive_trust,30,1000,5.0,1.0,0.6,0.05,0.3,5,0.1,6.0,0.05,0,0.2,5.0,0,0,0.0,0.95,0.01,0.8,0.1,3,3,0.4,0.6,0,-0.2436199999999989,-0.2554399999999987,-0.2331649999999989,,,
retry,retry-091,verify_and_retry,always_verify,30,1000,5.0,1.0,0.6,0.05,0.3,5,0.1,6.0,0.05,0,0.2,5.0,0,0,0.0,0.95,0.01,0.8,0.1,3,3,0.4,0.6,0,-0.05868999999999987,-0.06439499999999991,-0.05308999999999993,-0.061875,0.003185000000000132,6.522560269672795e-16
retry,retry-092,repair_no_exclusion,naive_trust,30,1000,5.0,1.0,1.5,0.05,0.3,5,0.1,6.0,0.05,0,0.2,5.0,0,0,0.0,0.95,0.01,0.8,0.1,3,3,0.4,0.6,0,-0.4338349999999992,-0.4518599999999993,-0.4174099999999992,,,
retry,retry-092,verify_and_retry,always_verify,30,1000,5.0,1.0,1.5,0.05,0.3,5,0.1,6.0,0.05,0,0.2,5.0,0,0,0.0,0.95,0.01,0.8,0.1,3,3,0.4,0.6,0,-0.05869,-0.06439499999999995,-0.05308999999999993,-0.061875,0.0031850000000000003,5.273559366969494e-16
retry,retry-093,repair_no_exclusion,naive_trust,30,1000,5.0,1.0,0.01,0.05,0.3,5,0.1,6.0,0.25,0,0.2,5.0,0,0,0.0,0.95,0.01,0.8,0.1,3,3,0.4,0.6,0,-0.3737559999999989,-0.3880494999999988,-0.3592229999999989,,,
retry,retry-093,verify_and_retry,always_verify,30,1000,5.0,1.0,0.01,0.05,0.3,5,0.1,6.0,0.25,0,0.2,5.0,0,0,0.0,0.95,0.01,0.8,0.1,3,3,0.4,0.6,0,-0.3111849999999995,-0.3241749999999994,-0.2975149999999995,-0.309375,-0.0018099999999994787,9.43689570931383e-16
retry,retry-094,repair_no_exclusion,naive_trust,30,1000,5.0,1.0,0.6,0.05,0.3,5,0.1,6.0,0.25,0,0.2,5.0,0,0,0.0,0.95,0.01,0.8,0.1,3,3,0.4,0.6,0,-0.5634999999999978,-0.5805199999999978,-0.5455499999999978,,,
retry,retry-094,verify_and_retry,always_verify,30,1000,5.0,1.0,0.6,0.05,0.3,5,0.1,6.0,0.25,0,0.2,5.0,0,0,0.0,0.95,0.01,0.8,0.1,3,3,0.4,0.6,0,-0.3111849999999995,-0.3241749999999995,-0.2975149999999995,-0.309375,-0.0018099999999994787,7.216449660063518e-16
retry,retry-095,repair_no_exclusion,naive_trust,30,1000,5.0,1.0,1.5,0.05,0.3,5,0.1,6.0,0.25,0,0.2,5.0,0,0,0.0,0.95,0.01,0.8,0.1,3,3,0.4,0.6,0,-0.8529399999999988,-0.875439999999999,-0.8286599999999987,,,
retry,retry-095,verify_and_retry,always_verify,30,1000,5.0,1.0,1.5,0.05,0.3,5,0.1,6.0,0.25,0,0.2,5.0,0,0,0.0,0.95,0.01,0.8,0.1,3,3,0.4,0.6,0,-0.31118499999999966,-0.3241749999999997,-0.29751499999999964,-0.309375,-0.0018099999999996452,5.551115123125783e-16
retry,retry-096,repair_no_exclusion,naive_trust,30,1000,5.0,1.0,0.01,0.05,0.3,0.2,0.1,6.0,0.05,0,0.2,5.0,0,0,0.0,0.6,0.05,0.8,0.1,3,3,0.4,0.6,0,-0.0031484999999993545,-0.018231499999999335,0.012747500000000666,,,
retry,retry-096,verify_and_retry,always_verify,30,1000,5.0,1.0,0.01,0.05,0.3,0.2,0.1,6.0,0.05,0,0.2,5.0,0,0,0.0,0.6,0.05,0.8,0.1,3,3,0.4,0.6,0,0.09601000000000018,0.08585000000000007,0.10648000000000013,0.09405,0.001960000000000184,6.938893903907228e-16
retry,retry-097,repair_no_exclusion,naive_trust,30,1000,5.0,1.0,0.6,0.05,0.3,0.2,0.1,6.0,0.05,0,0.2,5.0,0,0,0.0,0.6,0.05,0.8,0.1,3,3,0.4,0.6,0,-0.15911499999999845,-0.17772999999999828,-0.13946499999999865,,,
retry,retry-097,verify_and_retry,always_verify,30,1000,5.0,1.0,0.6,0.05,0.3,0.2,0.1,6.0,0.05,0,0.2,5.0,0,0,0.0,0.6,0.05,0.8,0.1,3,3,0.4,0.6,0,0.09601000000000004,0.08584999999999998,0.10648000000000006,0.09405,0.001960000000000045,5.134781488891349e-16
retry,retry-098,repair_no_exclusion,naive_trust,30,1000,5.0,1.0,1.5,0.05,0.3,0.2,0.1,6.0,0.05,0,0.2,5.0,0,0,0.0,0.6,0.05,0.8,0.1,3,3,0.4,0.6,0,-0.3970299999999993,-0.42260499999999934,-0.3717999999999993,,,
retry,retry-098,verify_and_retry,always_verify,30,1000,5.0,1.0,1.5,0.05,0.3,0.2,0.1,6.0,0.05,0,0.2,5.0,0,0,0.0,0.6,0.05,0.8,0.1,3,3,0.4,0.6,0,0.09600999999999997,0.08585000000000012,0.10647999999999999,0.09405,0.0019599999999999757,5.134781488891349e-16
retry,retry-099,repair_no_exclusion,naive_trust,30,1000,5.0,1.0,0.01,0.05,0.3,0.2,0.1,6.0,0.25,0,0.2,5.0,0,0,0.0,0.6,0.05,0.8,0.1,3,3,0.4,0.6,0,0.37911950000000116,0.36101650000000113,0.3979750000000011,,,
retry,retry-099,verify_and_retry,always_verify,30,1000,5.0,1.0,0.01,0.05,0.3,0.2,0.1,6.0,0.25,0,0.2,5.0,0,0,0.0,0.6,0.05,0.8,0.1,3,3,0.4,0.6,0,0.48752500000000054,0.4721800000000006,0.5027700000000006,0.47024999999999995,0.017275000000000595,8.881784197001252e-16
retry,retry-100,repair_no_exclusion,naive_trust,30,1000,5.0,1.0,0.6,0.05,0.3,0.2,0.1,6.0,0.25,0,0.2,5.0,0,0,0.0,0.6,0.05,0.8,0.1,3,3,0.4,0.6,0,0.08999000000000146,0.06767000000000141,0.11448000000000158,,,
retry,retry-100,verify_and_retry,always_verify,30,1000,5.0,1.0,0.6,0.05,0.3,0.2,0.1,6.0,0.25,0,0.2,5.0,0,0,0.0,0.6,0.05,0.8,0.1,3,3,0.4,0.6,0,0.4875250000000005,0.47218000000000054,0.5027700000000005,0.47024999999999995,0.01727500000000054,7.216449660063518e-16
retry,retry-101,repair_no_exclusion,naive_trust,30,1000,5.0,1.0,1.5,0.05,0.3,0.2,0.1,6.0,0.25,0,0.2,5.0,0,0,0.0,0.6,0.05,0.8,0.1,3,3,0.4,0.6,0,-0.3510549999999988,-0.38357499999999883,-0.31776999999999883,,,
retry,retry-101,verify_and_retry,always_verify,30,1000,5.0,1.0,1.5,0.05,0.3,0.2,0.1,6.0,0.25,0,0.2,5.0,0,0,0.0,0.6,0.05,0.8,0.1,3,3,0.4,0.6,0,0.4875250000000005,0.4721800000000004,0.5027700000000005,0.47024999999999995,0.01727500000000054,6.661338147750939e-16
retry,retry-102,repair_no_exclusion,naive_trust,30,1000,5.0,1.0,0.01,0.05,0.3,1,0.1,6.0,0.05,0,0.2,5.0,0,0,0.0,0.6,0.05,0.8,0.1,3,3,0.4,0.6,0,-0.026748499999999353,-0.04058949999999935,-0.01229949999999933,,,
retry,retry-102,verify_and_retry,always_verify,30,1000,5.0,1.0,0.01,0.05,0.3,1,0.1,6.0,0.05,0,0.2,5.0,0,0,0.0,0.6,0.05,0.8,0.1,3,3,0.4,0.6,0,0.07341000000000017,0.06455500000000025,0.08253000000000021,0.07125,0.0021600000000001757,5.204170427930421e-16
retry,retry-103,repair_no_exclusion,naive_trust,30,1000,5.0,1.0,0.6,0.05,0.3,1,0.1,6.0,0.05,0,0.2,5.0,0,0,0.0,0.6,0.05,0.8,0.1,3,3,0.4,0.6,0,-0.18271499999999852,-0.20015499999999845,-0.16438499999999862,,,
retry,retry-103,verify_and_retry,always_verify,30,1000,5.0,1.0,0.6,0.05,0.3,1,0.1,6.0,0.05,0,0.2,5.0,0,0,0.0,0.6,0.05,0.8,0.1,3,3,0.4,0.6,0,0.07341000000000004,0.0645550000000001,0.08253000000000002,0.07125,0.0021600000000000508,5.204170427930421e-16
retry,retry-104,repair_no_exclusion,naive_trust,30,1000,5.0,1.0,1.5,0.05,0.3,1,0.1,6.0,0.05,0,0.2,5.0,0,0,0.0,0.6,0.05,0.8,0.1,3,3,0.4,0.6,0,-0.4206299999999993,-0.4448799999999992,-0.39636499999999925,,,
retry,retry-104,verify_and_retry,always_verify,30,1000,5.0,1.0,1.5,0.05,0.3,1,0.1,6.0,0.05,0,0.2,5.0,0,0,0.0,0.6,0.05,0.8,0.1,3,3,0.4,0.6,0,0.07341000000000004,0.06455499999999995,0.08253000000000003,0.07125,0.0021600000000000508,5.551115123125783e-16
retry,retry-105,repair_no_exclusion,naive_trust,30,1000,5.0,1.0,0.01,0.05,0.3,1,0.1,6.0,0.25,0,0.2,5.0,0,0,0.0,0.6,0.05,0.8,0.1,3,3,0.4,0.6,0,0.25915950000000126,0.2435950000000012,0.2761955000000013,,,
retry,retry-105,verify_and_retry,always_verify,30,1000,5.0,1.0,0.01,0.05,0.3,1,0.1,6.0,0.25,0,0.2,5.0,0,0,0.0,0.6,0.05,0.8,0.1,3,3,0.4,0.6,0,0.3707250000000005,0.35808000000000045,0.3837650000000005,0.35624999999999996,0.01447500000000057,7.216449660063518e-16
retry,retry-106,repair_no_exclusion,naive_trust,30,1000,5.0,1.0,0.6,0.05,0.3,1,0.1,6.0,0.25,0,0.2,5.0,0,0,0.0,0.6,0.05,0.8,0.1,3,3,0.4,0.6,0,-0.02996999999999872,-0.05063499999999903,-0.007474999999998411,,,
retry,retry-106,verify_and_retry,always_verify,30,1000,5.0,1.0,0.6,0.05,0.3,1,0.1,6.0,0.25,0,0.2,5.0,0,0,0.0,0.6,0.05,0.8,0.1,3,3,0.4,0.6,0,0.37072500000000047,0.35808000000000045,0.38376500000000047,0.35624999999999996,0.014475000000000515,7.771561172376096e-16
retry,retry-107,repair_no_exclusion,naive_trust,30,1000,5.0,1.0,1.5,0.05,0.3,1,0.1,6.0,0.25,0,0.2,5.0,0,0,0.0,0.6,0.05,0.8,0.1,3,3,0.4,0.6,0,-0.4710149999999989,-0.502024999999999,-0.43918499999999894,,,
retry,retry-107,verify_and_retry,always_verify,30,1000,5.0,1.0,1.5,0.05,0.3,1,0.1,6.0,0.25,0,0.2,5.0,0,0,0.0,0.6,0.05,0.8,0.1,3,3,0.4,0.6,0,0.37072500000000036,0.3580800000000004,0.38376500000000036,0.35624999999999996,0.014475000000000404,5.551115123125783e-16
retry,retry-108,repair_no_exclusion,naive_trust,30,1000,5.0,1.0,0.01,0.05,0.3,3,0.1,6.0,0.05,0,0.2,5.0,0,0,0.0,0.6,0.05,0.8,0.1,3,3,0.4,0.6,0,-0.08574849999999934,-0.09650949999999939,-0.07489949999999927,,,
retry,retry-108,verify_and_retry,always_verify,30,1000,5.0,1.0,0.01,0.05,0.3,3,0.1,6.0,0.05,0,0.2,5.0,0,0,0.0,0.6,0.05,0.8,0.1,3,3,0.4,0.6,0,0.016910000000000137,0.010905000000000165,0.022825000000000074,0.014249999999999999,0.002660000000000138,6.175615574477433e-16
retry,retry-109,repair_no_exclusion,naive_trust,30,1000,5.0,1.0,0.6,0.05,0.3,3,0.1,6.0,0.05,0,0.2,5.0,0,0,0.0,0.6,0.05,0.8,0.1,3,3,0.4,0.6,0,-0.2417149999999985,-0.2565149999999983,-0.2270999999999986,,,
retry,retry-109,verify_and_retry,always_verify,30,1000,5.0,1.0,0.6,0.05,0.3,3,0.1,6.0,0.05,0,0.2,5.0,0,0,0.0,0.6,0.05,0.8,0.1,3,3,0.4,0.6,0,0.016910000000000026,0.010905000000000054,0.022824999999999963,0.014249999999999999,0.002660000000000027,3.712308238590367e-16
retry,retry-110,repair_no_exclusion,naive_trust,30,1000,5.0,1.0,1.5,0.05,0.3,3,0.1,6.0,0.05,0,0.2,5.0,0,0,0.0,0.6,0.05,0.8,0.1,3,3,0.4,0.6,0,-0.47962999999999917,-0.5010899999999993,-0.4587149999999992,,,
retry,retry-110,verify_and_retry,always_verify,30,1000,5.0,1.0,1.5,0.05,0.3,3,0.1,6.0,0.05,0,0.2,5.0,0,0,0.0,0.6,0.05,0.8,0.1,3,3,0.4,0.6,0,0.016910000000000026,0.010904999999999988,0.02282500000000003,0.014249999999999999,0.002660000000000027,4.996003610813204e-16
retry,retry-111,repair_no_exclusion,naive_trust,30,1000,5.0,1.0,0.01,0.05,0.3,3,0.1,6.0,0.25,0,0.2,5.0,0,0,0.0,0.6,0.05,0.8,0.1,3,3,0.4,0.6,0,-0.04074049999999887,-0.05344199999999901,-0.02711199999999887,,,
retry,retry-111,verify_and_retry,always_verify,30,1000,5.0,1.0,0.01,0.05,0.3,3,0.1,6.0,0.25,0,0.2,5.0,0,0,0.0,0.6,0.05,0.8,0.1,3,3,0.4,0.6,0,0.07872500000000053,0.06958000000000053,0.08790000000000062,0.07125,0.007475000000000537,9.992007221626409e-16
retry,retry-112,repair_no_exclusion,naive_trust,30,1000,5.0,1.0,0.6,0.05,0.3,3,0.1,6.0,0.25,0,0.2,5.0,0,0,0.0,0.6,0.05,0.8,0.1,3,3,0.4,0.6,0,-0.32986999999999866,-0.34787999999999897,-0.31043999999999844,,,
retry,retry-112,verify_and_retry,always_verify,30,1000,5.0,1.0,0.6,0.05,0.3,3,0.1,6.0,0.25,0,0.2,5.0,0,0,0.0,0.6,0.05,0.8,0.1,3,3,0.4,0.6,0,0.07872500000000046,0.06958000000000047,0.08790000000000046,0.07125,0.007475000000000467,6.800116025829084e-16
retry,retry-113,repair_no_exclusion,naive_trust,30,1000,5.0,1.0,1.5,0.05,0.3,3,0.1,6.0,0.25,0,0.2,5.0,0,0,0.0,0.6,0.05,0.8,0.1,3,3,0.4,0.6,0,-0.7709149999999989,-0.7985699999999989,-0.7409349999999989,,,
retry,retry-113,verify_and_retry,always_verify,30,1000,5.0,1.0,1.5,0.05,0.3,3,0.1,6.0,0.25,0,0.2,5.0,0,0,0.0,0.6,0.05,0.8,0.1,3,3,0.4,0.6,0,0.07872500000000035,0.06958000000000034,0.08790000000000033,0.07125,0.007475000000000356,5.551115123125783e-16
retry,retry-114,repair_no_exclusion,naive_trust,30,1000,5.0,1.0,0.01,0.05,0.3,5,0.1,6.0,0.05,0,0.2,5.0,0,0,0.0,0.6,0.05,0.8,0.1,3,3,0.4,0.6,0,-0.1447484999999992,-0.1536159999999992,-0.13625349999999922,,,
retry,retry-114,verify_and_retry,always_verify,30,1000,5.0,1.0,0.01,0.05,0.3,5,0.1,6.0,0.05,0,0.2,5.0,0,0,0.0,0.6,0.05,0.8,0.1,3,3,0.4,0.6,0,-0.039589999999999834,-0.04359999999999984,-0.03564499999999984,-0.042749999999999996,0.0031600000000001627,4.85722573273506e-16
retry,retry-115,repair_no_exclusion,naive_trust,30,1000,5.0,1.0,0.6,0.05,0.3,5,0.1,6.0,0.05,0,0.2,5.0,0,0,0.0,0.6,0.05,0.8,0.1,3,3,0.4,0.6,0,-0.3007149999999985,-0.3136299999999984,-0.2887349999999985,,,
retry,retry-115,verify_and_retry,always_verify,30,1000,5.0,1.0,0.6,0.05,0.3,5,0.1,6.0,0.05,0,0.2,5.0,0,0,0.0,0.6,0.05,0.8,0.1,3,3,0.4,0.6,0,-0.039589999999999924,-0.0435999999999999,-0.03564499999999995,-0.042749999999999996,0.0031600000000000725,4.85722573273506e-16
retry,retry-116,repair_no_exclusion,naive_trust,30,1000,5.0,1.0,1.5,0.05,0.3,5,0.1,6.0,0.05,0,0.2,5.0,0,0,0.0,0.6,0.05,0.8,0.1,3,3,0.4,0.6,0,-0.5386299999999993,-0.5585149999999992,-0.5204399999999992,,,
retry,retry-116,verify_and_retry,always_verify,30,1000,5.0,1.0,1.5,0.05,0.3,5,0.1,6.0,0.05,0,0.2,5.0,0,0,0.0,0.6,0.05,0.8,0.1,3,3,0.4,0.6,0,-0.03959000000000003,-0.04360000000000003,-0.035645,-0.042749999999999996,0.0031599999999999684,4.163336342344337e-16
retry,retry-117,repair_no_exclusion,naive_trust,30,1000,5.0,1.0,0.01,0.05,0.3,5,0.1,6.0,0.25,0,0.2,5.0,0,0,0.0,0.6,0.05,0.8,0.1,3,3,0.4,0.6,0,-0.3406404999999989,-0.3547989999999988,-0.3259334999999989,,,
retry,retry-117,verify_and_retry,always_verify,30,1000,5.0,1.0,0.01,0.05,0.3,5,0.1,6.0,0.25,0,0.2,5.0,0,0,0.0,0.6,0.05,0.8,0.1,3,3,0.4,0.6,0,-0.2132749999999995,-0.22408499999999948,-0.2021999999999995,-0.21374999999999997,0.00047500000000047504,9.159339953157541e-16
retry,retry-118,repair_no_exclusion,naive_trust,30,1000,5.0,1.0,0.6,0.05,0.3,5,0.1,6.0,0.25,0,0.2,5.0,0,0,0.0,0.6,0.05,0.8,0.1,3,3,0.4,0.6,0,-0.6297699999999986,-0.6474949999999989,-0.6097049999999985,,,
retry,retry-118,verify_and_retry,always_verify,30,1000,5.0,1.0,0.6,0.05,0.3,5,0.1,6.0,0.25,0,0.2,5.0,0,0,0.0,0.6,0.05,0.8,0.1,3,3,0.4,0.6,0,-0.21327499999999952,-0.22408499999999948,-0.20219999999999957,-0.21374999999999997,0.0004750000000004473,7.494005416219807e-16
retry,retry-119,repair_no_exclusion,naive_trust,30,1000,5.0,1.0,1.5,0.05,0.3,5,0.1,6.0,0.25,0,0.2,5.0,0,0,0.0,0.6,0.05,0.8,0.1,3,3,0.4,0.6,0,-1.070814999999999,-1.097764999999999,-1.041689999999999,,,
retry,retry-119,verify_and_retry,always_verify,30,1000,5.0,1.0,1.5,0.05,0.3,5,0.1,6.0,0.25,0,0.2,5.0,0,0,0.0,0.6,0.05,0.8,0.1,3,3,0.4,0.6,0,-0.21327499999999958,-0.22408499999999956,-0.20219999999999963,-0.21374999999999997,0.0004750000000003918,6.106226635438361e-16
retry,retry-120,repair_no_exclusion,naive_trust,30,1000,5.0,1.0,0.01,0.05,0.3,0.2,0.1,6.0,0.05,0,0.2,5.0,0,0,0.0,0.95,0.05,0.8,0.1,3,3,0.4,0.6,0,0.07285000000000072,0.057048500000000724,0.08894300000000073,,,
retry,retry-120,verify_and_retry,always_verify,30,1000,5.0,1.0,0.01,0.05,0.3,0.2,0.1,6.0,0.05,0,0.2,5.0,0,0,0.0,0.95,0.05,0.8,0.1,3,3,0.4,0.6,0,0.16041000000000016,0.14921500000000015,0.17229000000000017,0.157225,0.00318500000000016,5.551115123125783e-16
retry,retry-121,repair_no_exclusion,naive_trust,30,1000,5.0,1.0,0.6,0.05,0.3,0.2,0.1,6.0,0.05,0,0.2,5.0,0,0,0.0,0.95,0.05,0.8,0.1,3,3,0.4,0.6,0,-0.061964999999998736,-0.08199499999999875,-0.04227999999999876,,,
retry,retry-121,verify_and_retry,always_verify,30,1000,5.0,1.0,0.6,0.05,0.3,0.2,0.1,6.0,0.05,0,0.2,5.0,0,0,0.0,0.95,0.05,0.8,0.1,3,3,0.4,0.6,0,0.16041,0.14921500000000004,0.17228999999999994,0.157225,0.0031849999999999934,3.3306690738754696e-16
retry,retry-122,repair_no_exclusion,naive_trust,30,1000,5.0,1.0,1.5,0.05,0.3,0.2,0.1,6.0,0.05,0,0.2,5.0,0,0,0.0,0.95,0.05,0.8,0.1,3,3,0.4,0.6,0,-0.26761499999999927,-0.2942349999999993,-0.24205499999999924,,,
retry,retry-122,verify_and_retry,always_verify,30,1000,5.0,1.0,1.5,0.05,0.3,0.2,0.1,6.0,0.05,0,0.2,5.0,0,0,0.0,0.95,0.05,0.8,0.1,3,3,0.4,0.6,0,0.16041000000000002,0.14921500000000004,0.17229,0.157225,0.003185000000000021,4.718447854656915e-16
retry,retry-123,repair_no_exclusion,naive_trust,30,1000,5.0,1.0,0.01,0.05,0.3,0.2,0.1,6.0,0.25,0,0.2,5.0,0,0,0.0,0.95,0.05,0.8,0.1,3,3,0.4,0.6,0,0.7311605000000011,0.7138225000000009,0.7489230000000011,,,
retry,retry-123,verify_and_retry,always_verify,30,1000,5.0,1.0,0.01,0.05,0.3,0.2,0.1,6.0,0.25,0,0.2,5.0,0,0,0.0,0.95,0.05,0.8,0.1,3,3,0.4,0.6,0,0.8033550000000004,0.7871550000000005,0.8205400000000003,0.786125,0.01723000000000041,7.771561172376096e-16
retry,retry-124,repair_no_exclusion,naive_trust,30,1000,5.0,1.0,0.6,0.05,0.3,0.2,0.1,6.0,0.25,0,0.2,5.0,0,0,0.0,0.95,0.05,0.8,0.1,3,3,0.4,0.6,0,0.5282300000000022,0.5087550000000022,0.5494850000000022,,,
retry,retry-124,verify_and_retry,always_verify,30,1000,5.0,1.0,0.6,0.05,0.3,0.2,0.1,6.0,0.25,0,0.2,5.0,0,0,0.0,0.95,0.05,0.8,0.1,3,3,0.4,0.6,0,0.8033550000000004,0.7871550000000005,0.8205400000000003,0.786125,0.01723000000000041,8.881784197001252e-16
retry,retry-125,repair_no_exclusion,naive_trust,30,1000,5.0,1.0,1.5,0.05,0.3,0.2,0.1,6.0,0.25,0,0.2,5.0,0,0,0.0,0.95,0.05,0.8,0.1,3,3,0.4,0.6,0,0.21867500000000079,0.19410500000000083,0.24536000000000077,,,
retry,retry-125,verify_and_retry,always_verify,30,1000,5.0,1.0,1.5,0.05,0.3,0.2,0.1,6.0,0.25,0,0.2,5.0,0,0,0.0,0.95,0.05,0.8,0.1,3,3,0.4,0.6,0,0.8033550000000002,0.787155,0.8205400000000003,0.786125,0.01723000000000019,4.440892098500626e-16
retry,retry-126,repair_no_exclusion,naive_trust,30,1000,5.0,1.0,0.01,0.05,0.3,1,0.1,6.0,0.05,0,0.2,5.0,0,0,0.0,0.95,0.05,0.8,0.1,3,3,0.4,0.6,0,0.0351300000000007,0.020589500000000795,0.049770500000000564,,,
retry,retry-126,verify_and_retry,always_verify,30,1000,5.0,1.0,0.01,0.05,0.3,1,0.1,6.0,0.05,0,0.2,5.0,0,0,0.0,0.95,0.05,0.8,0.1,3,3,0.4,0.6,0,0.1244100000000002,0.11468000000000023,0.13464000000000026,0.121125,0.0032850000000002044,7.216449660063518e-16
retry,retry-127,repair_no_exclusion,naive_trust,30,1000,5.0,1.0,0.6,0.05,0.3,1,0.1,6.0,0.05,0,0.2,5.0,0,0,0.0,0.95,0.05,0.8,0.1,3,3,0.4,0.6,0,-0.09968499999999866,-0.11866499999999865,-0.08101499999999884,,,
retry,retry-127,verify_and_retry,always_verify,30,1000,5.0,1.0,0.6,0.05,0.3,1,0.1,6.0,0.05,0,0.2,5.0,0,0,0.0,0.95,0.05,0.8,0.1,3,3,0.4,0.6,0,0.12441000000000006,0.11468000000000005,0.13464000000000004,0.121125,0.0032850000000000656,4.163336342344337e-16
retry,retry-128,repair_no_exclusion,naive_trust,30,1000,5.0,1.0,1.5,0.05,0.3,1,0.1,6.0,0.05,0,0.2,5.0,0,0,0.0,0.95,0.05,0.8,0.1,3,3,0.4,0.6,0,-0.3053349999999992,-0.3310149999999992,-0.28076999999999924,,,
retry,retry-128,verify_and_retry,always_verify,30,1000,5.0,1.0,1.5,0.05,0.3,1,0.1,6.0,0.05,0,0.2,5.0,0,0,0.0,0.95,0.05,0.8,0.1,3,3,0.4,0.6,0,0.12440999999999999,0.11467999999999996,0.1346399999999999,0.121125,0.0032849999999999963,5.828670879282072e-16
retry,retry-129,repair_no_exclusion,naive_trust,30,1000,5.0,1.0,0.01,0.05,0.3,1,0.1,6.0,0.25,0,0.2,5.0,0,0,0.0,0.95,0.05,0.8,0.1,3,3,0.4,0.6,0,0.5410005000000011,0.5257930000000012,0.5568750000000012,,,
retry,retry-129,verify_and_retry,always_verify,30,1000,5.0,1.0,0.01,0.05,0.3,1,0.1,6.0,0.25,0,0.2,5.0,0,0,0.0,0.95,0.05,0.8,0.1,3,3,0.4,0.6,0,0.6198750000000006,0.6060200000000004,0.6346800000000005,0.605625,0.014250000000000651,8.881784197001252e-16
retry,retry-130,repair_no_exclusion,naive_trust,30,1000,5.0,1.0,0.6,0.05,0.3,1,0.1,6.0,0.25,0,0.2,5.0,0,0,0.0,0.95,0.05,0.8,0.1,3,3,0.4,0.6,0,0.3380700000000023,0.3205350000000025,0.35779500000000225,,,
retry,retry-130,verify_and_retry,always_verify,30,1000,5.0,1.0,0.6,0.05,0.3,1,0.1,6.0,0.25,0,0.2,5.0,0,0,0.0,0.95,0.05,0.8,0.1,3,3,0.4,0.6,0,0.6198750000000005,0.6060200000000004,0.6346800000000005,0.605625,0.01425000000000054,8.881784197001252e-16
retry,retry-131,repair_no_exclusion,naive_trust,30,1000,5.0,1.0,1.5,0.05,0.3,1,0.1,6.0,0.25,0,0.2,5.0,0,0,0.0,0.95,0.05,0.8,0.1,3,3,0.4,0.6,0,0.028515000000001223,0.004865000000001274,0.0539450000000012,,,
retry,retry-131,verify_and_retry,always_verify,30,1000,5.0,1.0,1.5,0.05,0.3,1,0.1,6.0,0.25,0,0.2,5.0,0,0,0.0,0.95,0.05,0.8,0.1,3,3,0.4,0.6,0,0.6198750000000003,0.6060200000000003,0.6346800000000004,0.605625,0.014250000000000318,5.551115123125783e-16
retry,retry-132,repair_no_exclusion,naive_trust,30,1000,5.0,1.0,0.01,0.05,0.3,3,0.1,6.0,0.05,0,0.2,5.0,0,0,0.0,0.95,0.05,0.8,0.1,3,3,0.4,0.6,0,-0.05916999999999928,-0.07123849999999925,-0.04761399999999929,,,
retry,retry-132,verify_and_retry,always_verify,30,1000,5.0,1.0,0.01,0.05,0.3,3,0.1,6.0,0.05,0,0.2,5.0,0,0,0.0,0.95,0.05,0.8,0.1,3,3,0.4,0.6,0,0.034410000000000183,0.02772500000000022,0.04119500000000007,0.030874999999999996,0.0035350000000001873,6.314393452555578e-16
retry,retry-133,repair_no_exclusion,naive_trust,30,1000,5.0,1.0,0.6,0.05,0.3,3,0.1,6.0,0.05,0,0.2,5.0,0,0,0.0,0.95,0.05,0.8,0.1,3,3,0.4,0.6,0,-0.19398499999999871,-0.21098499999999865,-0.17857499999999876,,,
retry,retry-133,verify_and_retry,always_verify,30,1000,5.0,1.0,0.6,0.05,0.3,3,0.1,6.0,0.05,0,0.2,5.0,0,0,0.0,0.95,0.05,0.8,0.1,3,3,0.4,0.6,0,0.03441000000000005,0.027725000000000066,0.04119500000000009,0.030874999999999996,0.0035350000000000555,4.926614671774132e-16
retry,retry-134,repair_no_exclusion,naive_trust,30,1000,5.0,1.0,1.5,0.05,0.3,3,0.1,6.0,0.05,0,0.2,5.0,0,0,0.0,0.95,0.05,0.8,0.1,3,3,0.4,0.6,0,-0.39963499999999924,-0.42342499999999933,-0.37783499999999925,,,
retry,retry-134,verify_and_retry,always_verify,30,1000,5.0,1.0,1.5,0.05,0.3,3,0.1,6.0,0.05,0,0.2,5.0,0,0,0.0,0.95,0.05,0.8,0.1,3,3,0.4,0.6,0,0.03440999999999998,0.02772499999999991,0.04119499999999998,0.030874999999999996,0.003534999999999986,5.030698080332741e-16
retry,retry-135,repair_no_exclusion,naive_trust,30,1000,5.0,1.0,0.01,0.05,0.3,3,0.1,6.0,0.25,0,0.2,5.0,0,0,0.0,0.95,0.05,0.8,0.1,3,3,0.4,0.6,0,0.06560050000000117,0.05325250000000119,0.07886200000000113,,,
retry,retry-135,verify_and_retry,always_verify,30,1000,5.0,1.0,0.01,0.05,0.3,3,0.1,6.0,0.25,0,0.2,5.0,0,0,0.0,0.95,0.05,0.8,0.1,3,3,0.4,0.6,0,0.16117500000000057,0.15025500000000055,0.17231500000000058,0.15437499999999998,0.006800000000000583,1.0269562977782698e-15
retry,retry-136,repair_no_exclusion,naive_trust,30,1000,5.0,1.0,0.6,0.05,0.3,3,0.1,6.0,0.25,0,0.2,5.0,0,0,0.0,0.95,0.05,0.8,0.1,3,3,0.4,0.6,0,-0.13732999999999776,-0.1537749999999976,-0.11970499999999787,,,
retry,retry-136,verify_and_retry,always_verify,30,1000,5.0,1.0,0.6,0.05,0.3,3,0.1,6.0,0.25,0,0.2,5.0,0,0,0.0,0.95,0.05,0.8,0.1,3,3,0.4,0.6,0,0.16117500000000046,0.15025500000000044,0.17231500000000052,0.15437499999999998,0.006800000000000472,6.661338147750939e-16
retry,retry-137,repair_no_exclusion,naive_trust,30,1000,5.0,1.0,1.5,0.05,0.3,3,0.1,6.0,0.25,0,0.2,5.0,0,0,0.0,0.95,0.05,0.8,0.1,3,3,0.4,0.6,0,-0.4468849999999989,-0.46940499999999885,-0.42155999999999877,,,
retry,retry-137,verify_and_retry,always_verify,30,1000,5.0,1.0,1.5,0.05,0.3,3,0.1,6.0,0.25,0,0.2,5.0,0,0,0.0,0.95,0.05,0.8,0.1,3,3,0.4,0.6,0,0.1611750000000004,0.15025500000000044,0.17231500000000038,0.15437499999999998,0.006800000000000417,7.216449660063518e-16
retry,retry-138,repair_no_exclusion,naive_trust,30,1000,5.0,1.0,0.01,0.05,0.3,5,0.1,6.0,0.05,0,0.2,5.0,0,0,0.0,0.95,0.05,0.8,0.1,3,3,0.4,0.6,0,-0.15346999999999933,-0.16406149999999933,-0.14391849999999942,,,
retry,retry-138,verify_and_retry,always_verify,30,1000,5.0,1.0,0.01,0.05,0.3,5,0.1,6.0,0.05,0,0.2,5.0,0,0,0.0,0.95,0.05,0.8,0.1,3,3,0.4,0.6,0,-0.055589999999999876,-0.061374999999999805,-0.0499299999999999,-0.059375,0.0037850000000001216,5.48172618408671e-16
retry,retry-139,repair_no_exclusion,naive_trust,30,1000,5.0,1.0,0.6,0.05,0.3,5,0.1,6.0,0.05,0,0.2,5.0,0,0,0.0,0.95,0.05,0.8,0.1,3,3,0.4,0.6,0,-0.2882849999999987,-0.3034399999999986,-0.27512499999999873,,,
retry,retry-139,verify_and_retry,always_verify,30,1000,5.0,1.0,0.6,0.05,0.3,5,0.1,6.0,0.05,0,0.2,5.0,0,0,0.0,0.95,0.05,0.8,0.1,3,3,0.4,0.6,0,-0.05558999999999999,-0.061374999999999826,-0.04992999999999999,-0.059375,0.0037850000000000106,5.342948306008566e-16
retry,retry-140,repair_no_exclusion,naive_trust,30,1000,5.0,1.0,1.5,0.05,0.3,5,0.1,6.0,0.05,0,0.2,5.0,0,0,0.0,0.95,0.05,0.8,0.1,3,3,0.4,0.6,0,-0.4939349999999993,-0.5165599999999994,-0.47462999999999933,,,
retry,retry-140,verify_and_retry,always_verify,30,1000,5.0,1.0,1.5,0.05,0.3,5,0.1,6.0,0.05,0,0.2,5.0,0,0,0.0,0.95,0.05,0.8,0.1,3,3,0.4,0.6,0,-0.055590000000000014,-0.06137499999999999,-0.049929999999999995,-0.059375,0.003784999999999983,3.5388358909926865e-16
retry,retry-141,repair_no_exclusion,naive_trust,30,1000,5.0,1.0,0.01,0.05,0.3,5,0.1,6.0,0.25,0,0.2,5.0,0,0,0.0,0.95,0.05,0.8,0.1,3,3,0.4,0.6,0,-0.40979949999999876,-0.4248679999999986,-0.39406849999999877,,,
retry,retry-141,verify_and_retry,always_verify,30,1000,5.0,1.0,0.01,0.05,0.3,5,0.1,6.0,0.25,0,0.2,5.0,0,0,0.0,0.95,0.05,0.8,0.1,3,3,0.4,0.6,0,-0.2975249999999995,-0.3111849999999995,-0.2833549999999996,-0.296875,-0.0006499999999994843,9.43689570931383e-16
retry,retry-142,repair_no_exclusion,naive_trust,30,1000,5.0,1.0,0.6,0.05,0.3,5,0.1,6.0,0.25,0,0.2,5.0,0,0,0.0,0.95,0.05,0.8,0.1,3,3,0.4,0.6,0,-0.6127299999999977,-0.6311949999999975,-0.5926899999999977,,,
retry,retry-142,verify_and_retry,always_verify,30,1000,5.0,1.0,0.6,0.05,0.3,5,0.1,6.0,0.25,0,0.2,5.0,0,0,0.0,0.95,0.05,0.8,0.1,3,3,0.4,0.6,0,-0.2975249999999995,-0.3111849999999995,-0.2833549999999996,-0.296875,-0.0006499999999994843,7.216449660063518e-16
retry,retry-143,repair_no_exclusion,naive_trust,30,1000,5.0,1.0,1.5,0.05,0.3,5,0.1,6.0,0.25,0,0.2,5.0,0,0,0.0,0.95,0.05,0.8,0.1,3,3,0.4,0.6,0,-0.9222849999999989,-0.9469549999999989,-0.895244999999999,,,
retry,retry-143,verify_and_retry,always_verify,30,1000,5.0,1.0,1.5,0.05,0.3,5,0.1,6.0,0.25,0,0.2,5.0,0,0,0.0,0.95,0.05,0.8,0.1,3,3,0.4,0.6,0,-0.2975249999999996,-0.31118499999999955,-0.28335499999999963,-0.296875,-0.0006499999999995953,6.661338147750939e-16
retry,retry-144,repair_no_exclusion,naive_trust,30,1000,5.0,1.0,0.01,0.05,0.3,0.2,0.1,6.0,0.05,0,0.2,5.0,0,0,0.0,0.6,0.15,0.8,0.1,3,3,0.4,0.6,0,-0.14683049999999925,-0.16573599999999916,-0.12982449999999932,,,
retry,retry-144,verify_and_retry,always_verify,30,1000,5.0,1.0,0.01,0.05,0.3,0.2,0.1,6.0,0.05,0,0.2,5.0,0,0,0.0,0.6,0.15,0.8,0.1,3,3,0.4,0.6,0,0.08626500000000019,0.07543000000000019,0.09646000000000014,0.08415,0.002115000000000186,5.967448757360216e-16
retry,retry-145,repair_no_exclusion,naive_trust,30,1000,5.0,1.0,0.6,0.05,0.3,0.2,0.1,6.0,0.05,0,0.2,5.0,0,0,0.0,0.6,0.15,0.8,0.1,3,3,0.4,0.6,0,-0.33919999999999817,-0.3623149999999981,-0.3181049999999982,,,
retry,retry-145,verify_and_retry,always_verify,30,1000,5.0,1.0,0.6,0.05,0.3,0.2,0.1,6.0,0.05,0,0.2,5.0,0,0,0.0,0.6,0.15,0.8,0.1,3,3,0.4,0.6,0,0.0862650000000001,0.07543000000000011,0.09646000000000017,0.08415,0.002115000000000103,3.608224830031759e-16
retry,retry-146,repair_no_exclusion,naive_trust,30,1000,5.0,1.0,1.5,0.05,0.3,0.2,0.1,6.0,0.05,0,0.2,5.0,0,0,0.0,0.6,0.15,0.8,0.1,3,3,0.4,0.6,0,-0.6326449999999992,-0.6627499999999993,-0.6053749999999993,,,
retry,retry-146,verify_and_retry,always_verify,30,1000,5.0,1.0,1.5,0.05,0.3,0.2,0.1,6.0,0.05,0,0.2,5.0,0,0,0.0,0.6,0.15,0.8,0.1,3,3,0.4,0.6,0,0.086265,0.07543,0.09646000000000002,0.08415,0.002114999999999992,1.8041124150158794e-16
retry,retry-147,repair_no_exclusion,naive_trust,30,1000,5.0,1.0,0.01,0.05,0.3,0.2,0.1,6.0,0.25,0,0.2,5.0,0,0,0.0,0.6,0.15,0.8,0.1,3,3,0.4,0.6,0,0.18730550000000118,0.16167250000000116,0.2111410000000012,,,
retry,retry-147,verify_and_retry,always_verify,30,1000,5.0,1.0,0.01,0.05,0.3,0.2,0.1,6.0,0.25,0,0.2,5.0,0,0,0.0,0.6,0.15,0.8,0.1,3,3,0.4,0.6,0,0.4354650000000005,0.42065500000000033,0.4493900000000005,0.42074999999999996,0.014715000000000533,8.326672684688674e-16
retry,retry-148,repair_no_exclusion,naive_trust,30,1000,5.0,1.0,0.6,0.05,0.3,0.2,0.1,6.0,0.25,0,0.2,5.0,0,0,0.0,0.6,0.15,0.8,0.1,3,3,0.4,0.6,0,-0.14129500000000017,-0.17214500000000035,-0.11262500000000011,,,
retry,retry-148,verify_and_retry,always_verify,30,1000,5.0,1.0,0.6,0.05,0.3,0.2,0.1,6.0,0.25,0,0.2,5.0,0,0,0.0,0.6,0.15,0.8,0.1,3,3,0.4,0.6,0,0.4354650000000004,0.42065500000000045,0.44939000000000046,0.42074999999999996,0.014715000000000422,7.216449660063518e-16
retry,retry-149,repair_no_exclusion,naive_trust,30,1000,5.0,1.0,1.5,0.05,0.3,0.2,0.1,6.0,0.25,0,0.2,5.0,0,0,0.0,0.6,0.15,0.8,0.1,3,3,0.4,0.6,0,-0.6425499999999988,-0.682534999999999,-0.6030699999999989,,,
retry,retry-149,verify_and_retry,always_verify,30,1000,5.0,1.0,1.5,0.05,0.3,0.2,0.1,6.0,0.25,0,0.2,5.0,0,0,0.0,0.6,0.15,0.8,0.1,3,3,0.4,0.6,0,0.4354650000000003,0.4206550000000003,0.4493900000000003,0.42074999999999996,0.014715000000000367,4.996003610813204e-16
retry,retry-150,repair_no_exclusion,naive_trust,30,1000,5.0,1.0,0.01,0.05,0.3,1,0.1,6.0,0.05,0,0.2,5.0,0,0,0.0,0.6,0.15,0.8,0.1,3,3,0.4,0.6,0,-0.16971049999999924,-0.18772499999999923,-0.15361099999999922,,,
retry,retry-150,verify_and_retry,always_verify,30,1000,5.0,1.0,0.01,0.05,0.3,1,0.1,6.0,0.05,0,0.2,5.0,0,0,0.0,0.6,0.15,0.8,0.1,3,3,0.4,0.6,0,0.06574500000000005,0.056500000000000064,0.07445000000000013,0.06375,0.0019950000000000523,4.3021142204224816e-16
retry,retry-151,repair_no_exclusion,naive_trust,30,1000,5.0,1.0,0.6,0.05,0.3,1,0.1,6.0,0.05,0,0.2,5.0,0,0,0.0,0.6,0.15,0.8,0.1,3,3,0.4,0.6,0,-0.3620799999999981,-0.38413499999999806,-0.34217499999999806,,,
retry,retry-151,verify_and_retry,always_verify,30,1000,5.0,1.0,0.6,0.05,0.3,1,0.1,6.0,0.05,0,0.2,5.0,0,0,0.0,0.6,0.15,0.8,0.1,3,3,0.4,0.6,0,0.06574500000000005,0.056500000000000064,0.0744500000000001,0.06375,0.0019950000000000523,4.649058915617843e-16
retry,retry-152,repair_no_exclusion,naive_trust,30,1000,5.0,1.0,1.5,0.05,0.3,1,0.1,6.0,0.05,0,0.2,5.0,0,0,0.0,0.6,0.15,0.8,0.1,3,3,0.4,0.6,0,-0.6555249999999992,-0.6841799999999992,-0.6291699999999992,,,
retry,retry-152,verify_and_retry,always_verify,30,1000,5.0,1.0,1.5,0.05,0.3,1,0.1,6.0,0.05,0,0.2,5.0,0,0,0.0,0.6,0.15,0.8,0.1,3,3,0.4,0.6,0,0.06574500000000005,0.05650000000000009,0.07445000000000007,0.06375,0.0019950000000000523,2.7755575615628914e-16
retry,retry-153,repair_no_exclusion,naive_trust,30,1000,5.0,1.0,0.01,0.05,0.3,1,0.1,6.0,0.25,0,0.2,5.0,0,0,0.0,0.6,0.15,0.8,0.1,3,3,0.4,0.6,0,0.07414550000000109,0.051350500000001076,0.09593350000000112,,,
retry,retry-153,verify_and_retry,always_verify,30,1000,5.0,1.0,0.01,0.05,0.3,1,0.1,6.0,0.25,0,0.2,5.0,0,0,0.0,0.6,0.15,0.8,0.1,3,3,0.4,0.6,0,0.3304650000000004,0.31818500000000044,0.34233000000000047,0.3187499999999999,0.011715000000000475,7.771561172376096e-16
retry,retry-154,repair_no_exclusion,naive_trust,30,1000,5.0,1.0,0.6,0.05,0.3,1,0.1,6.0,0.25,0,0.2,5.0,0,0,0.0,0.6,0.15,0.8,0.1,3,3,0.4,0.6,0,-0.2544550000000002,-0.2825500000000002,-0.22704999999999984,,,
retry,retry-154,verify_and_retry,always_verify,30,1000,5.0,1.0,0.6,0.05,0.3,1,0.1,6.0,0.25,0,0.2,5.0,0,0,0.0,0.6,0.15,0.8,0.1,3,3,0.4,0.6,0,0.3304650000000004,0.31818500000000044,0.34233000000000036,0.3187499999999999,0.011715000000000475,7.771561172376096e-16
retry,retry-155,repair_no_exclusion,naive_trust,30,1000,5.0,1.0,1.5,0.05,0.3,1,0.1,6.0,0.25,0,0.2,5.0,0,0,0.0,0.6,0.15,0.8,0.1,3,3,0.4,0.6,0,-0.755709999999999,-0.793004999999999,-0.718884999999999,,,
retry,retry-155,verify_and_retry,always_verify,30,1000,5.0,1.0,1.5,0.05,0.3,1,0.1,6.0,0.25,0,0.2,5.0,0,0,0.0,0.6,0.15,0.8,0.1,3,3,0.4,0.6,0,0.33046500000000023,0.3181850000000003,0.3423300000000002,0.3187499999999999,0.011715000000000308,3.885780586188048e-16
retry,retry-156,repair_no_exclusion,naive_trust,30,1000,5.0,1.0,0.01,0.05,0.3,3,0.1,6.0,0.05,0,0.2,5.0,0,0,0.0,0.6,0.15,0.8,0.1,3,3,0.4,0.6,0,-0.22691049999999927,-0.24315149999999922,-0.2125014999999993,,,
retry,retry-156,verify_and_retry,always_verify,30,1000,5.0,1.0,0.01,0.05,0.3,3,0.1,6.0,0.05,0,0.2,5.0,0,0,0.0,0.6,0.15,0.8,0.1,3,3,0.4,0.6,0,0.014445000000000041,0.008955000000000001,0.019750000000000045,0.012750000000000001,0.0016950000000000402,3.400058012914542e-16
retry,retry-157,repair_no_exclusion,naive_trust,30,1000,5.0,1.0,0.6,0.05,0.3,3,0.1,6.0,0.05,0,0.2,5.0,0,0,0.0,0.6,0.15,0.8,0.1,3,3,0.4,0.6,0,-0.41927999999999815,-0.43902499999999806,-0.40103499999999814,,,
retry,retry-157,verify_and_retry,always_verify,30,1000,5.0,1.0,0.6,0.05,0.3,3,0.1,6.0,0.05,0,0.2,5.0,0,0,0.0,0.6,0.15,0.8,0.1,3,3,0.4,0.6,0,0.014445000000000041,0.008955000000000024,0.019750000000000024,0.012750000000000001,0.0016950000000000402,3.400058012914542e-16
retry,retry-158,repair_no_exclusion,naive_trust,30,1000,5.0,1.0,1.5,0.05,0.3,3,0.1,6.0,0.05,0,0.2,5.0,0,0,0.0,0.6,0.15,0.8,0.1,3,3,0.4,0.6,0,-0.7127249999999993,-0.7387999999999992,-0.6882099999999992,,,
retry,retry-158,verify_and_retry,always_verify,30,1000,5.0,1.0,1.5,0.05,0.3,3,0.1,6.0,0.05,0,0.2,5.0,0,0,0.0,0.6,0.15,0.8,0.1,3,3,0.4,0.6,0,0.014445000000000064,0.008955000000000069,0.01975000000000008,0.012750000000000001,0.0016950000000000628,2.949029909160572e-16
retry,retry-159,repair_no_exclusion,naive_trust,30,1000,5.0,1.0,0.01,0.05,0.3,3,0.1,6.0,0.25,0,0.2,5.0,0,0,0.0,0.6,0.15,0.8,0.1,3,3,0.4,0.6,0,-0.20875449999999898,-0.22560899999999898,-0.19112499999999893,,,
retry,retry-159,verify_and_retry,always_verify,30,1000,5.0,1.0,0.01,0.05,0.3,3,0.1,6.0,0.25,0,0.2,5.0,0,0,0.0,0.6,0.15,0.8,0.1,3,3,0.4,0.6,0,0.06796500000000039,0.05856000000000052,0.07713000000000039,0.06375,0.004215000000000385,9.020562075079397e-16
retry,retry-160,repair_no_exclusion,naive_trust,30,1000,5.0,1.0,0.6,0.05,0.3,3,0.1,6.0,0.25,0,0.2,5.0,0,0,0.0,0.6,0.15,0.8,0.1,3,3,0.4,0.6,0,-0.5373550000000001,-0.5594100000000004,-0.514785,,,
retry,retry-160,verify_and_retry,always_verify,30,1000,5.0,1.0,0.6,0.05,0.3,3,0.1,6.0,0.25,0,0.2,5.0,0,0,0.0,0.6,0.15,0.8,0.1,3,3,0.4,0.6,0,0.06796500000000036,0.05856000000000037,0.07713000000000034,0.06375,0.004215000000000357,5.551115123125783e-16
retry,retry-161,repair_no_exclusion,naive_trust,30,1000,5.0,1.0,1.5,0.05,0.3,3,0.1,6.0,0.25,0,0.2,5.0,0,0,0.0,0.6,0.15,0.8,0.1,3,3,0.4,0.6,0,-1.038609999999999,-1.0702599999999989,-1.006974999999999,,,
retry,retry-161,verify_and_retry,always_verify,30,1000,5.0,1.0,1.5,0.05,0.3,3,0.1,6.0,0.25,0,0.2,5.0,0,0,0.0,0.6,0.15,0.8,0.1,3,3,0.4,0.6,0,0.0679650000000002,0.05856000000000018,0.0771300000000002,0.06375,0.004215000000000205,3.885780586188048e-16
retry,retry-162,repair_no_exclusion,naive_trust,30,1000,5.0,1.0,0.01,0.05,0.3,5,0.1,6.0,0.05,0,0.2,5.0,0,0,0.0,0.6,0.15,0.8,0.1,3,3,0.4,0.6,0,-0.28411049999999916,-0.2991484999999992,-0.27058099999999924,,,
retry,retry-162,verify_and_retry,always_verify,30,1000,5.0,1.0,0.01,0.05,0.3,5,0.1,6.0,0.05,0,0.2,5.0,0,0,0.0,0.6,0.15,0.8,0.1,3,3,0.4,0.6,0,-0.0368549999999999,-0.04041999999999992,-0.033194999999999794,-0.03825,0.0013950000000000976,4.371503159461554e-16
retry,retry-163,repair_no_exclusion,naive_trust,30,1000,5.0,1.0,0.6,0.05,0.3,5,0.1,6.0,0.05,0,0.2,5.0,0,0,0.0,0.6,0.15,0.8,0.1,3,3,0.4,0.6,0,-0.47647999999999807,-0.49448499999999795,-0.45925499999999814,,,
retry,retry-163,verify_and_retry,always_verify,30,1000,5.0,1.0,0.6,0.05,0.3,5,0.1,6.0,0.05,0,0.2,5.0,0,0,0.0,0.6,0.15,0.8,0.1,3,3,0.4,0.6,0,-0.0368549999999999,-0.04041999999999997,-0.033194999999999864,-0.03825,0.0013950000000000976,4.371503159461554e-16
retry,retry-164,repair_no_exclusion,naive_trust,30,1000,5.0,1.0,1.5,0.05,0.3,5,0.1,6.0,0.05,0,0.2,5.0,0,0,0.0,0.6,0.15,0.8,0.1,3,3,0.4,0.6,0,-0.7699249999999992,-0.7942999999999991,-0.7464299999999993,,,
retry,retry-164,verify_and_retry,always_verify,30,1000,5.0,1.0,1.5,0.05,0.3,5,0.1,6.0,0.05,0,0.2,5.0,0,0,0.0,0.6,0.15,0.8,0.1,3,3,0.4,0.6,0,-0.03685499999999996,-0.04041999999999999,-0.033194999999999975,-0.03825,0.001395000000000042,2.42861286636753e-16
retry,retry-165,repair_no_exclusion,naive_trust,30,1000,5.0,1.0,0.01,0.05,0.3,5,0.1,6.0,0.25,0,0.2,5.0,0,0,0.0,0.6,0.15,0.8,0.1,3,3,0.4,0.6,0,-0.49165449999999894,-0.506232499999999,-0.47636449999999897,,,
retry,retry-165,verify_and_retry,always_verify,30,1000,5.0,1.0,0.01,0.05,0.3,5,0.1,6.0,0.25,0,0.2,5.0,0,0,0.0,0.6,0.15,0.8,0.1,3,3,0.4,0.6,0,-0.1945349999999996,-0.20668499999999962,-0.18231499999999956,-0.19124999999999998,-0.0032849999999996216,6.661338147750939e-16
retry,retry-166,repair_no_exclusion,naive_trust,30,1000,5.0,1.0,0.6,0.05,0.3,5,0.1,6.0,0.25,0,0.2,5.0,0,0,0.0,0.6,0.15,0.8,0.1,3,3,0.4,0.6,0,-0.8202550000000002,-0.8387000000000004,-0.80054,,,
retry,retry-166,verify_and_retry,always_verify,30,1000,5.0,1.0,0.6,0.05,0.3,5,0.1,6.0,0.25,0,0.2,5.0,0,0,0.0,0.6,0.15,0.8,0.1,3,3,0.4,0.6,0,-0.19453499999999962,-0.20668499999999962,-0.18231499999999962,-0.19124999999999998,-0.0032849999999996493,5.551115123125783e-16
retry,retry-167,repair_no_exclusion,naive_trust,30,1000,5.0,1.0,1.5,0.05,0.3,5,0.1,6.0,0.25,0,0.2,5.0,0,0,0.0,0.6,0.15,0.8,0.1,3,3,0.4,0.6,0,-1.3215099999999989,-1.3491999999999988,-1.2927949999999988,,,
retry,retry-167,verify_and_retry,always_verify,30,1000,5.0,1.0,1.5,0.05,0.3,5,0.1,6.0,0.25,0,0.2,5.0,0,0,0.0,0.6,0.15,0.8,0.1,3,3,0.4,0.6,0,-0.19453499999999974,-0.2066849999999997,-0.18231499999999976,-0.19124999999999998,-0.0032849999999997603,4.996003610813204e-16
retry,retry-168,repair_no_exclusion,naive_trust,30,1000,5.0,1.0,0.01,0.05,0.3,0.2,0.1,6.0,0.05,0,0.2,5.0,0,0,0.0,0.95,0.15,0.8,0.1,3,3,0.4,0.6,0,-0.061099499999999286,-0.08322449999999929,-0.0410974999999993,,,
retry,retry-168,verify_and_retry,always_verify,30,1000,5.0,1.0,0.01,0.05,0.3,0.2,0.1,6.0,0.05,0,0.2,5.0,0,0,0.0,0.95,0.15,0.8,0.1,3,3,0.4,0.6,0,0.14328500000000016,0.1309150000000002,0.1550750000000001,0.14067500000000002,0.00261000000000014,6.106226635438361e-16
retry,retry-169,repair_no_exclusion,naive_trust,30,1000,5.0,1.0,0.6,0.05,0.3,0.2,0.1,6.0,0.05,0,0.2,5.0,0,0,0.0,0.95,0.15,0.8,0.1,3,3,0.4,0.6,0,-0.23157999999999834,-0.25854999999999817,-0.20705999999999838,,,
retry,retry-169,verify_and_retry,always_verify,30,1000,5.0,1.0,0.6,0.05,0.3,0.2,0.1,6.0,0.05,0,0.2,5.0,0,0,0.0,0.95,0.15,0.8,0.1,3,3,0.4,0.6,0,0.1432850000000001,0.13091500000000014,0.15507500000000007,0.14067500000000002,0.0026100000000000845,6.106226635438361e-16
retry,retry-170,repair_no_exclusion,naive_trust,30,1000,5.0,1.0,1.5,0.05,0.3,0.2,0.1,6.0,0.05,0,0.2,5.0,0,0,0.0,0.95,0.15,0.8,0.1,3,3,0.4,0.6,0,-0.49163499999999927,-0.5268349999999994,-0.45916999999999925,,,
retry,retry-170,verify_and_retry,always_verify,30,1000,5.0,1.0,1.5,0.05,0.3,0.2,0.1,6.0,0.05,0,0.2,5.0,0,0,0.0,0.95,0.15,0.8,0.1,3,3,0.4,0.6,0,0.14328500000000002,0.130915,0.15507500000000002,0.14067500000000002,0.002610000000000001,3.0531133177191805e-16
retry,retry-171,repair_no_exclusion,naive_trust,30,1000,5.0,1.0,0.01,0.05,0.3,0.2,0.1,6.0,0.25,0,0.2,5.0,0,0,0.0,0.95,0.15,0.8,0.1,3,3,0.4,0.6,0,0.5663840000000011,0.540079500000001,0.5933930000000011,,,
retry,retry-171,verify_and_retry,always_verify,30,1000,5.0,1.0,0.01,0.05,0.3,0.2,0.1,6.0,0.25,0,0.2,5.0,0,0,0.0,0.95,0.15,0.8,0.1,3,3,0.4,0.6,0,0.7161950000000005,0.6979850000000004,0.7340850000000003,0.703375,0.012820000000000498,7.771561172376096e-16
retry,retry-172,repair_no_exclusion,naive_trust,30,1000,5.0,1.0,0.6,0.05,0.3,0.2,0.1,6.0,0.25,0,0.2,5.0,0,0,0.0,0.95,0.15,0.8,0.1,3,3,0.4,0.6,0,0.3238350000000024,0.2933400000000025,0.3566850000000026,,,
retry,retry-172,verify_and_retry,always_verify,30,1000,5.0,1.0,0.6,0.05,0.3,0.2,0.1,6.0,0.25,0,0.2,5.0,0,0,0.0,0.95,0.15,0.8,0.1,3,3,0.4,0.6,0,0.7161950000000002,0.6979850000000003,0.7340850000000003,0.703375,0.012820000000000276,5.551115123125783e-16
retry,retry-173,repair_no_exclusion,naive_trust,30,1000,5.0,1.0,1.5,0.05,0.3,0.2,0.1,6.0,0.25,0,0.2,5.0,0,0,0.0,0.95,0.15,0.8,0.1,3,3,0.4,0.6,0,-0.04615499999999897,-0.08379999999999894,-0.004394999999998883,,,
retry,retry-173,verify_and_retry,always_verify,30,1000,5.0,1.0,1.5,0.05,0.3,0.2,0.1,6.0,0.25,0,0.2,5.0,0,0,0.0,0.95,0.15,0.8,0.1,3,3,0.4,0.6,0,0.7161950000000001,0.6979850000000002,0.7340850000000001,0.703375,0.012820000000000165,3.3306690738754696e-16
retry,retry-174,repair_no_exclusion,naive_trust,30,1000,5.0,1.0,0.01,0.05,0.3,1,0.1,6.0,0.05,0,0.2,5.0,0,0,0.0,0.95,0.15,0.8,0.1,3,3,0.4,0.6,0,-0.09757949999999929,-0.1185404999999992,-0.07897399999999939,,,
retry,retry-174,verify_and_retry,always_verify,30,1000,5.0,1.0,0.01,0.05,0.3,1,0.1,6.0,0.05,0,0.2,5.0,0,0,0.0,0.95,0.15,0.8,0.1,3,3,0.4,0.6,0,0.11084500000000012,0.10033000000000017,0.12094500000000011,0.108375,0.002470000000000125,4.718447854656915e-16
retry,retry-175,repair_no_exclusion,naive_trust,30,1000,5.0,1.0,0.6,0.05,0.3,1,0.1,6.0,0.05,0,0.2,5.0,0,0,0.0,0.95,0.15,0.8,0.1,3,3,0.4,0.6,0,-0.26805999999999836,-0.29421499999999834,-0.24437999999999835,,,
retry,retry-175,verify_and_retry,always_verify,30,1000,5.0,1.0,0.6,0.05,0.3,1,0.1,6.0,0.05,0,0.2,5.0,0,0,0.0,0.95,0.15,0.8,0.1,3,3,0.4,0.6,0,0.11084500000000008,0.1003300000000001,0.12094500000000008,0.108375,0.0024700000000000832,4.718447854656915e-16
retry,retry-176,repair_no_exclusion,naive_trust,30,1000,5.0,1.0,1.5,0.05,0.3,1,0.1,6.0,0.05,0,0.2,5.0,0,0,0.0,0.95,0.15,0.8,0.1,3,3,0.4,0.6,0,-0.5281149999999992,-0.5624949999999993,-0.4968549999999993,,,
retry,retry-176,verify_and_retry,always_verify,30,1000,5.0,1.0,1.5,0.05,0.3,1,0.1,6.0,0.05,0,0.2,5.0,0,0,0.0,0.95,0.15,0.8,0.1,3,3,0.4,0.6,0,0.11084500000000004,0.10033,0.12094500000000004,0.108375,0.0024700000000000416,2.7755575615628914e-16
retry,retry-177,repair_no_exclusion,naive_trust,30,1000,5.0,1.0,0.01,0.05,0.3,1,0.1,6.0,0.25,0,0.2,5.0,0,0,0.0,0.95,0.15,0.8,0.1,3,3,0.4,0.6,0,0.3851840000000011,0.36142650000000104,0.410296000000001,,,
retry,retry-177,verify_and_retry,always_verify,30,1000,5.0,1.0,0.01,0.05,0.3,1,0.1,6.0,0.25,0,0.2,5.0,0,0,0.0,0.95,0.15,0.8,0.1,3,3,0.4,0.6,0,0.5521150000000004,0.5374250000000004,0.5672150000000004,0.541875,0.01024000000000036,9.992007221626409e-16
retry,retry-178,repair_no_exclusion,naive_trust,30,1000,5.0,1.0,0.6,0.05,0.3,1,0.1,6.0,0.25,0,0.2,5.0,0,0,0.0,0.95,0.15,0.8,0.1,3,3,0.4,0.6,0,0.14263500000000257,0.1145050000000026,0.17272500000000263,,,
retry,retry-178,verify_and_retry,always_verify,30,1000,5.0,1.0,0.6,0.05,0.3,1,0.1,6.0,0.25,0,0.2,5.0,0,0,0.0,0.95,0.15,0.8,0.1,3,3,0.4,0.6,0,0.5521150000000004,0.5374250000000004,0.5672150000000004,0.541875,0.01024000000000036,7.771561172376096e-16
retry,retry-179,repair_no_exclusion,naive_trust,30,1000,5.0,1.0,1.5,0.05,0.3,1,0.1,6.0,0.25,0,0.2,5.0,0,0,0.0,0.95,0.15,0.8,0.1,3,3,0.4,0.6,0,-0.22735499999999892,-0.26291999999999904,-0.1868499999999989,,,
retry,retry-179,verify_and_retry,always_verify,30,1000,5.0,1.0,1.5,0.05,0.3,1,0.1,6.0,0.25,0,0.2,5.0,0,0,0.0,0.95,0.15,0.8,0.1,3,3,0.4,0.6,0,0.5521150000000002,0.5374250000000003,0.5672150000000002,0.541875,0.010240000000000249,4.440892098500626e-16
retry,retry-180,repair_no_exclusion,naive_trust,30,1000,5.0,1.0,0.01,0.05,0.3,3,0.1,6.0,0.05,0,0.2,5.0,0,0,0.0,0.95,0.15,0.8,0.1,3,3,0.4,0.6,0,-0.18877949999999927,-0.2071529999999993,-0.17270399999999933,,,
retry,retry-180,verify_and_retry,always_verify,30,1000,5.0,1.0,0.01,0.05,0.3,3,0.1,6.0,0.05,0,0.2,5.0,0,0,0.0,0.95,0.15,0.8,0.1,3,3,0.4,0.6,0,0.029745000000000087,0.023130000000000095,0.036050000000000096,0.027624999999999997,0.0021200000000000906,3.885780586188048e-16
retry,retry-181,repair_no_exclusion,naive_trust,30,1000,5.0,1.0,0.6,0.05,0.3,3,0.1,6.0,0.05,0,0.2,5.0,0,0,0.0,0.95,0.15,0.8,0.1,3,3,0.4,0.6,0,-0.3592599999999984,-0.3828849999999983,-0.33790999999999843,,,
retry,retry-181,verify_and_retry,always_verify,30,1000,5.0,1.0,0.6,0.05,0.3,3,0.1,6.0,0.05,0,0.2,5.0,0,0,0.0,0.95,0.15,0.8,0.1,3,3,0.4,0.6,0,0.029745000000000067,0.02313000000000005,0.036050000000000096,0.027624999999999997,0.0021200000000000697,3.885780586188048e-16
retry,retry-182,repair_no_exclusion,naive_trust,30,1000,5.0,1.0,1.5,0.05,0.3,3,0.1,6.0,0.05,0,0.2,5.0,0,0,0.0,0.95,0.15,0.8,0.1,3,3,0.4,0.6,0,-0.6193149999999992,-0.6519449999999992,-0.5899299999999992,,,
retry,retry-182,verify_and_retry,always_verify,30,1000,5.0,1.0,1.5,0.05,0.3,3,0.1,6.0,0.05,0,0.2,5.0,0,0,0.0,0.95,0.15,0.8,0.1,3,3,0.4,0.6,0,0.029745000000000056,0.02313000000000006,0.03605000000000008,0.027624999999999997,0.0021200000000000593,2.0122792321330962e-16
retry,retry-183,repair_no_exclusion,naive_trust,30,1000,5.0,1.0,0.01,0.05,0.3,3,0.1,6.0,0.25,0,0.2,5.0,0,0,0.0,0.95,0.15,0.8,0.1,3,3,0.4,0.6,0,-0.06781599999999895,-0.08651249999999888,-0.04770799999999895,,,
retry,retry-183,verify_and_retry,always_verify,30,1000,5.0,1.0,0.01,0.05,0.3,3,0.1,6.0,0.25,0,0.2,5.0,0,0,0.0,0.95,0.15,0.8,0.1,3,3,0.4,0.6,0,0.14191500000000037,0.1321100000000004,0.15211500000000044,0.13812499999999997,0.003790000000000404,6.661338147750939e-16
retry,retry-184,repair_no_exclusion,naive_trust,30,1000,5.0,1.0,0.6,0.05,0.3,3,0.1,6.0,0.25,0,0.2,5.0,0,0,0.0,0.95,0.15,0.8,0.1,3,3,0.4,0.6,0,-0.3103649999999974,-0.33415999999999735,-0.28436499999999754,,,
retry,retry-184,verify_and_retry,always_verify,30,1000,5.0,1.0,0.6,0.05,0.3,3,0.1,6.0,0.25,0,0.2,5.0,0,0,0.0,0.95,0.15,0.8,0.1,3,3,0.4,0.6,0,0.14191500000000035,0.13211000000000037,0.1521150000000003,0.13812499999999997,0.0037900000000003764,5.273559366969494e-16
retry,retry-185,repair_no_exclusion,naive_trust,30,1000,5.0,1.0,1.5,0.05,0.3,3,0.1,6.0,0.25,0,0.2,5.0,0,0,0.0,0.95,0.15,0.8,0.1,3,3,0.4,0.6,0,-0.6803549999999989,-0.713064999999999,-0.6445949999999989,,,
retry,retry-185,verify_and_retry,always_verify,30,1000,5.0,1.0,1.5,0.05,0.3,3,0.1,6.0,0.25,0,0.2,5.0,0,0,0.0,0.95,0.15,0.8,0.1,3,3,0.4,0.6,0,0.1419150000000003,0.13211000000000034,0.15211500000000028,0.13812499999999997,0.003790000000000321,4.718447854656915e-16
retry,retry-186,repair_no_exclusion,naive_trust,30,1000,5.0,1.0,0.01,0.05,0.3,5,0.1,6.0,0.05,0,0.2,5.0,0,0,0.0,0.95,0.15,0.8,0.1,3,3,0.4,0.6,0,-0.27997949999999927,-0.2957729999999993,-0.26551399999999925,,,
retry,retry-186,verify_and_retry,always_verify,30,1000,5.0,1.0,0.01,0.05,0.3,5,0.1,6.0,0.05,0,0.2,5.0,0,0,0.0,0.95,0.15,0.8,0.1,3,3,0.4,0.6,0,-0.05135499999999995,-0.056395000000000015,-0.046334999999999835,-0.053125000000000006,0.0017700000000000563,3.2612801348363973e-16
retry,retry-187,repair_no_exclusion,naive_trust,30,1000,5.0,1.0,0.6,0.05,0.3,5,0.1,6.0,0.05,0,0.2,5.0,0,0,0.0,0.95,0.15,0.8,0.1,3,3,0.4,0.6,0,-0.4504599999999984,-0.47213999999999834,-0.43038999999999844,,,
retry,retry-187,verify_and_retry,always_verify,30,1000,5.0,1.0,0.6,0.05,0.3,5,0.1,6.0,0.05,0,0.2,5.0,0,0,0.0,0.95,0.15,0.8,0.1,3,3,0.4,0.6,0,-0.05135499999999991,-0.05639499999999993,-0.046334999999999904,-0.053125000000000006,0.0017700000000000979,4.510281037539698e-16
retry,retry-188,repair_no_exclusion,naive_trust,30,1000,5.0,1.0,1.5,0.05,0.3,5,0.1,6.0,0.05,0,0.2,5.0,0,0,0.0,0.95,0.15,0.8,0.1,3,3,0.4,0.6,0,-0.7105149999999993,-0.7404049999999993,-0.6822699999999993,,,
retry,retry-188,verify_and_retry,always_verify,30,1000,5.0,1.0,1.5,0.05,0.3,5,0.1,6.0,0.05,0,0.2,5.0,0,0,0.0,0.95,0.15,0.8,0.1,3,3,0.4,0.6,0,-0.05135499999999996,-0.05639499999999999,-0.046334999999999946,-0.053125000000000006,0.0017700000000000424,2.3592239273284576e-16
retry,retry-189,repair_no_exclusion,naive_trust,30,1000,5.0,1.0,0.01,0.05,0.3,5,0.1,6.0,0.25,0,0.2,5.0,0,0,0.0,0.95,0.15,0.8,0.1,3,3,0.4,0.6,0,-0.5208159999999988,-0.5397614999999989,-0.5007889999999989,,,
retry,retry-189,verify_and_retry,always_verify,30,1000,5.0,1.0,0.01,0.05,0.3,5,0.1,6.0,0.25,0,0.2,5.0,0,0,0.0,0.95,0.15,0.8,0.1,3,3,0.4,0.6,0,-0.26828499999999955,-0.28158499999999964,-0.2542899999999996,-0.265625,-0.0026599999999995516,6.661338147750939e-16
retry,retry-190,repair_no_exclusion,naive_trust,30,1000,5.0,1.0,0.6,0.05,0.3,5,0.1,6.0,0.25,0,0.2,5.0,0,0,0.0,0.95,0.15,0.8,0.1,3,3,0.4,0.6,0,-0.7633649999999974,-0.7864549999999975,-0.7384099999999973,,,
retry,retry-190,verify_and_retry,always_verify,30,1000,5.0,1.0,0.6,0.05,0.3,5,0.1,6.0,0.25,0,0.2,5.0,0,0,0.0,0.95,0.15,0.8,0.1,3,3,0.4,0.6,0,-0.2682849999999996,-0.28158499999999964,-0.2542899999999996,-0.265625,-0.002659999999999607,6.106226635438361e-16
retry,retry-191,repair_no_exclusion,naive_trust,30,1000,5.0,1.0,1.5,0.05,0.3,5,0.1,6.0,0.25,0,0.2,5.0,0,0,0.0,0.95,0.15,0.8,0.1,3,3,0.4,0.6,0,-1.133354999999999,-1.164919999999999,-1.098729999999999,,,
retry,retry-191,verify_and_retry,always_verify,30,1000,5.0,1.0,1.5,0.05,0.3,5,0.1,6.0,0.25,0,0.2,5.0,0,0,0.0,0.95,0.15,0.8,0.1,3,3,0.4,0.6,0,-0.2682849999999997,-0.2815849999999997,-0.25428999999999974,-0.265625,-0.002659999999999718,4.440892098500626e-16
retry,retry-192,repair_no_exclusion,naive_trust,30,1000,5.0,1.0,0.01,0.05,0.3,0.2,0.1,6.0,0.05,0,0.2,5.0,0,0,0.0,0.6,0.3,0.8,0.1,3,3,0.4,0.6,0,-0.4786609999999992,-0.5067609999999994,-0.4511299999999993,,,
retry,retry-192,verify_and_retry,always_verify,30,1000,5.0,1.0,0.01,0.05,0.3,0.2,0.1,6.0,0.05,0,0.2,5.0,0,0,0.0,0.6,0.3,0.8,0.1,3,3,0.4,0.6,0,0.07117000000000015,0.06180000000000019,0.08064000000000011,0.06929999999999999,0.0018700000000001632,6.661338147750939e-16
retry,retry-193,repair_no_exclusion,naive_trust,30,1000,5.0,1.0,0.6,0.05,0.3,0.2,0.1,6.0,0.05,0,0.2,5.0,0,0,0.0,0.6,0.3,0.8,0.1,3,3,0.4,0.6,0,-0.7451049999999982,-0.7801349999999985,-0.7111449999999981,,,
retry,retry-193,verify_and_retry,always_verify,30,1000,5.0,1.0,0.6,0.05,0.3,0.2,0.1,6.0,0.05,0,0.2,5.0,0,0,0.0,0.6,0.3,0.8,0.1,3,3,0.4,0.6,0,0.0711700000000001,0.06180000000000012,0.08064000000000009,0.06929999999999999,0.0018700000000001077,3.885780586188048e-16
retry,retry-194,repair_no_exclusion,naive_trust,30,1000,5.0,1.0,1.5,0.05,0.3,0.2,0.1,6.0,0.05,0,0.2,5.0,0,0,0.0,0.6,0.3,0.8,0.1,3,3,0.4,0.6,0,-1.1515449999999992,-1.1978499999999992,-1.1069649999999993,,,
retry,retry-194,verify_and_retry,always_verify,30,1000,5.0,1.0,1.5,0.05,0.3,0.2,0.1,6.0,0.05,0,0.2,5.0,0,0,0.0,0.6,0.3,0.8,0.1,3,3,0.4,0.6,0,0.07117,0.06179999999999995,0.08064000000000004,0.06929999999999999,0.0018700000000000105,2.220446049250313e-16
retry,retry-195,repair_no_exclusion,naive_trust,30,1000,5.0,1.0,0.01,0.05,0.3,0.2,0.1,6.0,0.25,0,0.2,5.0,0,0,0.0,0.6,0.3,0.8,0.1,3,3,0.4,0.6,0,-0.2010254999999989,-0.233610499999999,-0.16938849999999897,,,
retry,retry-195,verify_and_retry,always_verify,30,1000,5.0,1.0,0.01,0.05,0.3,0.2,0.1,6.0,0.25,0,0.2,5.0,0,0,0.0,0.6,0.3,0.8,0.1,3,3,0.4,0.6,0,0.3570500000000001,0.34240000000000015,0.3712700000000001,0.3464999999999999,0.01055000000000017,6.106226635438361e-16
retry,retry-196,repair_no_exclusion,naive_trust,30,1000,5.0,1.0,0.6,0.05,0.3,0.2,0.1,6.0,0.25,0,0.2,5.0,0,0,0.0,0.6,0.3,0.8,0.1,3,3,0.4,0.6,0,-0.6013700000000031,-0.6414150000000033,-0.5624650000000029,,,
retry,retry-196,verify_and_retry,always_verify,30,1000,5.0,1.0,0.6,0.05,0.3,0.2,0.1,6.0,0.25,0,0.2,5.0,0,0,0.0,0.6,0.3,0.8,0.1,3,3,0.4,0.6,0,0.3570500000000003,0.34240000000000026,0.3712700000000003,0.3464999999999999,0.010550000000000392,4.996003610813204e-16
retry,retry-197,repair_no_exclusion,naive_trust,30,1000,5.0,1.0,1.5,0.05,0.3,0.2,0.1,6.0,0.25,0,0.2,5.0,0,0,0.0,0.6,0.3,0.8,0.1,3,3,0.4,0.6,0,-1.212064999999999,-1.263269999999999,-1.161549999999999,,,
retry,retry-197,verify_and_retry,always_verify,30,1000,5.0,1.0,1.5,0.05,0.3,0.2,0.1,6.0,0.25,0,0.2,5.0,0,0,0.0,0.6,0.3,0.8,0.1,3,3,0.4,0.6,0,0.3570500000000002,0.34240000000000015,0.37127000000000016,0.3464999999999999,0.010550000000000281,2.7755575615628914e-16
retry,retry-198,repair_no_exclusion,naive_trust,30,1000,5.0,1.0,0.01,0.05,0.3,1,0.1,6.0,0.05,0,0.2,5.0,0,0,0.0,0.6,0.3,0.8,0.1,3,3,0.4,0.6,0,-0.4995809999999993,-0.5266924999999992,-0.4731584999999992,,,
retry,retry-198,verify_and_retry,always_verify,30,1000,5.0,1.0,0.01,0.05,0.3,1,0.1,6.0,0.05,0,0.2,5.0,0,0,0.0,0.6,0.3,0.8,0.1,3,3,0.4,0.6,0,0.05421000000000013,0.04624000000000008,0.062220000000000095,0.052499999999999984,0.001710000000000149,6.38378239159465e-16
retry,retry-199,repair_no_exclusion,naive_trust,30,1000,5.0,1.0,0.6,0.05,0.3,1,0.1,6.0,0.05,0,0.2,5.0,0,0,0.0,0.6,0.3,0.8,0.1,3,3,0.4,0.6,0,-0.7660249999999983,-0.7999699999999984,-0.7325899999999982,,,
retry,retry-199,verify_and_retry,always_verify,30,1000,5.0,1.0,0.6,0.05,0.3,1,0.1,6.0,0.05,0,0.2,5.0,0,0,0.0,0.6,0.3,0.8,0.1,3,3,0.4,0.6,0,0.05421000000000009,0.04624000000000004,0.062220000000000095,0.052499999999999984,0.0017100000000001073,4.3021142204224816e-16
retry,retry-200,repair_no_exclusion,naive_trust,30,1000,5.0,1.0,1.5,0.05,0.3,1,0.1,6.0,0.05,0,0.2,5.0,0,0,0.0,0.6,0.3,0.8,0.1,3,3,0.4,0.6,0,-1.1724649999999994,-1.2175749999999994,-1.1280199999999994,,,
retry,retry-200,verify_and_retry,always_verify,30,1000,5.0,1.0,1.5,0.05,0.3,1,0.1,6.0,0.05,0,0.2,5.0,0,0,0.0,0.6,0.3,0.8,0.1,3,3,0.4,0.6,0,0.054210000000000036,0.046240000000000024,0.06222000000000007,0.052499999999999984,0.0017100000000000518,2.1510571102112408e-16
retry,retry-201,repair_no_exclusion,naive_trust,30,1000,5.0,1.0,0.01,0.05,0.3,1,0.1,6.0,0.25,0,0.2,5.0,0,0,0.0,0.6,0.3,0.8,0.1,3,3,0.4,0.6,0,-0.29902549999999906,-0.329715999999999,-0.26930799999999894,,,
retry,retry-201,verify_and_retry,always_verify,30,1000,5.0,1.0,0.01,0.05,0.3,1,0.1,6.0,0.25,0,0.2,5.0,0,0,0.0,0.6,0.3,0.8,0.1,3,3,0.4,0.6,0,0.2708100000000001,0.25849000000000005,0.28283500000000006,0.26249999999999996,0.00831000000000015,3.3306690738754696e-16
retry,retry-202,repair_no_exclusion,naive_trust,30,1000,5.0,1.0,0.6,0.05,0.3,1,0.1,6.0,0.25,0,0.2,5.0,0,0,0.0,0.6,0.3,0.8,0.1,3,3,0.4,0.6,0,-0.699370000000003,-0.7374550000000033,-0.6622800000000028,,,
retry,retry-202,verify_and_retry,always_verify,30,1000,5.0,1.0,0.6,0.05,0.3,1,0.1,6.0,0.25,0,0.2,5.0,0,0,0.0,0.6,0.3,0.8,0.1,3,3,0.4,0.6,0,0.2708100000000002,0.2584900000000002,0.2828350000000002,0.26249999999999996,0.008310000000000262,5.551115123125783e-16
retry,retry-203,repair_no_exclusion,naive_trust,30,1000,5.0,1.0,1.5,0.05,0.3,1,0.1,6.0,0.25,0,0.2,5.0,0,0,0.0,0.6,0.3,0.8,0.1,3,3,0.4,0.6,0,-1.3100649999999991,-1.359094999999999,-1.261349999999999,,,
retry,retry-203,verify_and_retry,always_verify,30,1000,5.0,1.0,1.5,0.05,0.3,1,0.1,6.0,0.25,0,0.2,5.0,0,0,0.0,0.6,0.3,0.8,0.1,3,3,0.4,0.6,0,0.27081000000000016,0.2584900000000002,0.28283500000000017,0.26249999999999996,0.008310000000000206,2.7755575615628914e-16
retry,retry-204,repair_no_exclusion,naive_trust,30,1000,5.0,1.0,0.01,0.05,0.3,3,0.1,6.0,0.05,0,0.2,5.0,0,0,0.0,0.6,0.3,0.8,0.1,3,3,0.4,0.6,0,-0.5518809999999993,-0.5777529999999993,-0.5267394999999992,,,
retry,retry-204,verify_and_retry,always_verify,30,1000,5.0,1.0,0.01,0.05,0.3,3,0.1,6.0,0.05,0,0.2,5.0,0,0,0.0,0.6,0.3,0.8,0.1,3,3,0.4,0.6,0,0.011810000000000076,0.007010000000000094,0.016545000000000032,0.010499999999999999,0.0013100000000000767,3.9633010415207615e-16
retry,retry-205,repair_no_exclusion,naive_trust,30,1000,5.0,1.0,0.6,0.05,0.3,3,0.1,6.0,0.05,0,0.2,5.0,0,0,0.0,0.6,0.3,0.8,0.1,3,3,0.4,0.6,0,-0.8183249999999983,-0.8511199999999984,-0.7861399999999981,,,
retry,retry-205,verify_and_retry,always_verify,30,1000,5.0,1.0,0.6,0.05,0.3,3,0.1,6.0,0.05,0,0.2,5.0,0,0,0.0,0.6,0.3,0.8,0.1,3,3,0.4,0.6,0,0.01181000000000012,0.00701000000000016,0.016545000000000153,0.010499999999999999,0.0013100000000001218,3.8510861166685117e-16
retry,retry-206,repair_no_exclusion,naive_trust,30,1000,5.0,1.0,1.5,0.05,0.3,3,0.1,6.0,0.05,0,0.2,5.0,0,0,0.0,0.6,0.3,0.8,0.1,3,3,0.4,0.6,0,-1.2247649999999992,-1.2678949999999993,-1.1816899999999992,,,
retry,retry-206,verify_and_retry,always_verify,30,1000,5.0,1.0,1.5,0.05,0.3,3,0.1,6.0,0.05,0,0.2,5.0,0,0,0.0,0.6,0.3,0.8,0.1,3,3,0.4,0.6,0,0.011810000000000032,0.007010000000000005,0.016545000000000053,0.010499999999999999,0.0013100000000000334,2.3042006670748183e-16
retry,retry-207,repair_no_exclusion,naive_trust,30,1000,5.0,1.0,0.01,0.05,0.3,3,0.1,6.0,0.25,0,0.2,5.0,0,0,0.0,0.6,0.3,0.8,0.1,3,3,0.4,0.6,0,-0.5440254999999989,-0.570905499999999,-0.5182079999999989,,,
retry,retry-207,verify_and_retry,always_verify,30,1000,5.0,1.0,0.01,0.05,0.3,3,0.1,6.0,0.25,0,0.2,5.0,0,0,0.0,0.6,0.3,0.8,0.1,3,3,0.4,0.6,0,0.05521000000000008,0.047035000000000105,0.0639100000000001,0.0525,0.0027100000000000804,3.677613769070831e-16
retry,retry-208,repair_no_exclusion,naive_trust,30,1000,5.0,1.0,0.6,0.05,0.3,3,0.1,6.0,0.25,0,0.2,5.0,0,0,0.0,0.6,0.3,0.8,0.1,3,3,0.4,0.6,0,-0.944370000000003,-0.9781950000000034,-0.9115350000000028,,,
retry,retry-208,verify_and_retry,always_verify,30,1000,5.0,1.0,0.6,0.05,0.3,3,0.1,6.0,0.25,0,0.2,5.0,0,0,0.0,0.6,0.3,0.8,0.1,3,3,0.4,0.6,0,0.055210000000000245,0.04703500000000023,0.06391000000000024,0.0525,0.002710000000000247,5.412337245047638e-16
retry,retry-209,repair_no_exclusion,naive_trust,30,1000,5.0,1.0,1.5,0.05,0.3,3,0.1,6.0,0.25,0,0.2,5.0,0,0,0.0,0.6,0.3,0.8,0.1,3,3,0.4,0.6,0,-1.555064999999999,-1.600689999999999,-1.511249999999999,,,
retry,retry-209,verify_and_retry,always_verify,30,1000,5.0,1.0,1.5,0.05,0.3,3,0.1,6.0,0.25,0,0.2,5.0,0,0,0.0,0.6,0.3,0.8,0.1,3,3,0.4,0.6,0,0.05521000000000018,0.047035000000000195,0.06391000000000018,0.0525,0.0027100000000001845,2.6020852139652106e-16
retry,retry-210,repair_no_exclusion,naive_trust,30,1000,5.0,1.0,0.01,0.05,0.3,5,0.1,6.0,0.05,0,0.2,5.0,0,0,0.0,0.6,0.3,0.8,0.1,3,3,0.4,0.6,0,-0.6041809999999993,-0.6292159999999993,-0.5792964999999993,,,
retry,retry-210,verify_and_retry,always_verify,30,1000,5.0,1.0,0.01,0.05,0.3,5,0.1,6.0,0.05,0,0.2,5.0,0,0,0.0,0.6,0.3,0.8,0.1,3,3,0.4,0.6,0,-0.030589999999999874,-0.03434499999999989,-0.0269099999999999,-0.03149999999999999,0.000910000000000119,5.689893001203927e-16
retry,retry-211,repair_no_exclusion,naive_trust,30,1000,5.0,1.0,0.6,0.05,0.3,5,0.1,6.0,0.05,0,0.2,5.0,0,0,0.0,0.6,0.3,0.8,0.1,3,3,0.4,0.6,0,-0.8706249999999983,-0.9026849999999985,-0.8395099999999982,,,
retry,retry-211,verify_and_retry,always_verify,30,1000,5.0,1.0,0.6,0.05,0.3,5,0.1,6.0,0.05,0,0.2,5.0,0,0,0.0,0.6,0.3,0.8,0.1,3,3,0.4,0.6,0,-0.030589999999999895,-0.034344999999999924,-0.026909999999999913,-0.03149999999999999,0.0009100000000000982,4.3021142204224816e-16
retry,retry-212,repair_no_exclusion,naive_trust,30,1000,5.0,1.0,1.5,0.05,0.3,5,0.1,6.0,0.05,0,0.2,5.0,0,0,0.0,0.6,0.3,0.8,0.1,3,3,0.4,0.6,0,-1.2770649999999992,-1.3196999999999992,-1.234509999999999,,,
retry,retry-212,verify_and_retry,always_verify,30,1000,5.0,1.0,1.5,0.05,0.3,5,0.1,6.0,0.05,0,0.2,5.0,0,0,0.0,0.6,0.3,0.8,0.1,3,3,0.4,0.6,0,-0.030589999999999958,-0.034344999999999945,-0.026909999999999924,-0.03149999999999999,0.0009100000000000358,2.0469737016526324e-16
retry,retry-213,repair_no_exclusion,naive_trust,30,1000,5.0,1.0,0.01,0.05,0.3,5,0.1,6.0,0.25,0,0.2,5.0,0,0,0.0,0.6,0.3,0.8,0.1,3,3,0.4,0.6,0,-0.789025499999999,-0.8130869999999989,-0.7657929999999991,,,
retry,retry-213,verify_and_retry,always_verify,30,1000,5.0,1.0,0.01,0.05,0.3,5,0.1,6.0,0.25,0,0.2,5.0,0,0,0.0,0.6,0.3,0.8,0.1,3,3,0.4,0.6,0,-0.16038999999999995,-0.17046499999999995,-0.14950499999999994,-0.15749999999999997,-0.002889999999999976,2.7755575615628914e-16
retry,retry-214,repair_no_exclusion,naive_trust,30,1000,5.0,1.0,0.6,0.05,0.3,5,0.1,6.0,0.25,0,0.2,5.0,0,0,0.0,0.6,0.3,0.8,0.1,3,3,0.4,0.6,0,-1.1893700000000031,-1.2202150000000034,-1.1596850000000027,,,
retry,retry-214,verify_and_retry,always_verify,30,1000,5.0,1.0,0.6,0.05,0.3,5,0.1,6.0,0.25,0,0.2,5.0,0,0,0.0,0.6,0.3,0.8,0.1,3,3,0.4,0.6,0,-0.16038999999999975,-0.17046499999999976,-0.14950499999999972,-0.15749999999999997,-0.0028899999999997816,4.718447854656915e-16
retry,retry-215,repair_no_exclusion,naive_trust,30,1000,5.0,1.0,1.5,0.05,0.3,5,0.1,6.0,0.25,0,0.2,5.0,0,0,0.0,0.6,0.3,0.8,0.1,3,3,0.4,0.6,0,-1.800064999999999,-1.842699999999999,-1.7598549999999993,,,
retry,retry-215,verify_and_retry,always_verify,30,1000,5.0,1.0,1.5,0.05,0.3,5,0.1,6.0,0.25,0,0.2,5.0,0,0,0.0,0.6,0.3,0.8,0.1,3,3,0.4,0.6,0,-0.16038999999999987,-0.17046499999999987,-0.14950499999999986,-0.15749999999999997,-0.0028899999999998927,3.3306690738754696e-16
retry,retry-216,repair_no_exclusion,naive_trust,30,1000,5.0,1.0,0.01,0.05,0.3,0.2,0.1,6.0,0.05,0,0.2,5.0,0,0,0.0,0.95,0.3,0.8,0.1,3,3,0.4,0.6,0,-0.3741124999999993,-0.4071634999999992,-0.3435014999999993,,,
retry,retry-216,verify_and_retry,always_verify,30,1000,5.0,1.0,0.01,0.05,0.3,0.2,0.1,6.0,0.05,0,0.2,5.0,0,0,0.0,0.95,0.3,0.8,0.1,3,3,0.4,0.6,0,0.11749000000000018,0.10506500000000019,0.1293950000000002,0.11585,0.001640000000000183,5.412337245047638e-16
retry,retry-217,repair_no_exclusion,naive_trust,30,1000,5.0,1.0,0.6,0.05,0.3,0.2,0.1,6.0,0.05,0,0.2,5.0,0,0,0.0,0.95,0.3,0.8,0.1,3,3,0.4,0.6,0,-0.617044999999998,-0.658224999999998,-0.5788099999999978,,,
retry,retry-217,verify_and_retry,always_verify,30,1000,5.0,1.0,0.6,0.05,0.3,0.2,0.1,6.0,0.05,0,0.2,5.0,0,0,0.0,0.95,0.3,0.8,0.1,3,3,0.4,0.6,0,0.1174900000000001,0.10506500000000007,0.1293950000000002,0.11585,0.0016400000000000997,4.579669976578771e-16
retry,retry-218,repair_no_exclusion,naive_trust,30,1000,5.0,1.0,1.5,0.05,0.3,0.2,0.1,6.0,0.05,0,0.2,5.0,0,0,0.0,0.95,0.3,0.8,0.1,3,3,0.4,0.6,0,-0.9876199999999992,-1.0411399999999993,-0.9375699999999991,,,
retry,retry-218,verify_and_retry,always_verify,30,1000,5.0,1.0,1.5,0.05,0.3,0.2,0.1,6.0,0.05,0,0.2,5.0,0,0,0.0,0.95,0.3,0.8,0.1,3,3,0.4,0.6,0,0.11749000000000001,0.10506499999999996,0.129395,0.11585,0.0016400000000000164,2.220446049250313e-16
retry,retry-219,repair_no_exclusion,naive_trust,30,1000,5.0,1.0,0.01,0.05,0.3,0.2,0.1,6.0,0.25,0,0.2,5.0,0,0,0.0,0.95,0.3,0.8,0.1,3,3,0.4,0.6,0,0.20356150000000106,0.16148300000000093,0.24538550000000114,,,
retry,retry-219,verify_and_retry,always_verify,30,1000,5.0,1.0,0.01,0.05,0.3,0.2,0.1,6.0,0.25,0,0.2,5.0,0,0,0.0,0.95,0.3,0.8,0.1,3,3,0.4,0.6,0,0.5833700000000002,0.5644650000000001,0.60204,0.5792499999999999,0.004120000000000235,5.551115123125783e-16
retry,retry-220,repair_no_exclusion,naive_trust,30,1000,5.0,1.0,0.6,0.05,0.3,0.2,0.1,6.0,0.25,0,0.2,5.0,0,0,0.0,0.95,0.3,0.8,0.1,3,3,0.4,0.6,0,-0.11730999999999994,-0.16814500000000024,-0.06659499999999954,,,
retry,retry-220,verify_and_retry,always_verify,30,1000,5.0,1.0,0.6,0.05,0.3,0.2,0.1,6.0,0.25,0,0.2,5.0,0,0,0.0,0.95,0.3,0.8,0.1,3,3,0.4,0.6,0,0.5833700000000003,0.5644650000000002,0.6020400000000004,0.5792499999999999,0.004120000000000346,5.551115123125783e-16
retry,retry-221,repair_no_exclusion,naive_trust,30,1000,5.0,1.0,1.5,0.05,0.3,0.2,0.1,6.0,0.25,0,0.2,5.0,0,0,0.0,0.95,0.3,0.8,0.1,3,3,0.4,0.6,0,-0.6067749999999991,-0.6719599999999991,-0.543474999999999,,,
retry,retry-221,verify_and_retry,always_verify,30,1000,5.0,1.0,1.5,0.05,0.3,0.2,0.1,6.0,0.25,0,0.2,5.0,0,0,0.0,0.95,0.3,0.8,0.1,3,3,0.4,0.6,0,0.5833700000000002,0.5644650000000002,0.6020400000000002,0.5792499999999999,0.004120000000000235,3.3306690738754696e-16
retry,retry-222,repair_no_exclusion,naive_trust,30,1000,5.0,1.0,0.01,0.05,0.3,1,0.1,6.0,0.05,0,0.2,5.0,0,0,0.0,0.95,0.3,0.8,0.1,3,3,0.4,0.6,0,-0.40791249999999923,-0.4397719999999993,-0.37818899999999933,,,
retry,retry-222,verify_and_retry,always_verify,30,1000,5.0,1.0,0.01,0.05,0.3,1,0.1,6.0,0.05,0,0.2,5.0,0,0,0.0,0.95,0.3,0.8,0.1,3,3,0.4,0.6,0,0.0908100000000001,0.08025000000000009,0.10089500000000014,0.08924999999999998,0.0015600000000001168,3.3306690738754696e-16
retry,retry-223,repair_no_exclusion,naive_trust,30,1000,5.0,1.0,0.6,0.05,0.3,1,0.1,6.0,0.05,0,0.2,5.0,0,0,0.0,0.95,0.3,0.8,0.1,3,3,0.4,0.6,0,-0.6508449999999979,-0.690569999999998,-0.6139499999999979,,,
retry,retry-223,verify_and_retry,always_verify,30,1000,5.0,1.0,0.6,0.05,0.3,1,0.1,6.0,0.05,0,0.2,5.0,0,0,0.0,0.95,0.3,0.8,0.1,3,3,0.4,0.6,0,0.09081000000000007,0.08025000000000007,0.10089500000000007,0.08924999999999998,0.001560000000000089,3.885780586188048e-16
retry,retry-224,repair_no_exclusion,naive_trust,30,1000,5.0,1.0,1.5,0.05,0.3,1,0.1,6.0,0.05,0,0.2,5.0,0,0,0.0,0.95,0.3,0.8,0.1,3,3,0.4,0.6,0,-1.0214199999999993,-1.0737799999999993,-0.9723049999999993,,,
retry,retry-224,verify_and_retry,always_verify,30,1000,5.0,1.0,1.5,0.05,0.3,1,0.1,6.0,0.05,0,0.2,5.0,0,0,0.0,0.95,0.3,0.8,0.1,3,3,0.4,0.6,0,0.09081000000000004,0.08025000000000007,0.10089500000000003,0.08924999999999998,0.0015600000000000613,1.942890293094024e-16
retry,retry-225,repair_no_exclusion,naive_trust,30,1000,5.0,1.0,0.01,0.05,0.3,1,0.1,6.0,0.25,0,0.2,5.0,0,0,0.0,0.95,0.3,0.8,0.1,3,3,0.4,0.6,0,0.04180150000000109,0.002555500000001065,0.0810250000000011,,,
retry,retry-225,verify_and_retry,always_verify,30,1000,5.0,1.0,0.01,0.05,0.3,1,0.1,6.0,0.25,0,0.2,5.0,0,0,0.0,0.95,0.3,0.8,0.1,3,3,0.4,0.6,0,0.44941000000000003,0.434255,0.46543,0.4462499999999999,0.003160000000000107,2.220446049250313e-16
retry,retry-226,repair_no_exclusion,naive_trust,30,1000,5.0,1.0,0.6,0.05,0.3,1,0.1,6.0,0.25,0,0.2,5.0,0,0,0.0,0.95,0.3,0.8,0.1,3,3,0.4,0.6,0,-0.27907,-0.32765000000000033,-0.23136499999999982,,,
retry,retry-226,verify_and_retry,always_verify,30,1000,5.0,1.0,0.6,0.05,0.3,1,0.1,6.0,0.25,0,0.2,5.0,0,0,0.0,0.95,0.3,0.8,0.1,3,3,0.4,0.6,0,0.4494100000000002,0.43425500000000017,0.4654300000000002,0.4462499999999999,0.0031600000000002737,5.551115123125783e-16
retry,retry-227,repair_no_exclusion,naive_trust,30,1000,5.0,1.0,1.5,0.05,0.3,1,0.1,6.0,0.25,0,0.2,5.0,0,0,0.0,0.95,0.3,0.8,0.1,3,3,0.4,0.6,0,-0.768534999999999,-0.831389999999999,-0.7074099999999989,,,
retry,retry-227,verify_and_retry,always_verify,30,1000,5.0,1.0,1.5,0.05,0.3,1,0.1,6.0,0.25,0,0.2,5.0,0,0,0.0,0.95,0.3,0.8,0.1,3,3,0.4,0.6,0,0.44941000000000014,0.43425500000000017,0.4654300000000002,0.4462499999999999,0.003160000000000218,2.7755575615628914e-16
retry,retry-228,repair_no_exclusion,naive_trust,30,1000,5.0,1.0,0.01,0.05,0.3,3,0.1,6.0,0.05,0,0.2,5.0,0,0,0.0,0.95,0.3,0.8,0.1,3,3,0.4,0.6,0,-0.4924124999999993,-0.5216304999999993,-0.46448649999999925,,,
retry,retry-228,verify_and_retry,always_verify,30,1000,5.0,1.0,0.01,0.05,0.3,3,0.1,6.0,0.05,0,0.2,5.0,0,0,0.0,0.95,0.3,0.8,0.1,3,3,0.4,0.6,0,0.02411000000000012,0.018090000000000116,0.030045000000000145,0.022749999999999996,0.001360000000000125,4.85722573273506e-16
retry,retry-229,repair_no_exclusion,naive_trust,30,1000,5.0,1.0,0.6,0.05,0.3,3,0.1,6.0,0.05,0,0.2,5.0,0,0,0.0,0.95,0.3,0.8,0.1,3,3,0.4,0.6,0,-0.7353449999999979,-0.772544999999998,-0.7001549999999979,,,
retry,retry-229,verify_and_retry,always_verify,30,1000,5.0,1.0,0.6,0.05,0.3,3,0.1,6.0,0.05,0,0.2,5.0,0,0,0.0,0.95,0.3,0.8,0.1,3,3,0.4,0.6,0,0.02411000000000012,0.018090000000000116,0.03004500000000012,0.022749999999999996,0.001360000000000125,3.885780586188048e-16
retry,retry-230,repair_no_exclusion,naive_trust,30,1000,5.0,1.0,1.5,0.05,0.3,3,0.1,6.0,0.05,0,0.2,5.0,0,0,0.0,0.95,0.3,0.8,0.1,3,3,0.4,0.6,0,-1.1059199999999993,-1.1554199999999992,-1.0588049999999993,,,
retry,retry-230,verify_and_retry,always_verify,30,1000,5.0,1.0,1.5,0.05,0.3,3,0.1,6.0,0.05,0,0.2,5.0,0,0,0.0,0.95,0.3,0.8,0.1,3,3,0.4,0.6,0,0.02411000000000003,0.01809000000000004,0.030045000000000044,0.022749999999999996,0.0013600000000000348,1.9081958235744878e-16
retry,retry-231,repair_no_exclusion,naive_trust,30,1000,5.0,1.0,0.01,0.05,0.3,3,0.1,6.0,0.25,0,0.2,5.0,0,0,0.0,0.95,0.3,0.8,0.1,3,3,0.4,0.6,0,-0.36259849999999894,-0.3952294999999989,-0.32933449999999886,,,
retry,retry-231,verify_and_retry,always_verify,30,1000,5.0,1.0,0.01,0.05,0.3,3,0.1,6.0,0.25,0,0.2,5.0,0,0,0.0,0.95,0.3,0.8,0.1,3,3,0.4,0.6,0,0.11451000000000007,0.10518000000000013,0.12473000000000005,0.11374999999999998,0.0007600000000000939,5.134781488891349e-16
retry,retry-232,repair_no_exclusion,naive_trust,30,1000,5.0,1.0,0.6,0.05,0.3,3,0.1,6.0,0.25,0,0.2,5.0,0,0,0.0,0.95,0.3,0.8,0.1,3,3,0.4,0.6,0,-0.68347,-0.7258350000000003,-0.6418699999999996,,,
retry,retry-232,verify_and_retry,always_verify,30,1000,5.0,1.0,0.6,0.05,0.3,3,0.1,6.0,0.25,0,0.2,5.0,0,0,0.0,0.95,0.3,0.8,0.1,3,3,0.4,0.6,0,0.11451000000000022,0.10518000000000019,0.12473000000000019,0.11374999999999998,0.0007600000000002466,4.996003610813204e-16
retry,retry-233,repair_no_exclusion,naive_trust,30,1000,5.0,1.0,1.5,0.05,0.3,3,0.1,6.0,0.25,0,0.2,5.0,0,0,0.0,0.95,0.3,0.8,0.1,3,3,0.4,0.6,0,-1.172934999999999,-1.230404999999999,-1.1180499999999989,,,
retry,retry-233,verify_and_retry,always_verify,30,1000,5.0,1.0,1.5,0.05,0.3,3,0.1,6.0,0.25,0,0.2,5.0,0,0,0.0,0.95,0.3,0.8,0.1,3,3,0.4,0.6,0,0.11451000000000014,0.10518000000000013,0.12473000000000012,0.11374999999999998,0.0007600000000001633,2.3592239273284576e-16
retry,retry-234,repair_no_exclusion,naive_trust,30,1000,5.0,1.0,0.01,0.05,0.3,5,0.1,6.0,0.05,0,0.2,5.0,0,0,0.0,0.95,0.3,0.8,0.1,3,3,0.4,0.6,0,-0.5769124999999992,-0.6036489999999992,-0.5506589999999992,,,
retry,retry-234,verify_and_retry,always_verify,30,1000,5.0,1.0,0.01,0.05,0.3,5,0.1,6.0,0.05,0,0.2,5.0,0,0,0.0,0.95,0.3,0.8,0.1,3,3,0.4,0.6,0,-0.042589999999999836,-0.04748499999999987,-0.037884999999999766,-0.04375,0.001160000000000161,6.730727086790012e-16
retry,retry-235,repair_no_exclusion,naive_trust,30,1000,5.0,1.0,0.6,0.05,0.3,5,0.1,6.0,0.05,0,0.2,5.0,0,0,0.0,0.95,0.3,0.8,0.1,3,3,0.4,0.6,0,-0.8198449999999979,-0.8542099999999978,-0.786024999999998,,,
retry,retry-235,verify_and_retry,always_verify,30,1000,5.0,1.0,0.6,0.05,0.3,5,0.1,6.0,0.05,0,0.2,5.0,0,0,0.0,0.95,0.3,0.8,0.1,3,3,0.4,0.6,0,-0.04258999999999985,-0.047484999999999875,-0.037884999999999766,-0.04375,0.001160000000000147,4.891920202254596e-16
retry,retry-236,repair_no_exclusion,naive_trust,30,1000,5.0,1.0,1.5,0.05,0.3,5,0.1,6.0,0.05,0,0.2,5.0,0,0,0.0,0.95,0.3,0.8,0.1,3,3,0.4,0.6,0,-1.1904199999999994,-1.2369999999999994,-1.1447299999999994,,,
retry,retry-236,verify_and_retry,always_verify,30,1000,5.0,1.0,1.5,0.05,0.3,5,0.1,6.0,0.05,0,0.2,5.0,0,0,0.0,0.95,0.3,0.8,0.1,3,3,0.4,0.6,0,-0.04258999999999997,-0.04748499999999996,-0.03788499999999998,-0.04375,0.001160000000000029,1.942890293094024e-16
retry,retry-237,repair_no_exclusion,naive_trust,30,1000,5.0,1.0,0.01,0.05,0.3,5,0.1,6.0,0.25,0,0.2,5.0,0,0,0.0,0.95,0.3,0.8,0.1,3,3,0.4,0.6,0,-0.7669984999999989,-0.7981944999999989,-0.7366759999999989,,,
retry,retry-237,verify_and_retry,always_verify,30,1000,5.0,1.0,0.01,0.05,0.3,5,0.1,6.0,0.25,0,0.2,5.0,0,0,0.0,0.95,0.3,0.8,0.1,3,3,0.4,0.6,0,-0.22038999999999992,-0.2318449999999999,-0.20829499999999995,-0.21875,-0.0016399999999999193,2.7755575615628914e-16
retry,retry-238,repair_no_exclusion,naive_trust,30,1000,5.0,1.0,0.6,0.05,0.3,5,0.1,6.0,0.25,0,0.2,5.0,0,0,0.0,0.95,0.3,0.8,0.1,3,3,0.4,0.6,0,-1.0878700000000001,-1.1284400000000006,-1.0502249999999997,,,
retry,retry-238,verify_and_retry,always_verify,30,1000,5.0,1.0,0.6,0.05,0.3,5,0.1,6.0,0.25,0,0.2,5.0,0,0,0.0,0.95,0.3,0.8,0.1,3,3,0.4,0.6,0,-0.22038999999999978,-0.23184499999999977,-0.20829499999999976,-0.21875,-0.0016399999999997805,4.996003610813204e-16
retry,retry-239,repair_no_exclusion,naive_trust,30,1000,5.0,1.0,1.5,0.05,0.3,5,0.1,6.0,0.25,0,0.2,5.0,0,0,0.0,0.95,0.3,0.8,0.1,3,3,0.4,0.6,0,-1.577334999999999,-1.632769999999999,-1.526349999999999,,,
retry,retry-239,verify_and_retry,always_verify,30,1000,5.0,1.0,1.5,0.05,0.3,5,0.1,6.0,0.25,0,0.2,5.0,0,0,0.0,0.95,0.3,0.8,0.1,3,3,0.4,0.6,0,-0.22038999999999986,-0.23184499999999986,-0.2082949999999999,-0.21875,-0.0016399999999998638,3.3306690738754696e-16
scope,scope-000,scope_only,naive_trust,30,1000,5.0,1.0,0.6,0.05,0.3,1.0,0.1,1,0,0,0.2,5.0,0,0,0.0,0.6,0,0.8,0.1,3,3,0.4,0.6,0,-0.09999999999999876,-0.09999999999999876,-0.09999999999999876,-0.1,1.2490009027033011e-15,1.2490009027033011e-15
scope,scope-001,scope_only,naive_trust,30,1000,5.0,1.0,0.6,0.05,0.3,1.0,0.6,1,0,0,0.2,5.0,0,0,0.0,0.6,0,0.8,0.1,3,3,0.4,0.6,0,-0.6000000000000112,-0.6000000000000112,-0.6000000000000112,-0.6,-1.1213252548714081e-14,1.1213252548714081e-14
scope,scope-002,scope_only,naive_trust,30,1000,5.0,1.0,0.6,0.05,0.3,1.0,0.1,6,0,0,0.2,5.0,0,0,0.0,0.6,0,0.8,0.1,3,3,0.4,0.6,0,-0.09999999999999876,-0.09999999999999876,-0.09999999999999876,-0.1,1.2490009027033011e-15,1.2490009027033011e-15
scope,scope-003,scope_only,naive_trust,30,1000,5.0,1.0,0.6,0.05,0.3,1.0,0.6,6,0,0,0.2,5.0,0,0,0.0,0.6,0,0.8,0.1,3,3,0.4,0.6,0,-0.6000000000000112,-0.6000000000000112,-0.6000000000000112,-0.6,-1.1213252548714081e-14,1.1213252548714081e-14
scope,scope-004,scope_only,naive_trust,30,1000,5.0,1.0,0.6,0.05,0.3,1.0,0.1,12,0,0,0.2,5.0,0,0,0.0,0.6,0,0.8,0.1,3,3,0.4,0.6,0,-0.09999999999999876,-0.09999999999999876,-0.09999999999999876,-0.1,1.2490009027033011e-15,1.2490009027033011e-15
scope,scope-005,scope_only,naive_trust,30,1000,5.0,1.0,0.6,0.05,0.3,1.0,0.6,12,0,0,0.2,5.0,0,0,0.0,0.6,0,0.8,0.1,3,3,0.4,0.6,0,-0.6000000000000112,-0.6000000000000112,-0.6000000000000112,-0.6,-1.1213252548714081e-14,1.1213252548714081e-14
scope,scope-006,scope_only,naive_trust,30,1000,5.0,1.0,0.6,0.05,0.3,1.0,0.1,1,0,0,0.2,5.0,0,0.01,0.0,0.6,0,0.8,0.1,3,3,0.4,0.6,0,-0.11799999999999873,-0.12114999999999872,-0.11514999999999867,-0.11800000000000001,1.27675647831893e-15,1.6792123247455493e-15
scope,scope-007,scope_only,naive_trust,30,1000,5.0,1.0,0.6,0.05,0.3,1.0,0.6,1,0,0,0.2,5.0,0,0.01,0.0,0.6,0,0.8,0.1,3,3,0.4,0.6,0,-0.6180000000000114,-0.6211500000000114,-0.6151500000000114,-0.618,-1.1435297153639112e-14,1.176836406102666e-14
scope,scope-008,scope_only,naive_trust,30,1000,5.0,1.0,0.6,0.05,0.3,1.0,0.1,6,0,0,0.2,5.0,0,0.01,0.0,0.6,0,0.8,0.1,3,3,0.4,0.6,0,-0.08799999999999872,-0.08989999999999872,-0.0858999999999988,-0.08800000000000001,1.2906342661267445e-15,1.4849232954361469e-15
scope,scope-009,scope_only,naive_trust,30,1000,5.0,1.0,0.6,0.05,0.3,1.0,0.6,6,0,0,0.2,5.0,0,0.01,0.0,0.6,0,0.8,0.1,3,3,0.4,0.6,0,-0.5880000000000114,-0.5899000000000114,-0.5859000000000114,-0.588,-1.1435297153639112e-14,1.1657341758564144e-14
scope,scope-010,scope_only,naive_trust,30,1000,5.0,1.0,0.6,0.05,0.3,1.0,0.1,12,0,0,0.2,5.0,0,0.01,0.0,0.6,0,0.8,0.1,3,3,0.4,0.6,0,-0.051999999999998645,-0.059599999999998675,-0.04359999999999868,-0.052000000000000005,1.3600232051658168e-15,1.7555401576885288e-15
scope,scope-011,scope_only,naive_trust,30,1000,5.0,1.0,0.6,0.05,0.3,1.0,0.6,12,0,0,0.2,5.0,0,0.01,0.0,0.6,0,0.8,0.1,3,3,0.4,0.6,0,-0.5520000000000111,-0.5596000000000112,-0.5436000000000112,-0.5519999999999999,-1.1213252548714081e-14,1.1213252548714081e-14
scope,scope-012,scope_only,naive_trust,30,1000,5.0,1.0,0.6,0.05,0.3,1.0,0.1,1,0,0,0.2,5.0,0,0.05,0.0,0.6,0,0.8,0.1,3,3,0.4,0.6,0,-0.19239999999999863,-0.19674999999999865,-0.18759999999999868,-0.19,-0.0023999999999986255,1.609823385706477e-15
scope,scope-013,scope_only,naive_trust,30,1000,5.0,1.0,0.6,0.05,0.3,1.0,0.6,1,0,0,0.2,5.0,0,0.05,0.0,0.6,0,0.8,0.1,3,3,0.4,0.6,0,-0.6924000000000115,-0.6967500000000115,-0.6876000000000115,-0.69,-0.002400000000011504,1.176836406102666e-14
scope,scope-014,scope_only,naive_trust,30,1000,5.0,1.0,0.6,0.05,0.3,1.0,0.1,6,0,0,0.2,5.0,0,0.05,0.0,0.6,0,0.8,0.1,3,3,0.4,0.6,0,-0.03839999999999873,-0.04159999999999873,-0.035499999999998755,-0.04000000000000001,0.001600000000001281,1.5334955527634975e-15
scope,scope-015,scope_only,naive_trust,30,1000,5.0,1.0,0.6,0.05,0.3,1.0,0.6,6,0,0,0.2,5.0,0,0.05,0.0,0.6,0,0.8,0.1,3,3,0.4,0.6,0,-0.5384000000000114,-0.5416000000000114,-0.5355000000000114,-0.54,0.0015999999999886105,1.1546319456101628e-14
scope,scope-016,scope_only,naive_trust,30,1000,5.0,1.0,0.6,0.05,0.3,1.0,0.1,12,0,0,0.2,5.0,0,0.05,0.0,0.6,0,0.8,0.1,3,3,0.4,0.6,0,0.14640000000000145,0.13360000000000144,0.15800000000000142,0.13999999999999999,0.00640000000000146,1.4988010832439613e-15
scope,scope-017,scope_only,naive_trust,30,1000,5.0,1.0,0.6,0.05,0.3,1.0,0.6,12,0,0,0.2,5.0,0,0.05,0.0,0.6,0,0.8,0.1,3,3,0.4,0.6,0,-0.3536000000000114,-0.36640000000001144,-0.3420000000000114,-0.36,0.0063999999999885815,1.1546319456101628e-14
scope,scope-018,scope_only,naive_trust,30,1000,5.0,1.0,0.6,0.05,0.3,1.0,0.1,1,0,0,0.2,5.0,0,0.2,0.0,0.6,0,0.8,0.1,3,3,0.4,0.6,0,-0.46569999999999856,-0.47979999999999856,-0.4493499999999986,-0.45999999999999996,-0.005699999999998595,1.609823385706477e-15
scope,scope-019,scope_only,naive_trust,30,1000,5.0,1.0,0.6,0.05,0.3,1.0,0.6,1,0,0,0.2,5.0,0,0.2,0.0,0.6,0,0.8,0.1,3,3,0.4,0.6,0,-0.9657000000000113,-0.9798000000000113,-0.9493500000000112,-0.96,-0.005700000000011363,1.1657341758564144e-14
scope,scope-020,scope_only,naive_trust,30,1000,5.0,1.0,0.6,0.05,0.3,1.0,0.1,6,0,0,0.2,5.0,0,0.2,0.0,0.6,0,0.8,0.1,3,3,0.4,0.6,0,0.14380000000000137,0.13280000000000136,0.1532000000000014,0.13999999999999999,0.0038000000000013856,1.5265566588595902e-15
scope,scope-021,scope_only,naive_trust,30,1000,5.0,1.0,0.6,0.05,0.3,1.0,0.6,6,0,0,0.2,5.0,0,0.2,0.0,0.6,0,0.8,0.1,3,3,0.4,0.6,0,-0.3562000000000114,-0.3672000000000114,-0.3468000000000114,-0.36,0.0037999999999885903,1.1657341758564144e-14
scope,scope-022,scope_only,naive_trust,30,1000,5.0,1.0,0.6,0.05,0.3,1.0,0.1,12,0,0,0.2,5.0,0,0.2,0.0,0.6,0,0.8,0.1,3,3,0.4,0.6,0,0.8752000000000013,0.8312000000000014,0.9128000000000014,0.86,0.015200000000001324,1.6653345369377348e-15
scope,scope-023,scope_only,naive_trust,30,1000,5.0,1.0,0.6,0.05,0.3,1.0,0.6,12,0,0,0.2,5.0,0,0.2,0.0,0.6,0,0.8,0.1,3,3,0.4,0.6,0,0.3751999999999886,0.33119999999998856,0.4127999999999886,0.36,0.015199999999988612,1.1657341758564144e-14
scope,scope-024,scope_only,naive_trust,30,1000,5.0,1.0,0.6,0.05,0.3,1.0,0.1,1,0,0,0.2,5.0,0,0.35,0.0,0.6,0,0.8,0.1,3,3,0.4,0.6,0,-0.7347999999999986,-0.7521999999999986,-0.7149999999999985,-0.73,-0.004799999999998583,1.7763568394002505e-15
scope,scope-025,scope_only,naive_trust,30,1000,5.0,1.0,0.6,0.05,0.3,1.0,0.6,1,0,0,0.2,5.0,0,0.35,0.0,0.6,0,0.8,0.1,3,3,0.4,0.6,0,-1.2348000000000112,-1.2522000000000113,-1.2150000000000112,-1.23,-0.00480000000001124,1.1546319456101628e-14
scope,scope-026,scope_only,naive_trust,30,1000,5.0,1.0,0.6,0.05,0.3,1.0,0.1,6,0,0,0.2,5.0,0,0.35,0.0,0.6,0,0.8,0.1,3,3,0.4,0.6,0,0.32320000000000143,0.3100000000000015,0.33460000000000145,0.31999999999999995,0.0032000000000014794,1.8041124150158794e-15
scope,scope-027,scope_only,naive_trust,30,1000,5.0,1.0,0.6,0.05,0.3,1.0,0.6,6,0,0,0.2,5.0,0,0.35,0.0,0.6,0,0.8,0.1,3,3,0.4,0.6,0,-0.17680000000001134,-0.19000000000001133,-0.16540000000001137,-0.18,0.0031999999999886564,1.149080830487037e-14
scope,scope-028,scope_only,naive_trust,30,1000,5.0,1.0,0.6,0.05,0.3,1.0,0.1,12,0,0,0.2,5.0,0,0.35,0.0,0.6,0,0.8,0.1,3,3,0.4,0.6,0,1.5928000000000013,1.5400000000000014,1.6384000000000014,1.5799999999999998,0.012800000000001477,1.5543122344752192e-15
scope,scope-029,scope_only,naive_trust,30,1000,5.0,1.0,0.6,0.05,0.3,1.0,0.6,12,0,0,0.2,5.0,0,0.35,0.0,0.6,0,0.8,0.1,3,3,0.4,0.6,0,1.0927999999999887,1.0399999999999887,1.1383999999999888,1.08,0.012799999999988598,1.1546319456101628e-14
scope,scope-030,scope_only,naive_trust,30,1000,5.0,1.0,0.6,0.05,0.3,1.0,0.1,1,0,0,0.2,5.0,0,0,0.0,0.95,0,0.8,0.1,3,3,0.4,0.6,0,-0.09999999999999876,-0.09999999999999876,-0.09999999999999876,-0.1,1.2490009027033011e-15,1.2490009027033011e-15
scope,scope-031,scope_only,naive_trust,30,1000,5.0,1.0,0.6,0.05,0.3,1.0,0.6,1,0,0,0.2,5.0,0,0,0.0,0.95,0,0.8,0.1,3,3,0.4,0.6,0,-0.6000000000000112,-0.6000000000000112,-0.6000000000000112,-0.6,-1.1213252548714081e-14,1.1213252548714081e-14
scope,scope-032,scope_only,naive_trust,30,1000,5.0,1.0,0.6,0.05,0.3,1.0,0.1,6,0,0,0.2,5.0,0,0,0.0,0.95,0,0.8,0.1,3,3,0.4,0.6,0,-0.09999999999999876,-0.09999999999999876,-0.09999999999999876,-0.1,1.2490009027033011e-15,1.2490009027033011e-15
scope,scope-033,scope_only,naive_trust,30,1000,5.0,1.0,0.6,0.05,0.3,1.0,0.6,6,0,0,0.2,5.0,0,0,0.0,0.95,0,0.8,0.1,3,3,0.4,0.6,0,-0.6000000000000112,-0.6000000000000112,-0.6000000000000112,-0.6,-1.1213252548714081e-14,1.1213252548714081e-14
scope,scope-034,scope_only,naive_trust,30,1000,5.0,1.0,0.6,0.05,0.3,1.0,0.1,12,0,0,0.2,5.0,0,0,0.0,0.95,0,0.8,0.1,3,3,0.4,0.6,0,-0.09999999999999876,-0.09999999999999876,-0.09999999999999876,-0.1,1.2490009027033011e-15,1.2490009027033011e-15
scope,scope-035,scope_only,naive_trust,30,1000,5.0,1.0,0.6,0.05,0.3,1.0,0.6,12,0,0,0.2,5.0,0,0,0.0,0.95,0,0.8,0.1,3,3,0.4,0.6,0,-0.6000000000000112,-0.6000000000000112,-0.6000000000000112,-0.6,-1.1213252548714081e-14,1.1213252548714081e-14
scope,scope-036,scope_only,naive_trust,30,1000,5.0,1.0,0.6,0.05,0.3,1.0,0.1,1,0,0,0.2,5.0,0,0.01,0.0,0.95,0,0.8,0.1,3,3,0.4,0.6,0,-0.1307499999999988,-0.13479999999999878,-0.12684999999999874,-0.1285,-0.0022499999999988085,1.4432899320127035e-15
scope,scope-037,scope_only,naive_trust,30,1000,5.0,1.0,0.6,0.05,0.3,1.0,0.6,1,0,0,0.2,5.0,0,0.01,0.0,0.95,0,0.8,0.1,3,3,0.4,0.6,0,-0.6307500000000114,-0.6348000000000112,-0.6268500000000113,-0.6285,-0.0022500000000114095,1.1657341758564144e-14
scope,scope-038,scope_only,naive_trust,30,1000,5.0,1.0,0.6,0.05,0.3,1.0,0.1,6,0,0,0.2,5.0,0,0.01,0.0,0.95,0,0.8,0.1,3,3,0.4,0.6,0,-0.0794999999999988,-0.08209999999999881,-0.07679999999999883,-0.081,0.0015000000000012087,1.27675647831893e-15
scope,scope-039,scope_only,naive_trust,30,1000,5.0,1.0,0.6,0.05,0.3,1.0,0.6,6,0,0,0.2,5.0,0,0.01,0.0,0.95,0,0.8,0.1,3,3,0.4,0.6,0,-0.5795000000000113,-0.5821000000000114,-0.5768000000000113,-0.581,0.0014999999999886215,1.1657341758564144e-14
scope,scope-040,scope_only,naive_trust,30,1000,5.0,1.0,0.6,0.05,0.3,1.0,0.1,12,0,0,0.2,5.0,0,0.01,0.0,0.95,0,0.8,0.1,3,3,0.4,0.6,0,-0.017999999999998684,-0.028399999999998694,-0.0071999999999986745,-0.024000000000000007,0.006000000000001324,1.3565537582138631e-15
scope,scope-041,scope_only,naive_trust,30,1000,5.0,1.0,0.6,0.05,0.3,1.0,0.6,12,0,0,0.2,5.0,0,0.01,0.0,0.95,0,0.8,0.1,3,3,0.4,0.6,0,-0.5180000000000111,-0.5284000000000111,-0.5072000000000111,-0.524,0.005999999999988903,1.1102230246251565e-14
scope,scope-042,scope_only,naive_trust,30,1000,5.0,1.0,0.6,0.05,0.3,1.0,0.1,1,0,0,0.2,5.0,0,0.05,0.0,0.95,0,0.8,0.1,3,3,0.4,0.6,0,-0.24564999999999876,-0.25164999999999876,-0.23994999999999883,-0.24250000000000002,-0.003149999999998737,1.6653345369377348e-15
scope,scope-043,scope_only,naive_trust,30,1000,5.0,1.0,0.6,0.05,0.3,1.0,0.6,1,0,0,0.2,5.0,0,0.05,0.0,0.95,0,0.8,0.1,3,3,0.4,0.6,0,-0.7456500000000114,-0.7516500000000115,-0.7399500000000114,-0.7424999999999999,-0.0031500000000114214,1.176836406102666e-14
scope,scope-044,scope_only,naive_trust,30,1000,5.0,1.0,0.6,0.05,0.3,1.0,0.1,6,0,0,0.2,5.0,0,0.05,0.0,0.95,0,0.8,0.1,3,3,0.4,0.6,0,-0.0028999999999987035,-0.006699999999998707,0.0011000000000013,-0.0050000000000000044,0.002100000000001301,1.569057384021022e-15
scope,scope-045,scope_only,naive_trust,30,1000,5.0,1.0,0.6,0.05,0.3,1.0,0.6,6,0,0,0.2,5.0,0,0.05,0.0,0.95,0,0.8,0.1,3,3,0.4,0.6,0,-0.5029000000000114,-0.5067000000000115,-0.49890000000001145,-0.505,0.0020999999999885555,1.176836406102666e-14
scope,scope-046,scope_only,naive_trust,30,1000,5.0,1.0,0.6,0.05,0.3,1.0,0.1,12,0,0,0.2,5.0,0,0.05,0.0,0.95,0,0.8,0.1,3,3,0.4,0.6,0,0.28840000000000154,0.27320000000000155,0.30440000000000156,0.28,0.008400000000001517,1.609823385706477e-15
scope,scope-047,scope_only,naive_trust,30,1000,5.0,1.0,0.6,0.05,0.3,1.0,0.6,12,0,0,0.2,5.0,0,0.05,0.0,0.95,0,0.8,0.1,3,3,0.4,0.6,0,-0.21160000000001133,-0.2268000000000113,-0.19560000000001132,-0.21999999999999997,0.008399999999988639,1.1712852909795402e-14
scope,scope-048,scope_only,naive_trust,30,1000,5.0,1.0,0.6,0.05,0.3,1.0,0.1,1,0,0,0.2,5.0,0,0.2,0.0,0.95,0,0.8,0.1,3,3,0.4,0.6,0,-0.6815499999999985,-0.6972999999999987,-0.6654999999999986,-0.67,-0.011549999999998506,1.7763568394002505e-15
scope,scope-049,scope_only,naive_trust,30,1000,5.0,1.0,0.6,0.05,0.3,1.0,0.6,1,0,0,0.2,5.0,0,0.2,0.0,0.95,0,0.8,0.1,3,3,0.4,0.6,0,-1.1815500000000114,-1.1973000000000114,-1.1655000000000113,-1.17,-0.011550000000011496,1.176836406102666e-14
scope,scope-050,scope_only,naive_trust,30,1000,5.0,1.0,0.6,0.05,0.3,1.0,0.1,6,0,0,0.2,5.0,0,0.2,0.0,0.95,0,0.8,0.1,3,3,0.4,0.6,0,0.2877000000000013,0.2770000000000013,0.29820000000000135,0.28,0.007700000000001261,1.609823385706477e-15
scope,scope-051,scope_only,naive_trust,30,1000,5.0,1.0,0.6,0.05,0.3,1.0,0.6,6,0,0,0.2,5.0,0,0.2,0.0,0.95,0,0.8,0.1,3,3,0.4,0.6,0,-0.2123000000000114,-0.22300000000001147,-0.20180000000001144,-0.21999999999999997,0.007699999999988577,1.1712852909795402e-14
scope,scope-052,scope_only,naive_trust,30,1000,5.0,1.0,0.6,0.05,0.3,1.0,0.1,12,0,0,0.2,5.0,0,0.2,0.0,0.95,0,0.8,0.1,3,3,0.4,0.6,0,1.4508000000000014,1.4080000000000015,1.4928000000000012,1.42,0.030800000000001493,1.5543122344752192e-15
scope,scope-053,scope_only,naive_trust,30,1000,5.0,1.0,0.6,0.05,0.3,1.0,0.6,12,0,0,0.2,5.0,0,0.2,0.0,0.95,0,0.8,0.1,3,3,0.4,0.6,0,0.9507999999999885,0.9079999999999885,0.9927999999999886,0.92,0.030799999999988503,1.176836406102666e-14
scope,scope-054,scope_only,naive_trust,30,1000,5.0,1.0,0.6,0.05,0.3,1.0,0.1,1,0,0,0.2,5.0,0,0.35,0.0,0.95,0,0.8,0.1,3,3,0.4,0.6,0,-1.1099499999999987,-1.1264499999999986,-1.0937499999999987,-1.0975,-0.01244999999999874,1.7763568394002505e-15
scope,scope-055,scope_only,naive_trust,30,1000,5.0,1.0,0.6,0.05,0.3,1.0,0.6,1,0,0,0.2,5.0,0,0.35,0.0,0.95,0,0.8,0.1,3,3,0.4,0.6,0,-1.6099500000000113,-1.6264500000000113,-1.593750000000011,-1.5974999999999997,-0.012450000000011618,1.1546319456101628e-14
scope,scope-056,scope_only,naive_trust,30,1000,5.0,1.0,0.6,0.05,0.3,1.0,0.1,6,0,0,0.2,5.0,0,0.35,0.0,0.95,0,0.8,0.1,3,3,0.4,0.6,0,0.5733000000000015,0.5624000000000015,0.5843000000000014,0.565,0.008300000000001528,1.7763568394002505e-15
scope,scope-057,scope_only,naive_trust,30,1000,5.0,1.0,0.6,0.05,0.3,1.0,0.6,6,0,0,0.2,5.0,0,0.35,0.0,0.95,0,0.8,0.1,3,3,0.4,0.6,0,0.07329999999998862,0.06239999999998867,0.0842999999999886,0.06499999999999995,0.008299999999988678,1.1497747198774277e-14
scope,scope-058,scope_only,naive_trust,30,1000,5.0,1.0,0.6,0.05,0.3,1.0,0.1,12,0,0,0.2,5.0,0,0.35,0.0,0.95,0,0.8,0.1,3,3,0.4,0.6,0,2.5932000000000013,2.549600000000001,2.6372000000000013,2.5599999999999996,0.03320000000000167,1.3322676295501878e-15
scope,scope-059,scope_only,naive_trust,30,1000,5.0,1.0,0.6,0.05,0.3,1.0,0.6,12,0,0,0.2,5.0,0,0.35,0.0,0.95,0,0.8,0.1,3,3,0.4,0.6,0,2.0931999999999884,2.0495999999999883,2.1371999999999884,2.0599999999999996,0.033199999999988794,1.1546319456101628e-14
scope,scope-060,scope_only,naive_trust,30,1000,5.0,1.0,0.6,0.05,0.3,1.0,0.1,1,0,0,0.2,5.0,0,0,0.0,0.6,0.01,0.8,0.1,3,3,0.4,0.6,0,-0.1361999999999988,-0.1421999999999988,-0.12999999999999878,-0.14,0.003800000000001219,1.2351231148954867e-15
scope,scope-061,scope_only,naive_trust,30,1000,5.0,1.0,0.6,0.05,0.3,1.0,0.6,1,0,0,0.2,5.0,0,0,0.0,0.6,0.01,0.8,0.1,3,3,0.4,0.6,0,-0.6362000000000112,-0.6422000000000112,-0.6300000000000112,-0.64,0.0037999999999888123,1.1213252548714081e-14
scope,scope-062,scope_only,naive_trust,30,1000,5.0,1.0,0.6,0.05,0.3,1.0,0.1,6,0,0,0.2,5.0,0,0,0.0,0.6,0.01,0.8,0.1,3,3,0.4,0.6,0,-0.1361999999999988,-0.1421999999999988,-0.12999999999999878,-0.14,0.003800000000001219,1.2351231148954867e-15
scope,scope-063,scope_only,naive_trust,30,1000,5.0,1.0,0.6,0.05,0.3,1.0,0.6,6,0,0,0.2,5.0,0,0,0.0,0.6,0.01,0.8,0.1,3,3,0.4,0.6,0,-0.6362000000000112,-0.6422000000000112,-0.6300000000000112,-0.64,0.0037999999999888123,1.1213252548714081e-14
scope,scope-064,scope_only,naive_trust,30,1000,5.0,1.0,0.6,0.05,0.3,1.0,0.1,12,0,0,0.2,5.0,0,0,0.0,0.6,0.01,0.8,0.1,3,3,0.4,0.6,0,-0.1361999999999988,-0.1421999999999988,-0.12999999999999878,-0.14,0.003800000000001219,1.2351231148954867e-15
scope,scope-065,scope_only,naive_trust,30,1000,5.0,1.0,0.6,0.05,0.3,1.0,0.6,12,0,0,0.2,5.0,0,0,0.0,0.6,0.01,0.8,0.1,3,3,0.4,0.6,0,-0.6362000000000112,-0.6422000000000112,-0.6300000000000112,-0.64,0.0037999999999888123,1.1213252548714081e-14
scope,scope-066,scope_only,naive_trust,30,1000,5.0,1.0,0.6,0.05,0.3,1.0,0.1,1,0,0,0.2,5.0,0,0.01,0.0,0.6,0.01,0.8,0.1,3,3,0.4,0.6,0,-0.15399999999999875,-0.16034999999999872,-0.14804999999999874,-0.15760000000000002,0.003600000000001269,1.609823385706477e-15
scope,scope-067,scope_only,naive_trust,30,1000,5.0,1.0,0.6,0.05,0.3,1.0,0.6,1,0,0,0.2,5.0,0,0.01,0.0,0.6,0.01,0.8,0.1,3,3,0.4,0.6,0,-0.6540000000000115,-0.6603500000000114,-0.6480500000000115,-0.6576,0.0035999999999885013,1.176836406102666e-14
scope,scope-068,scope_only,naive_trust,30,1000,5.0,1.0,0.6,0.05,0.3,1.0,0.1,6,0,0,0.2,5.0,0,0.01,0.0,0.6,0.01,0.8,0.1,3,3,0.4,0.6,0,-0.12399999999999875,-0.13069999999999876,-0.11699999999999873,-0.12760000000000002,0.003600000000001269,1.4710455076283324e-15
scope,scope-069,scope_only,naive_trust,30,1000,5.0,1.0,0.6,0.05,0.3,1.0,0.6,6,0,0,0.2,5.0,0,0.01,0.0,0.6,0.01,0.8,0.1,3,3,0.4,0.6,0,-0.6240000000000114,-0.6307000000000115,-0.6170000000000113,-0.6275999999999999,0.0035999999999885013,1.1657341758564144e-14
scope,scope-070,scope_only,naive_trust,30,1000,5.0,1.0,0.6,0.05,0.3,1.0,0.1,12,0,0,0.2,5.0,0,0.01,0.0,0.6,0.01,0.8,0.1,3,3,0.4,0.6,0,-0.08799999999999852,-0.09839999999999857,-0.07679999999999854,-0.09160000000000001,0.003600000000001491,1.7416623698807143e-15
scope,scope-071,scope_only,naive_trust,30,1000,5.0,1.0,0.6,0.05,0.3,1.0,0.6,12,0,0,0.2,5.0,0,0.01,0.0,0.6,0.01,0.8,0.1,3,3,0.4,0.6,0,-0.5880000000000112,-0.5984000000000111,-0.5768000000000112,-0.5916,0.0035999999999888344,1.1213252548714081e-14
scope,scope-072,scope_only,naive_trust,30,1000,5.0,1.0,0.6,0.05,0.3,1.0,0.1,1,0,0,0.2,5.0,0,0.05,0.0,0.6,0.01,0.8,0.1,3,3,0.4,0.6,0,-0.22619999999999868,-0.23244999999999863,-0.22024999999999864,-0.228,0.0018000000000013283,1.582067810090848e-15
scope,scope-073,scope_only,naive_trust,30,1000,5.0,1.0,0.6,0.05,0.3,1.0,0.6,1,0,0,0.2,5.0,0,0.05,0.0,0.6,0.01,0.8,0.1,3,3,0.4,0.6,0,-0.7262000000000114,-0.7324500000000114,-0.7202500000000114,-0.728,0.0017999999999885885,1.1657341758564144e-14
scope,scope-074,scope_only,naive_trust,30,1000,5.0,1.0,0.6,0.05,0.3,1.0,0.1,6,0,0,0.2,5.0,0,0.05,0.0,0.6,0.01,0.8,0.1,3,3,0.4,0.6,0,-0.07219999999999875,-0.0796999999999987,-0.06479999999999866,-0.07800000000000001,0.0058000000000012625,1.5265566588595902e-15
scope,scope-075,scope_only,naive_trust,30,1000,5.0,1.0,0.6,0.05,0.3,1.0,0.6,6,0,0,0.2,5.0,0,0.05,0.0,0.6,0.01,0.8,0.1,3,3,0.4,0.6,0,-0.5722000000000114,-0.5797000000000114,-0.5648000000000113,-0.578,0.005799999999988592,1.1657341758564144e-14
scope,scope-076,scope_only,naive_trust,30,1000,5.0,1.0,0.6,0.05,0.3,1.0,0.1,12,0,0,0.2,5.0,0,0.05,0.0,0.6,0.01,0.8,0.1,3,3,0.4,0.6,0,0.11260000000000141,0.0966000000000014,0.12720000000000145,0.10199999999999998,0.010600000000001428,1.4710455076283324e-15
scope,scope-077,scope_only,naive_trust,30,1000,5.0,1.0,0.6,0.05,0.3,1.0,0.6,12,0,0,0.2,5.0,0,0.05,0.0,0.6,0.01,0.8,0.1,3,3,0.4,0.6,0,-0.3874000000000114,-0.4034000000000114,-0.37280000000001146,-0.398,0.010599999999988619,1.1601830607332886e-14
scope,scope-078,scope_only,naive_trust,30,1000,5.0,1.0,0.6,0.05,0.3,1.0,0.1,1,0,0,0.2,5.0,0,0.2,0.0,0.6,0.01,0.8,0.1,3,3,0.4,0.6,0,-0.4932999999999986,-0.5065499999999986,-0.4782499999999986,-0.492,-0.00129999999999858,1.609823385706477e-15
scope,scope-079,scope_only,naive_trust,30,1000,5.0,1.0,0.6,0.05,0.3,1.0,0.6,1,0,0,0.2,5.0,0,0.2,0.0,0.6,0.01,0.8,0.1,3,3,0.4,0.6,0,-0.9933000000000114,-1.0065500000000114,-0.9782500000000113,-0.992,-0.0013000000000114031,1.1657341758564144e-14
scope,scope-080,scope_only,naive_trust,30,1000,5.0,1.0,0.6,0.05,0.3,1.0,0.1,6,0,0,0.2,5.0,0,0.2,0.0,0.6,0.01,0.8,0.1,3,3,0.4,0.6,0,0.11620000000000134,0.10310000000000137,0.1278000000000013,0.10799999999999998,0.008200000000001359,1.4988010832439613e-15
scope,scope-081,scope_only,naive_trust,30,1000,5.0,1.0,0.6,0.05,0.3,1.0,0.6,6,0,0,0.2,5.0,0,0.2,0.0,0.6,0.01,0.8,0.1,3,3,0.4,0.6,0,-0.38380000000001135,-0.3969000000000114,-0.3722000000000114,-0.392,0.00819999999998866,1.1712852909795402e-14
scope,scope-082,scope_only,naive_trust,30,1000,5.0,1.0,0.6,0.05,0.3,1.0,0.1,12,0,0,0.2,5.0,0,0.2,0.0,0.6,0.01,0.8,0.1,3,3,0.4,0.6,0,0.8476000000000014,0.8020000000000014,0.8870000000000013,0.828,0.019600000000001394,1.6653345369377348e-15
scope,scope-083,scope_only,naive_trust,30,1000,5.0,1.0,0.6,0.05,0.3,1.0,0.6,12,0,0,0.2,5.0,0,0.2,0.0,0.6,0.01,0.8,0.1,3,3,0.4,0.6,0,0.34759999999998864,0.3019999999999886,0.3869999999999886,0.32799999999999996,0.019599999999988682,1.1712852909795402e-14
scope,scope-084,scope_only,naive_trust,30,1000,5.0,1.0,0.6,0.05,0.3,1.0,0.1,1,0,0,0.2,5.0,0,0.35,0.0,0.6,0.01,0.8,0.1,3,3,0.4,0.6,0,-0.7577999999999986,-0.7737499999999985,-0.7407999999999986,-0.756,-0.0017999999999985805,1.7763568394002505e-15
scope,scope-085,scope_only,naive_trust,30,1000,5.0,1.0,0.6,0.05,0.3,1.0,0.6,1,0,0,0.2,5.0,0,0.35,0.0,0.6,0.01,0.8,0.1,3,3,0.4,0.6,0,-1.2578000000000114,-1.2737500000000113,-1.2408000000000112,-1.256,-0.001800000000011348,1.1546319456101628e-14
scope,scope-086,scope_only,naive_trust,30,1000,5.0,1.0,0.6,0.05,0.3,1.0,0.1,6,0,0,0.2,5.0,0,0.35,0.0,0.6,0.01,0.8,0.1,3,3,0.4,0.6,0,0.3002000000000014,0.2841000000000015,0.3141000000000014,0.29399999999999993,0.006200000000001482,1.7486012637846216e-15
scope,scope-087,scope_only,naive_trust,30,1000,5.0,1.0,0.6,0.05,0.3,1.0,0.6,6,0,0,0.2,5.0,0,0.35,0.0,0.6,0.01,0.8,0.1,3,3,0.4,0.6,0,-0.19980000000001136,-0.21590000000001136,-0.18590000000001136,-0.20600000000000002,0.006199999999988659,1.1518563880485999e-14
scope,scope-088,scope_only,naive_trust,30,1000,5.0,1.0,0.6,0.05,0.3,1.0,0.1,12,0,0,0.2,5.0,0,0.35,0.0,0.6,0.01,0.8,0.1,3,3,0.4,0.6,0,1.5698000000000012,1.5142000000000013,1.6178000000000015,1.5539999999999998,0.01580000000000137,1.5543122344752192e-15
scope,scope-089,scope_only,naive_trust,30,1000,5.0,1.0,0.6,0.05,0.3,1.0,0.6,12,0,0,0.2,5.0,0,0.35,0.0,0.6,0.01,0.8,0.1,3,3,0.4,0.6,0,1.0697999999999888,1.0141999999999887,1.1177999999999886,1.0539999999999998,0.015799999999988934,1.1546319456101628e-14
scope,scope-090,scope_only,naive_trust,30,1000,5.0,1.0,0.6,0.05,0.3,1.0,0.1,1,0,0,0.2,5.0,0,0,0.0,0.95,0.01,0.8,0.1,3,3,0.4,0.6,0,-0.1361999999999988,-0.1421999999999988,-0.12999999999999878,-0.14,0.003800000000001219,1.2351231148954867e-15
scope,scope-091,scope_only,naive_trust,30,1000,5.0,1.0,0.6,0.05,0.3,1.0,0.6,1,0,0,0.2,5.0,0,0,0.0,0.95,0.01,0.8,0.1,3,3,0.4,0.6,0,-0.6362000000000112,-0.6422000000000112,-0.6300000000000112,-0.64,0.0037999999999888123,1.1213252548714081e-14
scope,scope-092,scope_only,naive_trust,30,1000,5.0,1.0,0.6,0.05,0.3,1.0,0.1,6,0,0,0.2,5.0,0,0,0.0,0.95,0.01,0.8,0.1,3,3,0.4,0.6,0,-0.1361999999999988,-0.1421999999999988,-0.12999999999999878,-0.14,0.003800000000001219,1.2351231148954867e-15
scope,scope-093,scope_only,naive_trust,30,1000,5.0,1.0,0.6,0.05,0.3,1.0,0.6,6,0,0,0.2,5.0,0,0,0.0,0.95,0.01,0.8,0.1,3,3,0.4,0.6,0,-0.6362000000000112,-0.6422000000000112,-0.6300000000000112,-0.64,0.0037999999999888123,1.1213252548714081e-14
scope,scope-094,scope_only,naive_trust,30,1000,5.0,1.0,0.6,0.05,0.3,1.0,0.1,12,0,0,0.2,5.0,0,0,0.0,0.95,0.01,0.8,0.1,3,3,0.4,0.6,0,-0.1361999999999988,-0.1421999999999988,-0.12999999999999878,-0.14,0.003800000000001219,1.2351231148954867e-15
scope,scope-095,scope_only,naive_trust,30,1000,5.0,1.0,0.6,0.05,0.3,1.0,0.6,12,0,0,0.2,5.0,0,0,0.0,0.95,0.01,0.8,0.1,3,3,0.4,0.6,0,-0.6362000000000112,-0.6422000000000112,-0.6300000000000112,-0.64,0.0037999999999888123,1.1213252548714081e-14
scope,scope-096,scope_only,naive_trust,30,1000,5.0,1.0,0.6,0.05,0.3,1.0,0.1,1,0,0,0.2,5.0,0,0.01,0.0,0.95,0.01,0.8,0.1,3,3,0.4,0.6,0,-0.16674999999999884,-0.17289999999999886,-0.16084999999999888,-0.1681,0.0013500000000011558,1.4155343563970746e-15
scope,scope-097,scope_only,naive_trust,30,1000,5.0,1.0,0.6,0.05,0.3,1.0,0.6,1,0,0,0.2,5.0,0,0.01,0.0,0.95,0.01,0.8,0.1,3,3,0.4,0.6,0,-0.6667500000000113,-0.6729000000000113,-0.6608500000000113,-0.6680999999999999,0.001349999999988638,1.1657341758564144e-14
scope,scope-098,scope_only,naive_trust,30,1000,5.0,1.0,0.6,0.05,0.3,1.0,0.1,6,0,0,0.2,5.0,0,0.01,0.0,0.95,0.01,0.8,0.1,3,3,0.4,0.6,0,-0.11549999999999883,-0.12289999999999882,-0.1076999999999988,-0.12060000000000001,0.005100000000001187,1.2628786905111156e-15
scope,scope-099,scope_only,naive_trust,30,1000,5.0,1.0,0.6,0.05,0.3,1.0,0.6,6,0,0,0.2,5.0,0,0.01,0.0,0.95,0.01,0.8,0.1,3,3,0.4,0.6,0,-0.6155000000000114,-0.6229000000000114,-0.6077000000000113,-0.6205999999999999,0.005099999999988558,1.1657341758564144e-14
scope,scope-100,scope_only,naive_trust,30,1000,5.0,1.0,0.6,0.05,0.3,1.0,0.1,12,0,0,0.2,5.0,0,0.01,0.0,0.95,0.01,0.8,0.1,3,3,0.4,0.6,0,-0.053999999999998695,-0.06779999999999868,-0.03999999999999866,-0.06360000000000002,0.009600000000001323,1.7069679003611782e-15
scope,scope-101,scope_only,naive_trust,30,1000,5.0,1.0,0.6,0.05,0.3,1.0,0.6,12,0,0,0.2,5.0,0,0.01,0.0,0.95,0.01,0.8,0.1,3,3,0.4,0.6,0,-0.5540000000000112,-0.5678000000000112,-0.5400000000000111,-0.5636,0.00959999999998884,1.1213252548714081e-14
scope,scope-102,scope_only,naive_trust,30,1000,5.0,1.0,0.6,0.05,0.3,1.0,0.1,1,0,0,0.2,5.0,0,0.05,0.0,0.95,0.01,0.8,0.1,3,3,0.4,0.6,0,-0.27944999999999875,-0.2877999999999988,-0.2723499999999988,-0.2805,0.0010500000000012721,1.609823385706477e-15
scope,scope-103,scope_only,naive_trust,30,1000,5.0,1.0,0.6,0.05,0.3,1.0,0.6,1,0,0,0.2,5.0,0,0.05,0.0,0.95,0.01,0.8,0.1,3,3,0.4,0.6,0,-0.7794500000000114,-0.7878000000000114,-0.7723500000000114,-0.7805,0.00104999999998856,1.1657341758564144e-14
scope,scope-104,scope_only,naive_trust,30,1000,5.0,1.0,0.6,0.05,0.3,1.0,0.1,6,0,0,0.2,5.0,0,0.05,0.0,0.95,0.01,0.8,0.1,3,3,0.4,0.6,0,-0.036699999999998734,-0.044099999999998765,-0.02889999999999866,-0.043000000000000003,0.00630000000000127,1.5439038936193583e-15
scope,scope-105,scope_only,naive_trust,30,1000,5.0,1.0,0.6,0.05,0.3,1.0,0.6,6,0,0,0.2,5.0,0,0.05,0.0,0.95,0.01,0.8,0.1,3,3,0.4,0.6,0,-0.5367000000000114,-0.5441000000000115,-0.5289000000000114,-0.5429999999999999,0.006299999999988537,1.1657341758564144e-14
scope,scope-106,scope_only,naive_trust,30,1000,5.0,1.0,0.6,0.05,0.3,1.0,0.1,12,0,0,0.2,5.0,0,0.05,0.0,0.95,0.01,0.8,0.1,3,3,0.4,0.6,0,0.25460000000000155,0.2378000000000015,0.2720000000000016,0.24200000000000002,0.012600000000001527,1.609823385706477e-15
scope,scope-107,scope_only,naive_trust,30,1000,5.0,1.0,0.6,0.05,0.3,1.0,0.6,12,0,0,0.2,5.0,0,0.05,0.0,0.95,0.01,0.8,0.1,3,3,0.4,0.6,0,-0.24540000000001133,-0.26220000000001137,-0.2280000000000113,-0.25799999999999995,0.01259999999998862,1.176836406102666e-14
scope,scope-108,scope_only,naive_trust,30,1000,5.0,1.0,0.6,0.05,0.3,1.0,0.1,1,0,0,0.2,5.0,0,0.2,0.0,0.95,0.01,0.8,0.1,3,3,0.4,0.6,0,-0.7091499999999986,-0.7237999999999987,-0.6940499999999986,-0.7020000000000001,-0.007149999999998546,1.7763568394002505e-15
scope,scope-109,scope_only,naive_trust,30,1000,5.0,1.0,0.6,0.05,0.3,1.0,0.6,1,0,0,0.2,5.0,0,0.2,0.0,0.95,0.01,0.8,0.1,3,3,0.4,0.6,0,-1.2091500000000113,-1.2238000000000113,-1.1940500000000114,-1.202,-0.007150000000011314,1.1546319456101628e-14
scope,scope-110,scope_only,naive_trust,30,1000,5.0,1.0,0.6,0.05,0.3,1.0,0.1,6,0,0,0.2,5.0,0,0.2,0.0,0.95,0.01,0.8,0.1,3,3,0.4,0.6,0,0.26010000000000133,0.2469000000000013,0.27300000000000135,0.24799999999999997,0.01210000000000136,1.609823385706477e-15
scope,scope-111,scope_only,naive_trust,30,1000,5.0,1.0,0.6,0.05,0.3,1.0,0.6,6,0,0,0.2,5.0,0,0.2,0.0,0.95,0.01,0.8,0.1,3,3,0.4,0.6,0,-0.23990000000001147,-0.2531000000000114,-0.22700000000001147,-0.252,0.012099999999988537,1.174060848541103e-14
scope,scope-112,scope_only,naive_trust,30,1000,5.0,1.0,0.6,0.05,0.3,1.0,0.1,12,0,0,0.2,5.0,0,0.2,0.0,0.95,0.01,0.8,0.1,3,3,0.4,0.6,0,1.4232000000000014,1.3786000000000014,1.4678000000000013,1.388,0.03520000000000145,1.5543122344752192e-15
scope,scope-113,scope_only,naive_trust,30,1000,5.0,1.0,0.6,0.05,0.3,1.0,0.6,12,0,0,0.2,5.0,0,0.2,0.0,0.95,0.01,0.8,0.1,3,3,0.4,0.6,0,0.9231999999999886,0.8785999999999886,0.9677999999999886,0.888,0.035199999999988574,1.176836406102666e-14
scope,scope-114,scope_only,naive_trust,30,1000,5.0,1.0,0.6,0.05,0.3,1.0,0.1,1,0,0,0.2,5.0,0,0.35,0.0,0.95,0.01,0.8,0.1,3,3,0.4,0.6,0,-1.1329499999999988,-1.1481499999999987,-1.1173999999999986,-1.1235,-0.009449999999998848,1.7763568394002505e-15
scope,scope-115,scope_only,naive_trust,30,1000,5.0,1.0,0.6,0.05,0.3,1.0,0.6,1,0,0,0.2,5.0,0,0.35,0.0,0.95,0.01,0.8,0.1,3,3,0.4,0.6,0,-1.6329500000000112,-1.6481500000000113,-1.6174000000000113,-1.6235,-0.009450000000011283,1.1546319456101628e-14
scope,scope-116,scope_only,naive_trust,30,1000,5.0,1.0,0.6,0.05,0.3,1.0,0.1,6,0,0,0.2,5.0,0,0.35,0.0,0.95,0.01,0.8,0.1,3,3,0.4,0.6,0,0.5503000000000015,0.5372000000000015,0.5643000000000014,0.5389999999999999,0.011300000000001531,1.7763568394002505e-15
scope,scope-117,scope_only,naive_trust,30,1000,5.0,1.0,0.6,0.05,0.3,1.0,0.6,6,0,0,0.2,5.0,0,0.35,0.0,0.95,0.01,0.8,0.1,3,3,0.4,0.6,0,0.05029999999998861,0.037199999999988666,0.06429999999998857,0.038999999999999924,0.011299999999988687,1.1511624986582092e-14
scope,scope-118,scope_only,naive_trust,30,1000,5.0,1.0,0.6,0.05,0.3,1.0,0.1,12,0,0,0.2,5.0,0,0.35,0.0,0.95,0.01,0.8,0.1,3,3,0.4,0.6,0,2.570200000000001,2.5250000000000012,2.6166000000000014,2.534,0.03620000000000134,1.3322676295501878e-15
scope,scope-119,scope_only,naive_trust,30,1000,5.0,1.0,0.6,0.05,0.3,1.0,0.6,12,0,0,0.2,5.0,0,0.35,0.0,0.95,0.01,0.8,0.1,3,3,0.4,0.6,0,2.0701999999999883,2.024999999999989,2.1165999999999885,2.034,0.036199999999988464,1.199040866595169e-14
scope,scope-120,scope_only,naive_trust,30,1000,5.0,1.0,0.6,0.05,0.3,1.0,0.1,1,0,0,0.2,5.0,0,0,0.0,0.6,0.05,0.8,0.1,3,3,0.4,0.6,0,-0.2867999999999985,-0.29779999999999845,-0.27519999999999845,-0.30000000000000004,0.013200000000001544,1.5543122344752192e-15
scope,scope-121,scope_only,naive_trust,30,1000,5.0,1.0,0.6,0.05,0.3,1.0,0.6,1,0,0,0.2,5.0,0,0,0.0,0.6,0.05,0.8,0.1,3,3,0.4,0.6,0,-0.7868000000000114,-0.7978000000000114,-0.7752000000000113,-0.8,0.013199999999988665,1.1435297153639112e-14
scope,scope-122,scope_only,naive_trust,30,1000,5.0,1.0,0.6,0.05,0.3,1.0,0.1,6,0,0,0.2,5.0,0,0,0.0,0.6,0.05,0.8,0.1,3,3,0.4,0.6,0,-0.2867999999999985,-0.29779999999999845,-0.27519999999999845,-0.30000000000000004,0.013200000000001544,1.5543122344752192e-15
scope,scope-123,scope_only,naive_trust,30,1000,5.0,1.0,0.6,0.05,0.3,1.0,0.6,6,0,0,0.2,5.0,0,0,0.0,0.6,0.05,0.8,0.1,3,3,0.4,0.6,0,-0.7868000000000114,-0.7978000000000114,-0.7752000000000113,-0.8,0.013199999999988665,1.1435297153639112e-14
scope,scope-124,scope_only,naive_trust,30,1000,5.0,1.0,0.6,0.05,0.3,1.0,0.1,12,0,0,0.2,5.0,0,0,0.0,0.6,0.05,0.8,0.1,3,3,0.4,0.6,0,-0.2867999999999985,-0.29779999999999845,-0.27519999999999845,-0.30000000000000004,0.013200000000001544,1.5543122344752192e-15
scope,scope-125,scope_only,naive_trust,30,1000,5.0,1.0,0.6,0.05,0.3,1.0,0.6,12,0,0,0.2,5.0,0,0,0.0,0.6,0.05,0.8,0.1,3,3,0.4,0.6,0,-0.7868000000000114,-0.7978000000000114,-0.7752000000000113,-0.8,0.013199999999988665,1.1435297153639112e-14
scope,scope-126,scope_only,naive_trust,30,1000,5.0,1.0,0.6,0.05,0.3,1.0,0.1,1,0,0,0.2,5.0,0,0.01,0.0,0.6,0.05,0.8,0.1,3,3,0.4,0.6,0,-0.3035999999999987,-0.31529999999999864,-0.2921999999999987,-0.31600000000000006,0.012400000000001354,1.609823385706477e-15
scope,scope-127,scope_only,naive_trust,30,1000,5.0,1.0,0.6,0.05,0.3,1.0,0.6,1,0,0,0.2,5.0,0,0.01,0.0,0.6,0.05,0.8,0.1,3,3,0.4,0.6,0,-0.8036000000000115,-0.8153000000000115,-0.7922000000000115,-0.8160000000000001,0.012399999999988531,1.1657341758564144e-14
scope,scope-128,scope_only,naive_trust,30,1000,5.0,1.0,0.6,0.05,0.3,1.0,0.1,6,0,0,0.2,5.0,0,0.01,0.0,0.6,0.05,0.8,0.1,3,3,0.4,0.6,0,-0.27359999999999873,-0.2847999999999987,-0.2619999999999988,-0.28600000000000003,0.012400000000001299,1.5543122344752192e-15
scope,scope-129,scope_only,naive_trust,30,1000,5.0,1.0,0.6,0.05,0.3,1.0,0.6,6,0,0,0.2,5.0,0,0.01,0.0,0.6,0.05,0.8,0.1,3,3,0.4,0.6,0,-0.7736000000000114,-0.7848000000000115,-0.7620000000000114,-0.786,0.012399999999988642,1.176836406102666e-14
scope,scope-130,scope_only,naive_trust,30,1000,5.0,1.0,0.6,0.05,0.3,1.0,0.1,12,0,0,0.2,5.0,0,0.01,0.0,0.6,0.05,0.8,0.1,3,3,0.4,0.6,0,-0.23759999999999842,-0.2513999999999984,-0.2235999999999984,-0.25,0.012400000000001576,1.609823385706477e-15
scope,scope-131,scope_only,naive_trust,30,1000,5.0,1.0,0.6,0.05,0.3,1.0,0.6,12,0,0,0.2,5.0,0,0.01,0.0,0.6,0.05,0.8,0.1,3,3,0.4,0.6,0,-0.7376000000000114,-0.7514000000000113,-0.7236000000000112,-0.75,0.012399999999988642,1.1324274851176597e-14
scope,scope-132,scope_only,naive_trust,30,1000,5.0,1.0,0.6,0.05,0.3,1.0,0.1,1,0,0,0.2,5.0,0,0.05,0.0,0.6,0.05,0.8,0.1,3,3,0.4,0.6,0,-0.3699999999999987,-0.3811499999999987,-0.3584499999999987,-0.38,0.010000000000001286,1.4432899320127035e-15
scope,scope-133,scope_only,naive_trust,30,1000,5.0,1.0,0.6,0.05,0.3,1.0,0.6,1,0,0,0.2,5.0,0,0.05,0.0,0.6,0.05,0.8,0.1,3,3,0.4,0.6,0,-0.8700000000000114,-0.8811500000000114,-0.8584500000000114,-0.88,0.009999999999988574,1.1657341758564144e-14
scope,scope-134,scope_only,naive_trust,30,1000,5.0,1.0,0.6,0.05,0.3,1.0,0.1,6,0,0,0.2,5.0,0,0.05,0.0,0.6,0.05,0.8,0.1,3,3,0.4,0.6,0,-0.2159999999999987,-0.2250999999999987,-0.20659999999999865,-0.23,0.014000000000001317,1.609823385706477e-15
scope,scope-135,scope_only,naive_trust,30,1000,5.0,1.0,0.6,0.05,0.3,1.0,0.6,6,0,0,0.2,5.0,0,0.05,0.0,0.6,0.05,0.8,0.1,3,3,0.4,0.6,0,-0.7160000000000115,-0.7251000000000115,-0.7066000000000113,-0.73,0.013999999999988466,1.176836406102666e-14
scope,scope-136,scope_only,naive_trust,30,1000,5.0,1.0,0.6,0.05,0.3,1.0,0.1,12,0,0,0.2,5.0,0,0.05,0.0,0.6,0.05,0.8,0.1,3,3,0.4,0.6,0,-0.031199999999998694,-0.04619999999999871,-0.017999999999998684,-0.05000000000000002,0.018800000000001323,1.3253287356462806e-15
scope,scope-137,scope_only,naive_trust,30,1000,5.0,1.0,0.6,0.05,0.3,1.0,0.6,12,0,0,0.2,5.0,0,0.05,0.0,0.6,0.05,0.8,0.1,3,3,0.4,0.6,0,-0.5312000000000112,-0.5462000000000111,-0.5180000000000112,-0.55,0.018799999999988826,1.1601830607332886e-14
scope,scope-138,scope_only,naive_trust,30,1000,5.0,1.0,0.6,0.05,0.3,1.0,0.1,1,0,0,0.2,5.0,0,0.2,0.0,0.6,0.05,0.8,0.1,3,3,0.4,0.6,0,-0.6138999999999986,-0.6287999999999986,-0.5985499999999986,-0.62,0.006100000000001438,1.6653345369377348e-15
scope,scope-139,scope_only,naive_trust,30,1000,5.0,1.0,0.6,0.05,0.3,1.0,0.6,1,0,0,0.2,5.0,0,0.2,0.0,0.6,0.05,0.8,0.1,3,3,0.4,0.6,0,-1.1139000000000112,-1.1288000000000113,-1.0985500000000112,-1.12,0.006099999999988892,1.1546319456101628e-14
scope,scope-140,scope_only,naive_trust,30,1000,5.0,1.0,0.6,0.05,0.3,1.0,0.1,6,0,0,0.2,5.0,0,0.2,0.0,0.6,0.05,0.8,0.1,3,3,0.4,0.6,0,-0.004399999999998627,-0.021199999999998644,0.010900000000001376,-0.020000000000000046,0.015600000000001418,1.7746221159242737e-15
scope,scope-141,scope_only,naive_trust,30,1000,5.0,1.0,0.6,0.05,0.3,1.0,0.6,6,0,0,0.2,5.0,0,0.2,0.0,0.6,0.05,0.8,0.1,3,3,0.4,0.6,0,-0.5044000000000114,-0.5212000000000114,-0.48910000000001136,-0.52,0.015599999999988623,1.1712852909795402e-14
scope,scope-142,scope_only,naive_trust,30,1000,5.0,1.0,0.6,0.05,0.3,1.0,0.1,12,0,0,0.2,5.0,0,0.2,0.0,0.6,0.05,0.8,0.1,3,3,0.4,0.6,0,0.7270000000000014,0.6784000000000013,0.7692000000000013,0.7,0.027000000000001467,1.6653345369377348e-15
scope,scope-143,scope_only,naive_trust,30,1000,5.0,1.0,0.6,0.05,0.3,1.0,0.6,12,0,0,0.2,5.0,0,0.2,0.0,0.6,0.05,0.8,0.1,3,3,0.4,0.6,0,0.22699999999998868,0.17839999999998865,0.26919999999998867,0.19999999999999996,0.026999999999988727,1.1601830607332886e-14
scope,scope-144,scope_only,naive_trust,30,1000,5.0,1.0,0.6,0.05,0.3,1.0,0.1,1,0,0,0.2,5.0,0,0.35,0.0,0.6,0.05,0.8,0.1,3,3,0.4,0.6,0,-0.8541999999999985,-0.8717999999999988,-0.8367999999999987,-0.86,0.005800000000001471,1.7763568394002505e-15
scope,scope-145,scope_only,naive_trust,30,1000,5.0,1.0,0.6,0.05,0.3,1.0,0.6,1,0,0,0.2,5.0,0,0.35,0.0,0.6,0.05,0.8,0.1,3,3,0.4,0.6,0,-1.3542000000000114,-1.3718000000000115,-1.3368000000000113,-1.3599999999999999,0.005799999999988481,1.1546319456101628e-14
scope,scope-146,scope_only,naive_trust,30,1000,5.0,1.0,0.6,0.05,0.3,1.0,0.1,6,0,0,0.2,5.0,0,0.35,0.0,0.6,0.05,0.8,0.1,3,3,0.4,0.6,0,0.20380000000000145,0.18560000000000149,0.21900000000000147,0.18999999999999997,0.013800000000001478,1.6237011735142914e-15
scope,scope-147,scope_only,naive_trust,30,1000,5.0,1.0,0.6,0.05,0.3,1.0,0.6,6,0,0,0.2,5.0,0,0.35,0.0,0.6,0.05,0.8,0.1,3,3,0.4,0.6,0,-0.29620000000001134,-0.31440000000001134,-0.28100000000001135,-0.31,0.013799999999988655,1.1379786002407855e-14
scope,scope-148,scope_only,naive_trust,30,1000,5.0,1.0,0.6,0.05,0.3,1.0,0.1,12,0,0,0.2,5.0,0,0.35,0.0,0.6,0.05,0.8,0.1,3,3,0.4,0.6,0,1.4734000000000014,1.4170000000000014,1.5206000000000013,1.4499999999999997,0.02340000000000164,1.5543122344752192e-15
scope,scope-149,scope_only,naive_trust,30,1000,5.0,1.0,0.6,0.05,0.3,1.0,0.6,12,0,0,0.2,5.0,0,0.35,0.0,0.6,0.05,0.8,0.1,3,3,0.4,0.6,0,0.9733999999999886,0.9169999999999886,1.0205999999999886,0.9499999999999998,0.023399999999988763,1.1546319456101628e-14
scope,scope-150,scope_only,naive_trust,30,1000,5.0,1.0,0.6,0.05,0.3,1.0,0.1,1,0,0,0.2,5.0,0,0,0.0,0.95,0.05,0.8,0.1,3,3,0.4,0.6,0,-0.2867999999999985,-0.29779999999999845,-0.27519999999999845,-0.30000000000000004,0.013200000000001544,1.5543122344752192e-15
scope,scope-151,scope_only,naive_trust,30,1000,5.0,1.0,0.6,0.05,0.3,1.0,0.6,1,0,0,0.2,5.0,0,0,0.0,0.95,0.05,0.8,0.1,3,3,0.4,0.6,0,-0.7868000000000114,-0.7978000000000114,-0.7752000000000113,-0.8,0.013199999999988665,1.1435297153639112e-14
scope,scope-152,scope_only,naive_trust,30,1000,5.0,1.0,0.6,0.05,0.3,1.0,0.1,6,0,0,0.2,5.0,0,0,0.0,0.95,0.05,0.8,0.1,3,3,0.4,0.6,0,-0.2867999999999985,-0.29779999999999845,-0.27519999999999845,-0.30000000000000004,0.013200000000001544,1.5543122344752192e-15
scope,scope-153,scope_only,naive_trust,30,1000,5.0,1.0,0.6,0.05,0.3,1.0,0.6,6,0,0,0.2,5.0,0,0,0.0,0.95,0.05,0.8,0.1,3,3,0.4,0.6,0,-0.7868000000000114,-0.7978000000000114,-0.7752000000000113,-0.8,0.013199999999988665,1.1435297153639112e-14
scope,scope-154,scope_only,naive_trust,30,1000,5.0,1.0,0.6,0.05,0.3,1.0,0.1,12,0,0,0.2,5.0,0,0,0.0,0.95,0.05,0.8,0.1,3,3,0.4,0.6,0,-0.2867999999999985,-0.29779999999999845,-0.27519999999999845,-0.30000000000000004,0.013200000000001544,1.5543122344752192e-15
scope,scope-155,scope_only,naive_trust,30,1000,5.0,1.0,0.6,0.05,0.3,1.0,0.6,12,0,0,0.2,5.0,0,0,0.0,0.95,0.05,0.8,0.1,3,3,0.4,0.6,0,-0.7868000000000114,-0.7978000000000114,-0.7752000000000113,-0.8,0.013199999999988665,1.1435297153639112e-14
scope,scope-156,scope_only,naive_trust,30,1000,5.0,1.0,0.6,0.05,0.3,1.0,0.1,1,0,0,0.2,5.0,0,0.01,0.0,0.95,0.05,0.8,0.1,3,3,0.4,0.6,0,-0.31634999999999863,-0.32839999999999864,-0.3037999999999986,-0.3265,0.01015000000000138,1.6653345369377348e-15
scope,scope-157,scope_only,naive_trust,30,1000,5.0,1.0,0.6,0.05,0.3,1.0,0.6,1,0,0,0.2,5.0,0,0.01,0.0,0.95,0.05,0.8,0.1,3,3,0.4,0.6,0,-0.8163500000000115,-0.8284000000000115,-0.8038000000000114,-0.8265,0.010149999999988557,1.1657341758564144e-14
scope,scope-158,scope_only,naive_trust,30,1000,5.0,1.0,0.6,0.05,0.3,1.0,0.1,6,0,0,0.2,5.0,0,0.01,0.0,0.95,0.05,0.8,0.1,3,3,0.4,0.6,0,-0.26509999999999867,-0.2761999999999986,-0.25379999999999864,-0.279,0.013900000000001356,1.582067810090848e-15
scope,scope-159,scope_only,naive_trust,30,1000,5.0,1.0,0.6,0.05,0.3,1.0,0.6,6,0,0,0.2,5.0,0,0.01,0.0,0.95,0.05,0.8,0.1,3,3,0.4,0.6,0,-0.7651000000000114,-0.7762000000000114,-0.7538000000000115,-0.779,0.013899999999988588,1.176836406102666e-14
scope,scope-160,scope_only,naive_trust,30,1000,5.0,1.0,0.6,0.05,0.3,1.0,0.1,12,0,0,0.2,5.0,0,0.01,0.0,0.95,0.05,0.8,0.1,3,3,0.4,0.6,0,-0.2035999999999984,-0.21819999999999845,-0.1891999999999984,-0.22200000000000003,0.018400000000001637,1.6375789613221059e-15
scope,scope-161,scope_only,naive_trust,30,1000,5.0,1.0,0.6,0.05,0.3,1.0,0.6,12,0,0,0.2,5.0,0,0.01,0.0,0.95,0.05,0.8,0.1,3,3,0.4,0.6,0,-0.7036000000000113,-0.7182000000000113,-0.6892000000000114,-0.722,0.018399999999988648,1.1324274851176597e-14
scope,scope-162,scope_only,naive_trust,30,1000,5.0,1.0,0.6,0.05,0.3,1.0,0.1,1,0,0,0.2,5.0,0,0.05,0.0,0.95,0.05,0.8,0.1,3,3,0.4,0.6,0,-0.4232499999999987,-0.4356999999999987,-0.41024999999999856,-0.4325,0.009250000000001313,1.609823385706477e-15
scope,scope-163,scope_only,naive_trust,30,1000,5.0,1.0,0.6,0.05,0.3,1.0,0.6,1,0,0,0.2,5.0,0,0.05,0.0,0.95,0.05,0.8,0.1,3,3,0.4,0.6,0,-0.9232500000000116,-0.9357000000000115,-0.9102500000000114,-0.9325,0.009249999999988434,1.1657341758564144e-14
scope,scope-164,scope_only,naive_trust,30,1000,5.0,1.0,0.6,0.05,0.3,1.0,0.1,6,0,0,0.2,5.0,0,0.05,0.0,0.95,0.05,0.8,0.1,3,3,0.4,0.6,0,-0.18049999999999872,-0.1895999999999986,-0.17159999999999878,-0.195,0.01450000000000129,1.6375789613221059e-15
scope,scope-165,scope_only,naive_trust,30,1000,5.0,1.0,0.6,0.05,0.3,1.0,0.6,6,0,0,0.2,5.0,0,0.05,0.0,0.95,0.05,0.8,0.1,3,3,0.4,0.6,0,-0.6805000000000115,-0.6896000000000114,-0.6716000000000115,-0.695,0.014499999999988411,1.176836406102666e-14
scope,scope-166,scope_only,naive_trust,30,1000,5.0,1.0,0.6,0.05,0.3,1.0,0.1,12,0,0,0.2,5.0,0,0.05,0.0,0.95,0.05,0.8,0.1,3,3,0.4,0.6,0,0.11080000000000141,0.09620000000000142,0.12620000000000137,0.09,0.020800000000001415,1.4710455076283324e-15
scope,scope-167,scope_only,naive_trust,30,1000,5.0,1.0,0.6,0.05,0.3,1.0,0.6,12,0,0,0.2,5.0,0,0.05,0.0,0.95,0.05,0.8,0.1,3,3,0.4,0.6,0,-0.3892000000000114,-0.4038000000000115,-0.3738000000000114,-0.41,0.02079999999998855,1.1546319456101628e-14
scope,scope-168,scope_only,naive_trust,30,1000,5.0,1.0,0.6,0.05,0.3,1.0,0.1,1,0,0,0.2,5.0,0,0.2,0.0,0.95,0.05,0.8,0.1,3,3,0.4,0.6,0,-0.8297499999999985,-0.8422999999999986,-0.8170499999999986,-0.8300000000000001,0.0002500000000015268,1.6653345369377348e-15
scope,scope-169,scope_only,naive_trust,30,1000,5.0,1.0,0.6,0.05,0.3,1.0,0.6,1,0,0,0.2,5.0,0,0.2,0.0,0.95,0.05,0.8,0.1,3,3,0.4,0.6,0,-1.3297500000000113,-1.3423000000000114,-1.3170500000000114,-1.33,0.0002499999999887592,1.176836406102666e-14
scope,scope-170,scope_only,naive_trust,30,1000,5.0,1.0,0.6,0.05,0.3,1.0,0.1,6,0,0,0.2,5.0,0,0.2,0.0,0.95,0.05,0.8,0.1,3,3,0.4,0.6,0,0.13950000000000135,0.12200000000000136,0.15700000000000133,0.11999999999999997,0.019500000000001377,1.6653345369377348e-15
scope,scope-171,scope_only,naive_trust,30,1000,5.0,1.0,0.6,0.05,0.3,1.0,0.6,6,0,0,0.2,5.0,0,0.2,0.0,0.95,0.05,0.8,0.1,3,3,0.4,0.6,0,-0.3605000000000113,-0.3780000000000113,-0.34300000000001135,-0.38,0.019499999999988693,1.1712852909795402e-14
scope,scope-172,scope_only,naive_trust,30,1000,5.0,1.0,0.6,0.05,0.3,1.0,0.1,12,0,0,0.2,5.0,0,0.2,0.0,0.95,0.05,0.8,0.1,3,3,0.4,0.6,0,1.3026000000000013,1.2534000000000014,1.3512000000000013,1.2599999999999998,0.042600000000001526,1.7763568394002505e-15
scope,scope-173,scope_only,naive_trust,30,1000,5.0,1.0,0.6,0.05,0.3,1.0,0.6,12,0,0,0.2,5.0,0,0.2,0.0,0.95,0.05,0.8,0.1,3,3,0.4,0.6,0,0.8025999999999888,0.7533999999999887,0.8511999999999889,0.7599999999999999,0.04259999999998887,1.176836406102666e-14
scope,scope-174,scope_only,naive_trust,30,1000,5.0,1.0,0.6,0.05,0.3,1.0,0.1,1,0,0,0.2,5.0,0,0.35,0.0,0.95,0.05,0.8,0.1,3,3,0.4,0.6,0,-1.2293499999999986,-1.2447999999999986,-1.2148499999999987,-1.2275,-0.001849999999998575,1.7763568394002505e-15
scope,scope-175,scope_only,naive_trust,30,1000,5.0,1.0,0.6,0.05,0.3,1.0,0.6,1,0,0,0.2,5.0,0,0.35,0.0,0.95,0.05,0.8,0.1,3,3,0.4,0.6,0,-1.7293500000000113,-1.7448000000000115,-1.7148500000000113,-1.7275,-0.0018500000000112315,1.1546319456101628e-14
scope,scope-176,scope_only,naive_trust,30,1000,5.0,1.0,0.6,0.05,0.3,1.0,0.1,6,0,0,0.2,5.0,0,0.35,0.0,0.95,0.05,0.8,0.1,3,3,0.4,0.6,0,0.4539000000000014,0.4376000000000014,0.4699000000000013,0.43499999999999994,0.01890000000000147,1.6653345369377348e-15
scope,scope-177,scope_only,naive_trust,30,1000,5.0,1.0,0.6,0.05,0.3,1.0,0.6,6,0,0,0.2,5.0,0,0.35,0.0,0.95,0.05,0.8,0.1,3,3,0.4,0.6,0,-0.04610000000001133,-0.062400000000011314,-0.03010000000001132,-0.06500000000000006,0.018899999999988724,1.1407541578023483e-14
scope,scope-178,scope_only,naive_trust,30,1000,5.0,1.0,0.6,0.05,0.3,1.0,0.1,12,0,0,0.2,5.0,0,0.35,0.0,0.95,0.05,0.8,0.1,3,3,0.4,0.6,0,2.4738000000000016,2.4262000000000015,2.5226000000000015,2.4299999999999997,0.04380000000000184,1.7763568394002505e-15
scope,scope-179,scope_only,naive_trust,30,1000,5.0,1.0,0.6,0.05,0.3,1.0,0.6,12,0,0,0.2,5.0,0,0.35,0.0,0.95,0.05,0.8,0.1,3,3,0.4,0.6,0,1.9737999999999887,1.9261999999999886,2.0225999999999886,1.9299999999999997,0.04379999999998896,1.199040866595169e-14
scope,scope-180,scope_only,naive_trust,30,1000,5.0,1.0,0.6,0.05,0.3,1.0,0.1,1,0,0,0.2,5.0,0,0,0.0,0.6,0.15,0.8,0.1,3,3,0.4,0.6,0,-0.6827999999999987,-0.6991999999999987,-0.6639999999999987,-0.7,0.017200000000001214,1.5543122344752192e-15
scope,scope-181,scope_only,naive_trust,30,1000,5.0,1.0,0.6,0.05,0.3,1.0,0.6,1,0,0,0.2,5.0,0,0,0.0,0.6,0.15,0.8,0.1,3,3,0.4,0.6,0,-1.1828000000000114,-1.1992000000000114,-1.1640000000000112,-1.2,0.017199999999988558,1.1324274851176597e-14
scope,scope-182,scope_only,naive_trust,30,1000,5.0,1.0,0.6,0.05,0.3,1.0,0.1,6,0,0,0.2,5.0,0,0,0.0,0.6,0.15,0.8,0.1,3,3,0.4,0.6,0,-0.6827999999999987,-0.6991999999999987,-0.6639999999999987,-0.7,0.017200000000001214,1.5543122344752192e-15
scope,scope-183,scope_only,naive_trust,30,1000,5.0,1.0,0.6,0.05,0.3,1.0,0.6,6,0,0,0.2,5.0,0,0,0.0,0.6,0.15,0.8,0.1,3,3,0.4,0.6,0,-1.1828000000000114,-1.1992000000000114,-1.1640000000000112,-1.2,0.017199999999988558,1.1324274851176597e-14
scope,scope-184,scope_only,naive_trust,30,1000,5.0,1.0,0.6,0.05,0.3,1.0,0.1,12,0,0,0.2,5.0,0,0,0.0,0.6,0.15,0.8,0.1,3,3,0.4,0.6,0,-0.6827999999999987,-0.6991999999999987,-0.6639999999999987,-0.7,0.017200000000001214,1.5543122344752192e-15
scope,scope-185,scope_only,naive_trust,30,1000,5.0,1.0,0.6,0.05,0.3,1.0,0.6,12,0,0,0.2,5.0,0,0,0.0,0.6,0.15,0.8,0.1,3,3,0.4,0.6,0,-1.1828000000000114,-1.1992000000000114,-1.1640000000000112,-1.2,0.017199999999988558,1.1324274851176597e-14
scope,scope-186,scope_only,naive_trust,30,1000,5.0,1.0,0.6,0.05,0.3,1.0,0.1,1,0,0,0.2,5.0,0,0.01,0.0,0.6,0.15,0.8,0.1,3,3,0.4,0.6,0,-0.6949999999999987,-0.7117499999999988,-0.6760999999999987,-0.712,0.017000000000001236,1.6653345369377348e-15
scope,scope-187,scope_only,naive_trust,30,1000,5.0,1.0,0.6,0.05,0.3,1.0,0.6,1,0,0,0.2,5.0,0,0.01,0.0,0.6,0.15,0.8,0.1,3,3,0.4,0.6,0,-1.1950000000000114,-1.2117500000000114,-1.1761000000000115,-1.212,0.01699999999998858,1.1546319456101628e-14
scope,scope-188,scope_only,naive_trust,30,1000,5.0,1.0,0.6,0.05,0.3,1.0,0.1,6,0,0,0.2,5.0,0,0.01,0.0,0.6,0.15,0.8,0.1,3,3,0.4,0.6,0,-0.6649999999999987,-0.6814999999999987,-0.6470999999999987,-0.6819999999999999,0.017000000000001236,1.6653345369377348e-15
scope,scope-189,scope_only,naive_trust,30,1000,5.0,1.0,0.6,0.05,0.3,1.0,0.6,6,0,0,0.2,5.0,0,0.01,0.0,0.6,0.15,0.8,0.1,3,3,0.4,0.6,0,-1.1650000000000116,-1.1815000000000115,-1.1471000000000113,-1.182,0.016999999999988358,1.176836406102666e-14
scope,scope-190,scope_only,naive_trust,30,1000,5.0,1.0,0.6,0.05,0.3,1.0,0.1,12,0,0,0.2,5.0,0,0.01,0.0,0.6,0.15,0.8,0.1,3,3,0.4,0.6,0,-0.6289999999999984,-0.6469999999999985,-0.6111999999999984,-0.6459999999999999,0.01700000000000146,1.6653345369377348e-15
scope,scope-191,scope_only,naive_trust,30,1000,5.0,1.0,0.6,0.05,0.3,1.0,0.6,12,0,0,0.2,5.0,0,0.01,0.0,0.6,0.15,0.8,0.1,3,3,0.4,0.6,0,-1.1290000000000113,-1.1470000000000113,-1.1112000000000113,-1.146,0.01699999999998858,1.1324274851176597e-14
scope,scope-192,scope_only,naive_trust,30,1000,5.0,1.0,0.6,0.05,0.3,1.0,0.1,1,0,0,0.2,5.0,0,0.05,0.0,0.6,0.15,0.8,0.1,3,3,0.4,0.6,0,-0.7457999999999987,-0.7631499999999988,-0.7264999999999986,-0.7599999999999999,0.014200000000001212,1.5543122344752192e-15
scope,scope-193,scope_only,naive_trust,30,1000,5.0,1.0,0.6,0.05,0.3,1.0,0.6,1,0,0,0.2,5.0,0,0.05,0.0,0.6,0.15,0.8,0.1,3,3,0.4,0.6,0,-1.2458000000000116,-1.2631500000000115,-1.2265000000000115,-1.2599999999999998,0.014199999999988222,1.176836406102666e-14
scope,scope-194,scope_only,naive_trust,30,1000,5.0,1.0,0.6,0.05,0.3,1.0,0.1,6,0,0,0.2,5.0,0,0.05,0.0,0.6,0.15,0.8,0.1,3,3,0.4,0.6,0,-0.5917999999999988,-0.6081999999999987,-0.5739999999999987,-0.61,0.018200000000001215,1.5543122344752192e-15
scope,scope-195,scope_only,naive_trust,30,1000,5.0,1.0,0.6,0.05,0.3,1.0,0.6,6,0,0,0.2,5.0,0,0.05,0.0,0.6,0.15,0.8,0.1,3,3,0.4,0.6,0,-1.0918000000000114,-1.1082000000000114,-1.0740000000000114,-1.1099999999999999,0.018199999999988448,1.1546319456101628e-14
scope,scope-196,scope_only,naive_trust,30,1000,5.0,1.0,0.6,0.05,0.3,1.0,0.1,12,0,0,0.2,5.0,0,0.05,0.0,0.6,0.15,0.8,0.1,3,3,0.4,0.6,0,-0.4069999999999986,-0.4271999999999986,-0.3881999999999986,-0.42999999999999994,0.023000000000001353,1.4432899320127035e-15
scope,scope-197,scope_only,naive_trust,30,1000,5.0,1.0,0.6,0.05,0.3,1.0,0.6,12,0,0,0.2,5.0,0,0.05,0.0,0.6,0.15,0.8,0.1,3,3,0.4,0.6,0,-0.9070000000000114,-0.9272000000000112,-0.8882000000000113,-0.9299999999999999,0.022999999999988585,1.1657341758564144e-14
scope,scope-198,scope_only,naive_trust,30,1000,5.0,1.0,0.6,0.05,0.3,1.0,0.1,1,0,0,0.2,5.0,0,0.2,0.0,0.6,0.15,0.8,0.1,3,3,0.4,0.6,0,-0.9310999999999986,-0.9499499999999985,-0.9102499999999984,-0.94,0.008900000000001351,1.6653345369377348e-15
scope,scope-199,scope_only,naive_trust,30,1000,5.0,1.0,0.6,0.05,0.3,1.0,0.6,1,0,0,0.2,5.0,0,0.2,0.0,0.6,0.15,0.8,0.1,3,3,0.4,0.6,0,-1.4311000000000114,-1.4499500000000114,-1.4102500000000113,-1.44,0.008899999999988584,1.1546319456101628e-14
scope,scope-200,scope_only,naive_trust,30,1000,5.0,1.0,0.6,0.05,0.3,1.0,0.1,6,0,0,0.2,5.0,0,0.2,0.0,0.6,0.15,0.8,0.1,3,3,0.4,0.6,0,-0.3215999999999986,-0.3442999999999986,-0.3011999999999986,-0.33999999999999997,0.01840000000000136,1.5543122344752192e-15
scope,scope-201,scope_only,naive_trust,30,1000,5.0,1.0,0.6,0.05,0.3,1.0,0.6,6,0,0,0.2,5.0,0,0.2,0.0,0.6,0.15,0.8,0.1,3,3,0.4,0.6,0,-0.8216000000000114,-0.8443000000000115,-0.8012000000000115,-0.84,0.018399999999988537,1.1657341758564144e-14
scope,scope-202,scope_only,naive_trust,30,1000,5.0,1.0,0.6,0.05,0.3,1.0,0.1,12,0,0,0.2,5.0,0,0.2,0.0,0.6,0.15,0.8,0.1,3,3,0.4,0.6,0,0.4098000000000014,0.3582000000000014,0.4534000000000014,0.38,0.02980000000000138,1.4432899320127035e-15
scope,scope-203,scope_only,naive_trust,30,1000,5.0,1.0,0.6,0.05,0.3,1.0,0.6,12,0,0,0.2,5.0,0,0.2,0.0,0.6,0.15,0.8,0.1,3,3,0.4,0.6,0,-0.09020000000001137,-0.14180000000001133,-0.04660000000001134,-0.12,0.029799999999988627,1.1685097334179773e-14
scope,scope-204,scope_only,naive_trust,30,1000,5.0,1.0,0.6,0.05,0.3,1.0,0.1,1,0,0,0.2,5.0,0,0.35,0.0,0.6,0.15,0.8,0.1,3,3,0.4,0.6,0,-1.1137999999999986,-1.1330999999999984,-1.0941999999999985,-1.12,0.006200000000001538,1.7763568394002505e-15
scope,scope-205,scope_only,naive_trust,30,1000,5.0,1.0,0.6,0.05,0.3,1.0,0.6,1,0,0,0.2,5.0,0,0.35,0.0,0.6,0.15,0.8,0.1,3,3,0.4,0.6,0,-1.6138000000000112,-1.6331000000000113,-1.5942000000000114,-1.62,0.006199999999988881,1.176836406102666e-14
scope,scope-206,scope_only,naive_trust,30,1000,5.0,1.0,0.6,0.05,0.3,1.0,0.1,6,0,0,0.2,5.0,0,0.35,0.0,0.6,0.15,0.8,0.1,3,3,0.4,0.6,0,-0.055799999999998594,-0.08059999999999858,-0.03509999999999861,-0.07000000000000003,0.01420000000000144,1.5543122344752192e-15
scope,scope-207,scope_only,naive_trust,30,1000,5.0,1.0,0.6,0.05,0.3,1.0,0.6,6,0,0,0.2,5.0,0,0.35,0.0,0.6,0.15,0.8,0.1,3,3,0.4,0.6,0,-0.5558000000000114,-0.5806000000000113,-0.5351000000000113,-0.5700000000000001,0.014199999999988666,1.1546319456101628e-14
scope,scope-208,scope_only,naive_trust,30,1000,5.0,1.0,0.6,0.05,0.3,1.0,0.1,12,0,0,0.2,5.0,0,0.35,0.0,0.6,0.15,0.8,0.1,3,3,0.4,0.6,0,1.2138000000000013,1.1534000000000013,1.2646000000000015,1.19,0.023800000000001376,1.5543122344752192e-15
scope,scope-209,scope_only,naive_trust,30,1000,5.0,1.0,0.6,0.05,0.3,1.0,0.6,12,0,0,0.2,5.0,0,0.35,0.0,0.6,0.15,0.8,0.1,3,3,0.4,0.6,0,0.7137999999999887,0.6533999999999887,0.7645999999999886,0.6900000000000001,0.023799999999988608,1.1546319456101628e-14
scope,scope-210,scope_only,naive_trust,30,1000,5.0,1.0,0.6,0.05,0.3,1.0,0.1,1,0,0,0.2,5.0,0,0,0.0,0.95,0.15,0.8,0.1,3,3,0.4,0.6,0,-0.6827999999999987,-0.6991999999999987,-0.6639999999999987,-0.7,0.017200000000001214,1.5543122344752192e-15
scope,scope-211,scope_only,naive_trust,30,1000,5.0,1.0,0.6,0.05,0.3,1.0,0.6,1,0,0,0.2,5.0,0,0,0.0,0.95,0.15,0.8,0.1,3,3,0.4,0.6,0,-1.1828000000000114,-1.1992000000000114,-1.1640000000000112,-1.2,0.017199999999988558,1.1324274851176597e-14
scope,scope-212,scope_only,naive_trust,30,1000,5.0,1.0,0.6,0.05,0.3,1.0,0.1,6,0,0,0.2,5.0,0,0,0.0,0.95,0.15,0.8,0.1,3,3,0.4,0.6,0,-0.6827999999999987,-0.6991999999999987,-0.6639999999999987,-0.7,0.017200000000001214,1.5543122344752192e-15
scope,scope-213,scope_only,naive_trust,30,1000,5.0,1.0,0.6,0.05,0.3,1.0,0.6,6,0,0,0.2,5.0,0,0,0.0,0.95,0.15,0.8,0.1,3,3,0.4,0.6,0,-1.1828000000000114,-1.1992000000000114,-1.1640000000000112,-1.2,0.017199999999988558,1.1324274851176597e-14
scope,scope-214,scope_only,naive_trust,30,1000,5.0,1.0,0.6,0.05,0.3,1.0,0.1,12,0,0,0.2,5.0,0,0,0.0,0.95,0.15,0.8,0.1,3,3,0.4,0.6,0,-0.6827999999999987,-0.6991999999999987,-0.6639999999999987,-0.7,0.017200000000001214,1.5543122344752192e-15
scope,scope-215,scope_only,naive_trust,30,1000,5.0,1.0,0.6,0.05,0.3,1.0,0.6,12,0,0,0.2,5.0,0,0,0.0,0.95,0.15,0.8,0.1,3,3,0.4,0.6,0,-1.1828000000000114,-1.1992000000000114,-1.1640000000000112,-1.2,0.017199999999988558,1.1324274851176597e-14
scope,scope-216,scope_only,naive_trust,30,1000,5.0,1.0,0.6,0.05,0.3,1.0,0.1,1,0,0,0.2,5.0,0,0.01,0.0,0.95,0.15,0.8,0.1,3,3,0.4,0.6,0,-0.7077499999999987,-0.7260499999999986,-0.6879999999999986,-0.7224999999999999,0.014750000000001262,1.6653345369377348e-15
scope,scope-217,scope_only,naive_trust,30,1000,5.0,1.0,0.6,0.05,0.3,1.0,0.6,1,0,0,0.2,5.0,0,0.01,0.0,0.95,0.15,0.8,0.1,3,3,0.4,0.6,0,-1.2077500000000114,-1.2260500000000114,-1.1880000000000115,-1.2225,0.014749999999988495,1.1546319456101628e-14
scope,scope-218,scope_only,naive_trust,30,1000,5.0,1.0,0.6,0.05,0.3,1.0,0.1,6,0,0,0.2,5.0,0,0.01,0.0,0.95,0.15,0.8,0.1,3,3,0.4,0.6,0,-0.6564999999999986,-0.6726999999999985,-0.6392999999999986,-0.6749999999999999,0.018500000000001293,1.6653345369377348e-15
scope,scope-219,scope_only,naive_trust,30,1000,5.0,1.0,0.6,0.05,0.3,1.0,0.6,6,0,0,0.2,5.0,0,0.01,0.0,0.95,0.15,0.8,0.1,3,3,0.4,0.6,0,-1.1565000000000114,-1.1727000000000114,-1.1393000000000115,-1.1749999999999998,0.018499999999988415,1.176836406102666e-14
scope,scope-220,scope_only,naive_trust,30,1000,5.0,1.0,0.6,0.05,0.3,1.0,0.1,12,0,0,0.2,5.0,0,0.01,0.0,0.95,0.15,0.8,0.1,3,3,0.4,0.6,0,-0.5949999999999984,-0.6117999999999985,-0.5787999999999985,-0.618,0.023000000000001575,1.6653345369377348e-15
scope,scope-221,scope_only,naive_trust,30,1000,5.0,1.0,0.6,0.05,0.3,1.0,0.6,12,0,0,0.2,5.0,0,0.01,0.0,0.95,0.15,0.8,0.1,3,3,0.4,0.6,0,-1.095000000000011,-1.1118000000000112,-1.0788000000000113,-1.1179999999999999,0.022999999999988807,1.1324274851176597e-14
scope,scope-222,scope_only,naive_trust,30,1000,5.0,1.0,0.6,0.05,0.3,1.0,0.1,1,0,0,0.2,5.0,0,0.05,0.0,0.95,0.15,0.8,0.1,3,3,0.4,0.6,0,-0.7990499999999987,-0.8176999999999988,-0.7791499999999987,-0.8124999999999999,0.013450000000001183,1.5543122344752192e-15
scope,scope-223,scope_only,naive_trust,30,1000,5.0,1.0,0.6,0.05,0.3,1.0,0.6,1,0,0,0.2,5.0,0,0.05,0.0,0.95,0.15,0.8,0.1,3,3,0.4,0.6,0,-1.2990500000000114,-1.3177000000000114,-1.2791500000000113,-1.3125,0.013449999999988638,1.176836406102666e-14
scope,scope-224,scope_only,naive_trust,30,1000,5.0,1.0,0.6,0.05,0.3,1.0,0.1,6,0,0,0.2,5.0,0,0.05,0.0,0.95,0.15,0.8,0.1,3,3,0.4,0.6,0,-0.5562999999999987,-0.5722999999999988,-0.5389999999999987,-0.575,0.01870000000000127,1.5543122344752192e-15
scope,scope-225,scope_only,naive_trust,30,1000,5.0,1.0,0.6,0.05,0.3,1.0,0.6,6,0,0,0.2,5.0,0,0.05,0.0,0.95,0.15,0.8,0.1,3,3,0.4,0.6,0,-1.0563000000000113,-1.0723000000000114,-1.0390000000000115,-1.075,0.018699999999988615,1.199040866595169e-14
scope,scope-226,scope_only,naive_trust,30,1000,5.0,1.0,0.6,0.05,0.3,1.0,0.1,12,0,0,0.2,5.0,0,0.05,0.0,0.95,0.15,0.8,0.1,3,3,0.4,0.6,0,-0.26499999999999846,-0.28419999999999856,-0.24459999999999846,-0.2899999999999999,0.025000000000001465,1.5543122344752192e-15
scope,scope-227,scope_only,naive_trust,30,1000,5.0,1.0,0.6,0.05,0.3,1.0,0.6,12,0,0,0.2,5.0,0,0.05,0.0,0.95,0.15,0.8,0.1,3,3,0.4,0.6,0,-0.7650000000000114,-0.7842000000000114,-0.7446000000000114,-0.7899999999999999,0.024999999999988476,1.1879386363489175e-14
scope,scope-228,scope_only,naive_trust,30,1000,5.0,1.0,0.6,0.05,0.3,1.0,0.1,1,0,0,0.2,5.0,0,0.2,0.0,0.95,0.15,0.8,0.1,3,3,0.4,0.6,0,-1.1469499999999986,-1.1671999999999987,-1.1254999999999986,-1.1500000000000001,0.0030500000000015515,1.7763568394002505e-15
scope,scope-229,scope_only,naive_trust,30,1000,5.0,1.0,0.6,0.05,0.3,1.0,0.6,1,0,0,0.2,5.0,0,0.2,0.0,0.95,0.15,0.8,0.1,3,3,0.4,0.6,0,-1.6469500000000115,-1.6672000000000113,-1.6255000000000113,-1.65,0.003049999999988451,1.176836406102666e-14
scope,scope-230,scope_only,naive_trust,30,1000,5.0,1.0,0.6,0.05,0.3,1.0,0.1,6,0,0,0.2,5.0,0,0.2,0.0,0.95,0.15,0.8,0.1,3,3,0.4,0.6,0,-0.17769999999999866,-0.2008999999999987,-0.15679999999999866,-0.19999999999999998,0.02230000000000132,1.6653345369377348e-15
scope,scope-231,scope_only,naive_trust,30,1000,5.0,1.0,0.6,0.05,0.3,1.0,0.6,6,0,0,0.2,5.0,0,0.2,0.0,0.95,0.15,0.8,0.1,3,3,0.4,0.6,0,-0.6777000000000114,-0.7009000000000114,-0.6568000000000114,-0.7,0.02229999999998855,1.1657341758564144e-14
scope,scope-232,scope_only,naive_trust,30,1000,5.0,1.0,0.6,0.05,0.3,1.0,0.1,12,0,0,0.2,5.0,0,0.2,0.0,0.95,0.15,0.8,0.1,3,3,0.4,0.6,0,0.9854000000000014,0.9354000000000013,1.0318000000000014,0.9400000000000001,0.04540000000000133,1.4432899320127035e-15
scope,scope-233,scope_only,naive_trust,30,1000,5.0,1.0,0.6,0.05,0.3,1.0,0.6,12,0,0,0.2,5.0,0,0.2,0.0,0.95,0.15,0.8,0.1,3,3,0.4,0.6,0,0.48539999999998856,0.43539999999998863,0.5317999999999886,0.44000000000000006,0.045399999999988505,1.176836406102666e-14
scope,scope-234,scope_only,naive_trust,30,1000,5.0,1.0,0.6,0.05,0.3,1.0,0.1,1,0,0,0.2,5.0,0,0.35,0.0,0.95,0.15,0.8,0.1,3,3,0.4,0.6,0,-1.4889499999999987,-1.5068499999999987,-1.4721999999999986,-1.4874999999999998,-0.001449999999998841,1.7763568394002505e-15
scope,scope-235,scope_only,naive_trust,30,1000,5.0,1.0,0.6,0.05,0.3,1.0,0.6,1,0,0,0.2,5.0,0,0.35,0.0,0.95,0.15,0.8,0.1,3,3,0.4,0.6,0,-1.988950000000011,-2.0068500000000116,-1.9722000000000115,-1.9874999999999998,-0.0014500000000112756,1.1546319456101628e-14
scope,scope-236,scope_only,naive_trust,30,1000,5.0,1.0,0.6,0.05,0.3,1.0,0.1,6,0,0,0.2,5.0,0,0.35,0.0,0.95,0.15,0.8,0.1,3,3,0.4,0.6,0,0.19430000000000133,0.17080000000000134,0.21600000000000136,0.1749999999999999,0.019300000000001427,1.5543122344752192e-15
scope,scope-237,scope_only,naive_trust,30,1000,5.0,1.0,0.6,0.05,0.3,1.0,0.6,6,0,0,0.2,5.0,0,0.35,0.0,0.95,0.15,0.8,0.1,3,3,0.4,0.6,0,-0.30570000000001135,-0.3292000000000114,-0.28400000000001135,-0.32500000000000007,0.019299999999988715,1.1518563880485999e-14
scope,scope-238,scope_only,naive_trust,30,1000,5.0,1.0,0.6,0.05,0.3,1.0,0.1,12,0,0,0.2,5.0,0,0.35,0.0,0.95,0.15,0.8,0.1,3,3,0.4,0.6,0,2.2142000000000013,2.1602000000000015,2.2670000000000012,2.1699999999999995,0.04420000000000179,1.7763568394002505e-15
scope,scope-239,scope_only,naive_trust,30,1000,5.0,1.0,0.6,0.05,0.3,1.0,0.6,12,0,0,0.2,5.0,0,0.35,0.0,0.95,0.15,0.8,0.1,3,3,0.4,0.6,0,1.7141999999999886,1.6601999999999886,1.7669999999999888,1.6699999999999995,0.04419999999998914,1.176836406102666e-14
scope,scope-240,scope_only,naive_trust,30,1000,5.0,1.0,0.6,0.05,0.3,1.0,0.1,1,0,0,0.2,5.0,0,0,0.0,0.6,0.3,0.8,0.1,3,3,0.4,0.6,0,-1.2809999999999984,-1.3013999999999986,-1.2605999999999986,-1.3,0.019000000000001682,1.5543122344752192e-15
scope,scope-241,scope_only,naive_trust,30,1000,5.0,1.0,0.6,0.05,0.3,1.0,0.6,1,0,0,0.2,5.0,0,0,0.0,0.6,0.3,0.8,0.1,3,3,0.4,0.6,0,-1.7810000000000112,-1.8014000000000112,-1.7606000000000113,-1.7999999999999998,0.01899999999998858,1.1546319456101628e-14
scope,scope-242,scope_only,naive_trust,30,1000,5.0,1.0,0.6,0.05,0.3,1.0,0.1,6,0,0,0.2,5.0,0,0,0.0,0.6,0.3,0.8,0.1,3,3,0.4,0.6,0,-1.2809999999999984,-1.3013999999999986,-1.2605999999999986,-1.3,0.019000000000001682,1.5543122344752192e-15
scope,scope-243,scope_only,naive_trust,30,1000,5.0,1.0,0.6,0.05,0.3,1.0,0.6,6,0,0,0.2,5.0,0,0,0.0,0.6,0.3,0.8,0.1,3,3,0.4,0.6,0,-1.7810000000000112,-1.8014000000000112,-1.7606000000000113,-1.7999999999999998,0.01899999999998858,1.1546319456101628e-14
scope,scope-244,scope_only,naive_trust,30,1000,5.0,1.0,0.6,0.05,0.3,1.0,0.1,12,0,0,0.2,5.0,0,0,0.0,0.6,0.3,0.8,0.1,3,3,0.4,0.6,0,-1.2809999999999984,-1.3013999999999986,-1.2605999999999986,-1.3,0.019000000000001682,1.5543122344752192e-15
scope,scope-245,scope_only,naive_trust,30,1000,5.0,1.0,0.6,0.05,0.3,1.0,0.6,12,0,0,0.2,5.0,0,0,0.0,0.6,0.3,0.8,0.1,3,3,0.4,0.6,0,-1.7810000000000112,-1.8014000000000112,-1.7606000000000113,-1.7999999999999998,0.01899999999998858,1.1546319456101628e-14
scope,scope-246,scope_only,naive_trust,30,1000,5.0,1.0,0.6,0.05,0.3,1.0,0.1,1,0,0,0.2,5.0,0,0.01,0.0,0.6,0.3,0.8,0.1,3,3,0.4,0.6,0,-1.2859999999999987,-1.3078499999999986,-1.2649499999999987,-1.306,0.02000000000000135,1.7763568394002505e-15
scope,scope-247,scope_only,naive_trust,30,1000,5.0,1.0,0.6,0.05,0.3,1.0,0.6,1,0,0,0.2,5.0,0,0.01,0.0,0.6,0.3,0.8,0.1,3,3,0.4,0.6,0,-1.7860000000000114,-1.8078500000000115,-1.7649500000000113,-1.806,0.019999999999988693,1.199040866595169e-14
scope,scope-248,scope_only,naive_trust,30,1000,5.0,1.0,0.6,0.05,0.3,1.0,0.1,6,0,0,0.2,5.0,0,0.01,0.0,0.6,0.3,0.8,0.1,3,3,0.4,0.6,0,-1.2559999999999987,-1.2774999999999987,-1.2357999999999987,-1.276,0.02000000000000135,1.5543122344752192e-15
scope,scope-249,scope_only,naive_trust,30,1000,5.0,1.0,0.6,0.05,0.3,1.0,0.6,6,0,0,0.2,5.0,0,0.01,0.0,0.6,0.3,0.8,0.1,3,3,0.4,0.6,0,-1.7560000000000116,-1.7775000000000116,-1.7358000000000113,-1.7759999999999998,0.01999999999998825,1.199040866595169e-14
scope,scope-250,scope_only,naive_trust,30,1000,5.0,1.0,0.6,0.05,0.3,1.0,0.1,12,0,0,0.2,5.0,0,0.01,0.0,0.6,0.3,0.8,0.1,3,3,0.4,0.6,0,-1.2199999999999984,-1.2427999999999986,-1.1991999999999983,-1.24,0.020000000000001572,1.5543122344752192e-15
scope,scope-251,scope_only,naive_trust,30,1000,5.0,1.0,0.6,0.05,0.3,1.0,0.6,12,0,0,0.2,5.0,0,0.01,0.0,0.6,0.3,0.8,0.1,3,3,0.4,0.6,0,-1.7200000000000113,-1.7428000000000115,-1.6992000000000111,-1.7399999999999998,0.01999999999998847,1.1546319456101628e-14
scope,scope-252,scope_only,naive_trust,30,1000,5.0,1.0,0.6,0.05,0.3,1.0,0.1,1,0,0,0.2,5.0,0,0.05,0.0,0.6,0.3,0.8,0.1,3,3,0.4,0.6,0,-1.3125999999999987,-1.3317999999999988,-1.293349999999999,-1.33,0.017400000000001414,1.5543122344752192e-15
scope,scope-253,scope_only,naive_trust,30,1000,5.0,1.0,0.6,0.05,0.3,1.0,0.6,1,0,0,0.2,5.0,0,0.05,0.0,0.6,0.3,0.8,0.1,3,3,0.4,0.6,0,-1.8126000000000115,-1.8318000000000114,-1.7933500000000115,-1.83,0.017399999999988536,1.199040866595169e-14
scope,scope-254,scope_only,naive_trust,30,1000,5.0,1.0,0.6,0.05,0.3,1.0,0.1,6,0,0,0.2,5.0,0,0.05,0.0,0.6,0.3,0.8,0.1,3,3,0.4,0.6,0,-1.1585999999999987,-1.1793999999999987,-1.1387999999999987,-1.18,0.021400000000001196,1.5543122344752192e-15
scope,scope-255,scope_only,naive_trust,30,1000,5.0,1.0,0.6,0.05,0.3,1.0,0.6,6,0,0,0.2,5.0,0,0.05,0.0,0.6,0.3,0.8,0.1,3,3,0.4,0.6,0,-1.6586000000000116,-1.6794000000000113,-1.6388000000000116,-1.6799999999999997,0.021399999999988095,1.176836406102666e-14
scope,scope-256,scope_only,naive_trust,30,1000,5.0,1.0,0.6,0.05,0.3,1.0,0.1,12,0,0,0.2,5.0,0,0.05,0.0,0.6,0.3,0.8,0.1,3,3,0.4,0.6,0,-0.9737999999999987,-0.9995999999999986,-0.9501999999999986,-0.9999999999999999,0.026200000000001222,1.3322676295501878e-15
scope,scope-257,scope_only,naive_trust,30,1000,5.0,1.0,0.6,0.05,0.3,1.0,0.6,12,0,0,0.2,5.0,0,0.05,0.0,0.6,0.3,0.8,0.1,3,3,0.4,0.6,0,-1.4738000000000113,-1.4996000000000114,-1.4502000000000113,-1.5,0.026199999999988677,1.176836406102666e-14
scope,scope-258,scope_only,naive_trust,30,1000,5.0,1.0,0.6,0.05,0.3,1.0,0.1,1,0,0,0.2,5.0,0,0.2,0.0,0.6,0.3,0.8,0.1,3,3,0.4,0.6,0,-1.4108999999999985,-1.4302499999999985,-1.3908499999999986,-1.42,0.00910000000000144,1.7763568394002505e-15
scope,scope-259,scope_only,naive_trust,30,1000,5.0,1.0,0.6,0.05,0.3,1.0,0.6,1,0,0,0.2,5.0,0,0.2,0.0,0.6,0.3,0.8,0.1,3,3,0.4,0.6,0,-1.9109000000000111,-1.9302500000000111,-1.8908500000000115,-1.92,0.009099999999988784,1.1546319456101628e-14
scope,scope-260,scope_only,naive_trust,30,1000,5.0,1.0,0.6,0.05,0.3,1.0,0.1,6,0,0,0.2,5.0,0,0.2,0.0,0.6,0.3,0.8,0.1,3,3,0.4,0.6,0,-0.8013999999999987,-0.8300999999999986,-0.7764999999999986,-0.82,0.018600000000001282,1.4432899320127035e-15
scope,scope-261,scope_only,naive_trust,30,1000,5.0,1.0,0.6,0.05,0.3,1.0,0.6,6,0,0,0.2,5.0,0,0.2,0.0,0.6,0.3,0.8,0.1,3,3,0.4,0.6,0,-1.3014000000000112,-1.3301000000000114,-1.2765000000000115,-1.3199999999999998,0.018599999999988626,1.1546319456101628e-14
scope,scope-262,scope_only,naive_trust,30,1000,5.0,1.0,0.6,0.05,0.3,1.0,0.1,12,0,0,0.2,5.0,0,0.2,0.0,0.6,0.3,0.8,0.1,3,3,0.4,0.6,0,-0.0699999999999986,-0.12779999999999864,-0.021199999999998588,-0.1,0.0300000000000014,1.4016565685892601e-15
scope,scope-263,scope_only,naive_trust,30,1000,5.0,1.0,0.6,0.05,0.3,1.0,0.6,12,0,0,0.2,5.0,0,0.2,0.0,0.6,0.3,0.8,0.1,3,3,0.4,0.6,0,-0.5700000000000113,-0.6278000000000113,-0.5212000000000113,-0.6,0.029999999999988702,1.1657341758564144e-14
scope,scope-264,scope_only,naive_trust,30,1000,5.0,1.0,0.6,0.05,0.3,1.0,0.1,1,0,0,0.2,5.0,0,0.35,0.0,0.6,0.3,0.8,0.1,3,3,0.4,0.6,0,-1.5023999999999984,-1.5211999999999986,-1.4837999999999985,-1.5100000000000002,0.0076000000000018275,1.7763568394002505e-15
scope,scope-265,scope_only,naive_trust,30,1000,5.0,1.0,0.6,0.05,0.3,1.0,0.6,1,0,0,0.2,5.0,0,0.35,0.0,0.6,0.3,0.8,0.1,3,3,0.4,0.6,0,-2.0024000000000113,-2.0212000000000114,-1.983800000000011,-2.0100000000000002,0.007599999999988949,1.1546319456101628e-14
scope,scope-266,scope_only,naive_trust,30,1000,5.0,1.0,0.6,0.05,0.3,1.0,0.1,6,0,0,0.2,5.0,0,0.35,0.0,0.6,0.3,0.8,0.1,3,3,0.4,0.6,0,-0.4443999999999987,-0.47279999999999855,-0.4208999999999986,-0.4600000000000001,0.01560000000000139,1.5543122344752192e-15
scope,scope-267,scope_only,naive_trust,30,1000,5.0,1.0,0.6,0.05,0.3,1.0,0.6,6,0,0,0.2,5.0,0,0.35,0.0,0.6,0.3,0.8,0.1,3,3,0.4,0.6,0,-0.9444000000000112,-0.9728000000000113,-0.9209000000000114,-0.96,0.015599999999988734,1.1657341758564144e-14
scope,scope-268,scope_only,naive_trust,30,1000,5.0,1.0,0.6,0.05,0.3,1.0,0.1,12,0,0,0.2,5.0,0,0.35,0.0,0.6,0.3,0.8,0.1,3,3,0.4,0.6,0,0.8252000000000013,0.7604000000000013,0.8794000000000015,0.7999999999999999,0.025200000000001332,1.3322676295501878e-15
scope,scope-269,scope_only,naive_trust,30,1000,5.0,1.0,0.6,0.05,0.3,1.0,0.6,12,0,0,0.2,5.0,0,0.35,0.0,0.6,0.3,0.8,0.1,3,3,0.4,0.6,0,0.3251999999999886,0.26039999999998864,0.37939999999998864,0.29999999999999993,0.025199999999988676,1.1546319456101628e-14
scope,scope-270,scope_only,naive_trust,30,1000,5.0,1.0,0.6,0.05,0.3,1.0,0.1,1,0,0,0.2,5.0,0,0,0.0,0.95,0.3,0.8,0.1,3,3,0.4,0.6,0,-1.2809999999999984,-1.3013999999999986,-1.2605999999999986,-1.3,0.019000000000001682,1.5543122344752192e-15
scope,scope-271,scope_only,naive_trust,30,1000,5.0,1.0,0.6,0.05,0.3,1.0,0.6,1,0,0,0.2,5.0,0,0,0.0,0.95,0.3,0.8,0.1,3,3,0.4,0.6,0,-1.7810000000000112,-1.8014000000000112,-1.7606000000000113,-1.7999999999999998,0.01899999999998858,1.1546319456101628e-14
scope,scope-272,scope_only,naive_trust,30,1000,5.0,1.0,0.6,0.05,0.3,1.0,0.1,6,0,0,0.2,5.0,0,0,0.0,0.95,0.3,0.8,0.1,3,3,0.4,0.6,0,-1.2809999999999984,-1.3013999999999986,-1.2605999999999986,-1.3,0.019000000000001682,1.5543122344752192e-15
scope,scope-273,scope_only,naive_trust,30,1000,5.0,1.0,0.6,0.05,0.3,1.0,0.6,6,0,0,0.2,5.0,0,0,0.0,0.95,0.3,0.8,0.1,3,3,0.4,0.6,0,-1.7810000000000112,-1.8014000000000112,-1.7606000000000113,-1.7999999999999998,0.01899999999998858,1.1546319456101628e-14
scope,scope-274,scope_only,naive_trust,30,1000,5.0,1.0,0.6,0.05,0.3,1.0,0.1,12,0,0,0.2,5.0,0,0,0.0,0.95,0.3,0.8,0.1,3,3,0.4,0.6,0,-1.2809999999999984,-1.3013999999999986,-1.2605999999999986,-1.3,0.019000000000001682,1.5543122344752192e-15
scope,scope-275,scope_only,naive_trust,30,1000,5.0,1.0,0.6,0.05,0.3,1.0,0.6,12,0,0,0.2,5.0,0,0,0.0,0.95,0.3,0.8,0.1,3,3,0.4,0.6,0,-1.7810000000000112,-1.8014000000000112,-1.7606000000000113,-1.7999999999999998,0.01899999999998858,1.1546319456101628e-14
scope,scope-276,scope_only,naive_trust,30,1000,5.0,1.0,0.6,0.05,0.3,1.0,0.1,1,0,0,0.2,5.0,0,0.01,0.0,0.95,0.3,0.8,0.1,3,3,0.4,0.6,0,-1.2987499999999987,-1.3197999999999985,-1.2776999999999987,-1.3165,0.017750000000001265,1.5543122344752192e-15
scope,scope-277,scope_only,naive_trust,30,1000,5.0,1.0,0.6,0.05,0.3,1.0,0.6,1,0,0,0.2,5.0,0,0.01,0.0,0.95,0.3,0.8,0.1,3,3,0.4,0.6,0,-1.7987500000000114,-1.8198000000000114,-1.7777000000000114,-1.8165,0.017749999999988608,1.176836406102666e-14
scope,scope-278,scope_only,naive_trust,30,1000,5.0,1.0,0.6,0.05,0.3,1.0,0.1,6,0,0,0.2,5.0,0,0.01,0.0,0.95,0.3,0.8,0.1,3,3,0.4,0.6,0,-1.2474999999999987,-1.2691999999999986,-1.2271999999999985,-1.2690000000000001,0.021500000000001407,1.5543122344752192e-15
scope,scope-279,scope_only,naive_trust,30,1000,5.0,1.0,0.6,0.05,0.3,1.0,0.6,6,0,0,0.2,5.0,0,0.01,0.0,0.95,0.3,0.8,0.1,3,3,0.4,0.6,0,-1.7475000000000116,-1.7692000000000114,-1.7272000000000112,-1.7690000000000001,0.02149999999998853,1.199040866595169e-14
scope,scope-280,scope_only,naive_trust,30,1000,5.0,1.0,0.6,0.05,0.3,1.0,0.1,12,0,0,0.2,5.0,0,0.01,0.0,0.95,0.3,0.8,0.1,3,3,0.4,0.6,0,-1.1859999999999984,-1.2101999999999984,-1.1637999999999984,-1.212,0.026000000000001577,1.7763568394002505e-15
scope,scope-281,scope_only,naive_trust,30,1000,5.0,1.0,0.6,0.05,0.3,1.0,0.6,12,0,0,0.2,5.0,0,0.01,0.0,0.95,0.3,0.8,0.1,3,3,0.4,0.6,0,-1.6860000000000113,-1.7102000000000115,-1.6638000000000113,-1.7119999999999997,0.025999999999988477,1.1546319456101628e-14
scope,scope-282,scope_only,naive_trust,30,1000,5.0,1.0,0.6,0.05,0.3,1.0,0.1,1,0,0,0.2,5.0,0,0.05,0.0,0.95,0.3,0.8,0.1,3,3,0.4,0.6,0,-1.3658499999999987,-1.3859999999999988,-1.3457499999999987,-1.3825,0.016650000000001386,1.5543122344752192e-15
scope,scope-283,scope_only,naive_trust,30,1000,5.0,1.0,0.6,0.05,0.3,1.0,0.6,1,0,0,0.2,5.0,0,0.05,0.0,0.95,0.3,0.8,0.1,3,3,0.4,0.6,0,-1.8658500000000113,-1.8860000000000112,-1.8457500000000113,-1.8824999999999998,0.016649999999988507,1.176836406102666e-14
scope,scope-284,scope_only,naive_trust,30,1000,5.0,1.0,0.6,0.05,0.3,1.0,0.1,6,0,0,0.2,5.0,0,0.05,0.0,0.95,0.3,0.8,0.1,3,3,0.4,0.6,0,-1.1230999999999987,-1.1432999999999987,-1.1034999999999988,-1.145,0.021900000000001363,1.5543122344752192e-15
scope,scope-285,scope_only,naive_trust,30,1000,5.0,1.0,0.6,0.05,0.3,1.0,0.6,6,0,0,0.2,5.0,0,0.05,0.0,0.95,0.3,0.8,0.1,3,3,0.4,0.6,0,-1.6231000000000115,-1.6433000000000113,-1.6035000000000115,-1.645,0.021899999999988484,1.199040866595169e-14
scope,scope-286,scope_only,naive_trust,30,1000,5.0,1.0,0.6,0.05,0.3,1.0,0.1,12,0,0,0.2,5.0,0,0.05,0.0,0.95,0.3,0.8,0.1,3,3,0.4,0.6,0,-0.8317999999999985,-0.8565999999999985,-0.8065999999999984,-0.8599999999999999,0.028200000000001335,1.4432899320127035e-15
scope,scope-287,scope_only,naive_trust,30,1000,5.0,1.0,0.6,0.05,0.3,1.0,0.6,12,0,0,0.2,5.0,0,0.05,0.0,0.95,0.3,0.8,0.1,3,3,0.4,0.6,0,-1.3318000000000114,-1.3566000000000114,-1.3066000000000115,-1.3599999999999999,0.028199999999988457,1.176836406102666e-14
scope,scope-288,scope_only,naive_trust,30,1000,5.0,1.0,0.6,0.05,0.3,1.0,0.1,1,0,0,0.2,5.0,0,0.2,0.0,0.95,0.3,0.8,0.1,3,3,0.4,0.6,0,-1.6267499999999984,-1.6475999999999984,-1.6065499999999986,-1.6300000000000001,0.0032500000000017515,1.7763568394002505e-15
scope,scope-289,scope_only,naive_trust,30,1000,5.0,1.0,0.6,0.05,0.3,1.0,0.6,1,0,0,0.2,5.0,0,0.2,0.0,0.95,0.3,0.8,0.1,3,3,0.4,0.6,0,-2.126750000000011,-2.1476000000000113,-2.1065500000000115,-2.13,0.003249999999988873,1.1546319456101628e-14
scope,scope-290,scope_only,naive_trust,30,1000,5.0,1.0,0.6,0.05,0.3,1.0,0.1,6,0,0,0.2,5.0,0,0.2,0.0,0.95,0.3,0.8,0.1,3,3,0.4,0.6,0,-0.6574999999999986,-0.6846999999999988,-0.6314999999999987,-0.6799999999999999,0.022500000000001297,1.5543122344752192e-15
scope,scope-291,scope_only,naive_trust,30,1000,5.0,1.0,0.6,0.05,0.3,1.0,0.6,6,0,0,0.2,5.0,0,0.2,0.0,0.95,0.3,0.8,0.1,3,3,0.4,0.6,0,-1.1575000000000115,-1.1847000000000114,-1.1315000000000115,-1.18,0.022499999999988418,1.1546319456101628e-14
scope,scope-292,scope_only,naive_trust,30,1000,5.0,1.0,0.6,0.05,0.3,1.0,0.1,12,0,0,0.2,5.0,0,0.2,0.0,0.95,0.3,0.8,0.1,3,3,0.4,0.6,0,0.5056000000000014,0.4502000000000014,0.5586000000000014,0.4600000000000001,0.045600000000001306,1.3877787807814457e-15
scope,scope-293,scope_only,naive_trust,30,1000,5.0,1.0,0.6,0.05,0.3,1.0,0.6,12,0,0,0.2,5.0,0,0.2,0.0,0.95,0.3,0.8,0.1,3,3,0.4,0.6,0,0.005599999999988637,-0.04980000000001138,0.058599999999988626,-0.039999999999999925,0.04559999999998856,1.1685097334179773e-14
scope,scope-294,scope_only,naive_trust,30,1000,5.0,1.0,0.6,0.05,0.3,1.0,0.1,1,0,0,0.2,5.0,0,0.35,0.0,0.95,0.3,0.8,0.1,3,3,0.4,0.6,0,-1.8775499999999987,-1.8959999999999986,-1.8601499999999986,-1.8775,-4.999999999877325e-05,1.5543122344752192e-15
scope,scope-295,scope_only,naive_trust,30,1000,5.0,1.0,0.6,0.05,0.3,1.0,0.6,1,0,0,0.2,5.0,0,0.35,0.0,0.95,0.3,0.8,0.1,3,3,0.4,0.6,0,-2.3775500000000114,-2.3960000000000115,-2.360150000000011,-2.3775,-5.000000001142979e-05,1.1546319456101628e-14
scope,scope-296,scope_only,naive_trust,30,1000,5.0,1.0,0.6,0.05,0.3,1.0,0.1,6,0,0,0.2,5.0,0,0.35,0.0,0.95,0.3,0.8,0.1,3,3,0.4,0.6,0,-0.19429999999999864,-0.2189999999999986,-0.17179999999999862,-0.2150000000000001,0.020700000000001467,1.4432899320127035e-15
scope,scope-297,scope_only,naive_trust,30,1000,5.0,1.0,0.6,0.05,0.3,1.0,0.6,6,0,0,0.2,5.0,0,0.35,0.0,0.95,0.3,0.8,0.1,3,3,0.4,0.6,0,-0.6943000000000114,-0.7190000000000113,-0.6718000000000114,-0.7150000000000001,0.020699999999988727,1.1546319456101628e-14
scope,scope-298,scope_only,naive_trust,30,1000,5.0,1.0,0.6,0.05,0.3,1.0,0.1,12,0,0,0.2,5.0,0,0.35,0.0,0.95,0.3,0.8,0.1,3,3,0.4,0.6,0,1.8256000000000014,1.7710000000000015,1.8790000000000013,1.7799999999999996,0.04560000000000186,1.3322676295501878e-15
scope,scope-299,scope_only,naive_trust,30,1000,5.0,1.0,0.6,0.05,0.3,1.0,0.6,12,0,0,0.2,5.0,0,0.35,0.0,0.95,0.3,0.8,0.1,3,3,0.4,0.6,0,1.3255999999999886,1.2709999999999888,1.3789999999999887,1.2799999999999998,0.04559999999998876,1.176836406102666e-14
