scenario,seed,policy,completed,attempted,failures,prevented_breaches,exclusions,false_exclusions,scope_declines,repairs,appeals,verifications,resets,gross_benefit,production_cost,verification_cost,commitment_cost,appeal_cost,repair_cost,scope_cost,third_party_harm,coordination_cost,participant_net,social_net,social_net_per_opportunity,completion_rate,unrealized_benefit
benign,0,always_verify,2000,2000,0,0,0,0,0,0,0,2000,0,10000.0,2000.0,1200.0000000000007,0.0,0.0,0.0,0.0,0.0,1200.0000000000007,6799.999999999999,6799.999999999999,3.3999999999999995,1.0,0.0
benign,0,naive_trust,2000,2000,0,0,0,0,0,0,0,0,0,10000.0,2000.0,0.0,0.0,0.0,0.0,0.0,0.0,0.0,8000.0,8000.0,4.0,1.0,0.0
benign,0,reputation_only,2000,2000,0,0,0,0,0,0,0,277,0,10000.0,2000.0,166.19999999999914,0.0,0.0,0.0,0.0,0.0,166.19999999999914,7833.800000000001,7833.800000000001,3.9169000000000005,1.0,0.0
benign,0,repair,2000,2000,0,0,0,0,0,0,0,277,0,10000.0,2000.0,166.19999999999914,99.99999999999646,0.0,0.0,0.0,0.0,266.1999999999956,7733.800000000005,7733.800000000005,3.8669000000000024,1.0,0.0
benign,0,repair_no_exclusion,2000,2000,0,0,0,0,0,0,0,277,0,10000.0,2000.0,166.19999999999914,99.99999999999646,0.0,0.0,0.0,0.0,266.1999999999956,7733.800000000005,7733.800000000005,3.8669000000000024,1.0,0.0
benign,0,verify_and_retry,2000,2000,0,0,0,0,0,0,0,2000,0,10000.0,2000.0,1200.0000000000007,0.0,0.0,0.0,0.0,0.0,1200.0000000000007,6799.999999999999,6799.999999999999,3.3999999999999995,1.0,0.0
benign,0,scope_only,2000,2000,0,0,0,0,0,0,0,0,0,10000.0,2000.0,0.0,0.0,0.0,0.0,199.99999999999292,0.0,199.99999999999292,7800.000000000007,7800.000000000007,3.9000000000000035,1.0,0.0
benign,0,repair_no_appeal,2000,2000,0,0,0,0,0,0,0,277,0,10000.0,2000.0,166.19999999999914,99.99999999999646,0.0,0.0,0.0,0.0,266.1999999999956,7733.800000000005,7733.800000000005,3.8669000000000024,1.0,0.0
benign,0,repair_with_scope,2000,2000,0,0,0,0,0,0,0,277,0,10000.0,2000.0,166.19999999999914,99.99999999999646,0.0,0.0,199.99999999999292,0.0,466.1999999999885,7533.800000000011,7533.800000000011,3.7669000000000055,1.0,0.0
benign,1,always_verify,2000,2000,0,0,0,0,0,0,0,2000,0,10000.0,2000.0,1200.0000000000007,0.0,0.0,0.0,0.0,0.0,1200.0000000000007,6799.999999999999,6799.999999999999,3.3999999999999995,1.0,0.0
benign,1,naive_trust,2000,2000,0,0,0,0,0,0,0,0,0,10000.0,2000.0,0.0,0.0,0.0,0.0,0.0,0.0,0.0,8000.0,8000.0,4.0,1.0,0.0
benign,1,reputation_only,2000,2000,0,0,0,0,0,0,0,271,0,10000.0,2000.0,162.59999999999917,0.0,0.0,0.0,0.0,0.0,162.59999999999917,7837.400000000001,7837.400000000001,3.9187000000000003,1.0,0.0
benign,1,repair,2000,2000,0,0,0,0,0,0,0,271,0,10000.0,2000.0,162.59999999999917,99.99999999999646,0.0,0.0,0.0,0.0,262.59999999999565,7737.400000000004,7737.400000000004,3.8687000000000022,1.0,0.0
benign,1,repair_no_exclusion,2000,2000,0,0,0,0,0,0,0,271,0,10000.0,2000.0,162.59999999999917,99.99999999999646,0.0,0.0,0.0,0.0,262.59999999999565,7737.400000000004,7737.400000000004,3.8687000000000022,1.0,0.0
benign,1,verify_and_retry,2000,2000,0,0,0,0,0,0,0,2000,0,10000.0,2000.0,1200.0000000000007,0.0,0.0,0.0,0.0,0.0,1200.0000000000007,6799.999999999999,6799.999999999999,3.3999999999999995,1.0,0.0
benign,1,scope_only,2000,2000,0,0,0,0,0,0,0,0,0,10000.0,2000.0,0.0,0.0,0.0,0.0,199.99999999999292,0.0,199.99999999999292,7800.000000000007,7800.000000000007,3.9000000000000035,1.0,0.0
benign,1,repair_no_appeal,2000,2000,0,0,0,0,0,0,0,271,0,10000.0,2000.0,162.59999999999917,99.99999999999646,0.0,0.0,0.0,0.0,262.59999999999565,7737.400000000004,7737.400000000004,3.8687000000000022,1.0,0.0
benign,1,repair_with_scope,2000,2000,0,0,0,0,0,0,0,271,0,10000.0,2000.0,162.59999999999917,99.99999999999646,0.0,0.0,199.99999999999292,0.0,462.59999999998854,7537.4000000000115,7537.4000000000115,3.7687000000000057,1.0,0.0
benign,2,always_verify,2000,2000,0,0,0,0,0,0,0,2000,0,10000.0,2000.0,1200.0000000000007,0.0,0.0,0.0,0.0,0.0,1200.0000000000007,6799.999999999999,6799.999999999999,3.3999999999999995,1.0,0.0
benign,2,naive_trust,2000,2000,0,0,0,0,0,0,0,0,0,10000.0,2000.0,0.0,0.0,0.0,0.0,0.0,0.0,0.0,8000.0,8000.0,4.0,1.0,0.0
benign,2,reputation_only,2000,2000,0,0,0,0,0,0,0,280,0,10000.0,2000.0,167.99999999999912,0.0,0.0,0.0,0.0,0.0,167.99999999999912,7832.000000000001,7832.000000000001,3.9160000000000004,1.0,0.0
benign,2,repair,2000,2000,0,0,0,0,0,0,0,280,0,10000.0,2000.0,167.99999999999912,99.99999999999646,0.0,0.0,0.0,0.0,267.99999999999557,7732.000000000005,7732.000000000005,3.8660000000000023,1.0,0.0
benign,2,repair_no_exclusion,2000,2000,0,0,0,0,0,0,0,280,0,10000.0,2000.0,167.99999999999912,99.99999999999646,0.0,0.0,0.0,0.0,267.99999999999557,7732.000000000005,7732.000000000005,3.8660000000000023,1.0,0.0
benign,2,verify_and_retry,2000,2000,0,0,0,0,0,0,0,2000,0,10000.0,2000.0,1200.0000000000007,0.0,0.0,0.0,0.0,0.0,1200.0000000000007,6799.999999999999,6799.999999999999,3.3999999999999995,1.0,0.0
benign,2,scope_only,2000,2000,0,0,0,0,0,0,0,0,0,10000.0,2000.0,0.0,0.0,0.0,0.0,199.99999999999292,0.0,199.99999999999292,7800.000000000007,7800.000000000007,3.9000000000000035,1.0,0.0
benign,2,repair_no_appeal,2000,2000,0,0,0,0,0,0,0,280,0,10000.0,2000.0,167.99999999999912,99.99999999999646,0.0,0.0,0.0,0.0,267.99999999999557,7732.000000000005,7732.000000000005,3.8660000000000023,1.0,0.0
benign,2,repair_with_scope,2000,2000,0,0,0,0,0,0,0,280,0,10000.0,2000.0,167.99999999999912,99.99999999999646,0.0,0.0,199.99999999999292,0.0,467.9999999999885,7532.000000000012,7532.000000000012,3.766000000000006,1.0,0.0
benign,3,always_verify,2000,2000,0,0,0,0,0,0,0,2000,0,10000.0,2000.0,1200.0000000000007,0.0,0.0,0.0,0.0,0.0,1200.0000000000007,6799.999999999999,6799.999999999999,3.3999999999999995,1.0,0.0
benign,3,naive_trust,2000,2000,0,0,0,0,0,0,0,0,0,10000.0,2000.0,0.0,0.0,0.0,0.0,0.0,0.0,0.0,8000.0,8000.0,4.0,1.0,0.0
benign,3,reputation_only,2000,2000,0,0,0,0,0,0,0,270,0,10000.0,2000.0,161.99999999999918,0.0,0.0,0.0,0.0,0.0,161.99999999999918,7838.000000000001,7838.000000000001,3.9190000000000005,1.0,0.0
benign,3,repair,2000,2000,0,0,0,0,0,0,0,270,0,10000.0,2000.0,161.99999999999918,99.99999999999646,0.0,0.0,0.0,0.0,261.9999999999956,7738.000000000005,7738.000000000005,3.8690000000000024,1.0,0.0
benign,3,repair_no_exclusion,2000,2000,0,0,0,0,0,0,0,270,0,10000.0,2000.0,161.99999999999918,99.99999999999646,0.0,0.0,0.0,0.0,261.9999999999956,7738.000000000005,7738.000000000005,3.8690000000000024,1.0,0.0
benign,3,verify_and_retry,2000,2000,0,0,0,0,0,0,0,2000,0,10000.0,2000.0,1200.0000000000007,0.0,0.0,0.0,0.0,0.0,1200.0000000000007,6799.999999999999,6799.999999999999,3.3999999999999995,1.0,0.0
benign,3,scope_only,2000,2000,0,0,0,0,0,0,0,0,0,10000.0,2000.0,0.0,0.0,0.0,0.0,199.99999999999292,0.0,199.99999999999292,7800.000000000007,7800.000000000007,3.9000000000000035,1.0,0.0
benign,3,repair_no_appeal,2000,2000,0,0,0,0,0,0,0,270,0,10000.0,2000.0,161.99999999999918,99.99999999999646,0.0,0.0,0.0,0.0,261.9999999999956,7738.000000000005,7738.000000000005,3.8690000000000024,1.0,0.0
benign,3,repair_with_scope,2000,2000,0,0,0,0,0,0,0,270,0,10000.0,2000.0,161.99999999999918,99.99999999999646,0.0,0.0,199.99999999999292,0.0,461.9999999999886,7538.000000000012,7538.000000000012,3.769000000000006,1.0,0.0
benign,4,always_verify,2000,2000,0,0,0,0,0,0,0,2000,0,10000.0,2000.0,1200.0000000000007,0.0,0.0,0.0,0.0,0.0,1200.0000000000007,6799.999999999999,6799.999999999999,3.3999999999999995,1.0,0.0
benign,4,naive_trust,2000,2000,0,0,0,0,0,0,0,0,0,10000.0,2000.0,0.0,0.0,0.0,0.0,0.0,0.0,0.0,8000.0,8000.0,4.0,1.0,0.0
benign,4,reputation_only,2000,2000,0,0,0,0,0,0,0,260,0,10000.0,2000.0,155.99999999999923,0.0,0.0,0.0,0.0,0.0,155.99999999999923,7844.000000000001,7844.000000000001,3.9220000000000006,1.0,0.0
benign,4,repair,2000,2000,0,0,0,0,0,0,0,260,0,10000.0,2000.0,155.99999999999923,99.99999999999646,0.0,0.0,0.0,0.0,255.99999999999568,7744.000000000005,7744.000000000005,3.872000000000002,1.0,0.0
benign,4,repair_no_exclusion,2000,2000,0,0,0,0,0,0,0,260,0,10000.0,2000.0,155.99999999999923,99.99999999999646,0.0,0.0,0.0,0.0,255.99999999999568,7744.000000000005,7744.000000000005,3.872000000000002,1.0,0.0
benign,4,verify_and_retry,2000,2000,0,0,0,0,0,0,0,2000,0,10000.0,2000.0,1200.0000000000007,0.0,0.0,0.0,0.0,0.0,1200.0000000000007,6799.999999999999,6799.999999999999,3.3999999999999995,1.0,0.0
benign,4,scope_only,2000,2000,0,0,0,0,0,0,0,0,0,10000.0,2000.0,0.0,0.0,0.0,0.0,199.99999999999292,0.0,199.99999999999292,7800.000000000007,7800.000000000007,3.9000000000000035,1.0,0.0
benign,4,repair_no_appeal,2000,2000,0,0,0,0,0,0,0,260,0,10000.0,2000.0,155.99999999999923,99.99999999999646,0.0,0.0,0.0,0.0,255.99999999999568,7744.000000000005,7744.000000000005,3.872000000000002,1.0,0.0
benign,4,repair_with_scope,2000,2000,0,0,0,0,0,0,0,260,0,10000.0,2000.0,155.99999999999923,99.99999999999646,0.0,0.0,199.99999999999292,0.0,455.99999999998863,7544.000000000011,7544.000000000011,3.7720000000000056,1.0,0.0
benign,5,always_verify,2000,2000,0,0,0,0,0,0,0,2000,0,10000.0,2000.0,1200.0000000000007,0.0,0.0,0.0,0.0,0.0,1200.0000000000007,6799.999999999999,6799.999999999999,3.3999999999999995,1.0,0.0
benign,5,naive_trust,2000,2000,0,0,0,0,0,0,0,0,0,10000.0,2000.0,0.0,0.0,0.0,0.0,0.0,0.0,0.0,8000.0,8000.0,4.0,1.0,0.0
benign,5,reputation_only,2000,2000,0,0,0,0,0,0,0,262,0,10000.0,2000.0,157.19999999999922,0.0,0.0,0.0,0.0,0.0,157.19999999999922,7842.800000000001,7842.800000000001,3.9214000000000007,1.0,0.0
benign,5,repair,2000,2000,0,0,0,0,0,0,0,262,0,10000.0,2000.0,157.19999999999922,99.99999999999646,0.0,0.0,0.0,0.0,257.19999999999567,7742.800000000005,7742.800000000005,3.871400000000002,1.0,0.0
benign,5,repair_no_exclusion,2000,2000,0,0,0,0,0,0,0,262,0,10000.0,2000.0,157.19999999999922,99.99999999999646,0.0,0.0,0.0,0.0,257.19999999999567,7742.800000000005,7742.800000000005,3.871400000000002,1.0,0.0
benign,5,verify_and_retry,2000,2000,0,0,0,0,0,0,0,2000,0,10000.0,2000.0,1200.0000000000007,0.0,0.0,0.0,0.0,0.0,1200.0000000000007,6799.999999999999,6799.999999999999,3.3999999999999995,1.0,0.0
benign,5,scope_only,2000,2000,0,0,0,0,0,0,0,0,0,10000.0,2000.0,0.0,0.0,0.0,0.0,199.99999999999292,0.0,199.99999999999292,7800.000000000007,7800.000000000007,3.9000000000000035,1.0,0.0
benign,5,repair_no_appeal,2000,2000,0,0,0,0,0,0,0,262,0,10000.0,2000.0,157.19999999999922,99.99999999999646,0.0,0.0,0.0,0.0,257.19999999999567,7742.800000000005,7742.800000000005,3.871400000000002,1.0,0.0
benign,5,repair_with_scope,2000,2000,0,0,0,0,0,0,0,262,0,10000.0,2000.0,157.19999999999922,99.99999999999646,0.0,0.0,199.99999999999292,0.0,457.1999999999886,7542.800000000011,7542.800000000011,3.7714000000000056,1.0,0.0
benign,6,always_verify,2000,2000,0,0,0,0,0,0,0,2000,0,10000.0,2000.0,1200.0000000000007,0.0,0.0,0.0,0.0,0.0,1200.0000000000007,6799.999999999999,6799.999999999999,3.3999999999999995,1.0,0.0
benign,6,naive_trust,2000,2000,0,0,0,0,0,0,0,0,0,10000.0,2000.0,0.0,0.0,0.0,0.0,0.0,0.0,0.0,8000.0,8000.0,4.0,1.0,0.0
benign,6,reputation_only,2000,2000,0,0,0,0,0,0,0,283,0,10000.0,2000.0,169.7999999999991,0.0,0.0,0.0,0.0,0.0,169.7999999999991,7830.200000000001,7830.200000000001,3.9151000000000002,1.0,0.0
benign,6,repair,2000,2000,0,0,0,0,0,0,0,283,0,10000.0,2000.0,169.7999999999991,99.99999999999646,0.0,0.0,0.0,0.0,269.7999999999956,7730.200000000004,7730.200000000004,3.865100000000002,1.0,0.0
benign,6,repair_no_exclusion,2000,2000,0,0,0,0,0,0,0,283,0,10000.0,2000.0,169.7999999999991,99.99999999999646,0.0,0.0,0.0,0.0,269.7999999999956,7730.200000000004,7730.200000000004,3.865100000000002,1.0,0.0
benign,6,verify_and_retry,2000,2000,0,0,0,0,0,0,0,2000,0,10000.0,2000.0,1200.0000000000007,0.0,0.0,0.0,0.0,0.0,1200.0000000000007,6799.999999999999,6799.999999999999,3.3999999999999995,1.0,0.0
benign,6,scope_only,2000,2000,0,0,0,0,0,0,0,0,0,10000.0,2000.0,0.0,0.0,0.0,0.0,199.99999999999292,0.0,199.99999999999292,7800.000000000007,7800.000000000007,3.9000000000000035,1.0,0.0
benign,6,repair_no_appeal,2000,2000,0,0,0,0,0,0,0,283,0,10000.0,2000.0,169.7999999999991,99.99999999999646,0.0,0.0,0.0,0.0,269.7999999999956,7730.200000000004,7730.200000000004,3.865100000000002,1.0,0.0
benign,6,repair_with_scope,2000,2000,0,0,0,0,0,0,0,283,0,10000.0,2000.0,169.7999999999991,99.99999999999646,0.0,0.0,199.99999999999292,0.0,469.7999999999885,7530.200000000012,7530.200000000012,3.7651000000000057,1.0,0.0
benign,7,always_verify,2000,2000,0,0,0,0,0,0,0,2000,0,10000.0,2000.0,1200.0000000000007,0.0,0.0,0.0,0.0,0.0,1200.0000000000007,6799.999999999999,6799.999999999999,3.3999999999999995,1.0,0.0
benign,7,naive_trust,2000,2000,0,0,0,0,0,0,0,0,0,10000.0,2000.0,0.0,0.0,0.0,0.0,0.0,0.0,0.0,8000.0,8000.0,4.0,1.0,0.0
benign,7,reputation_only,2000,2000,0,0,0,0,0,0,0,271,0,10000.0,2000.0,162.59999999999917,0.0,0.0,0.0,0.0,0.0,162.59999999999917,7837.400000000001,7837.400000000001,3.9187000000000003,1.0,0.0
benign,7,repair,2000,2000,0,0,0,0,0,0,0,271,0,10000.0,2000.0,162.59999999999917,99.99999999999646,0.0,0.0,0.0,0.0,262.59999999999565,7737.400000000004,7737.400000000004,3.8687000000000022,1.0,0.0
benign,7,repair_no_exclusion,2000,2000,0,0,0,0,0,0,0,271,0,10000.0,2000.0,162.59999999999917,99.99999999999646,0.0,0.0,0.0,0.0,262.59999999999565,7737.400000000004,7737.400000000004,3.8687000000000022,1.0,0.0
benign,7,verify_and_retry,2000,2000,0,0,0,0,0,0,0,2000,0,10000.0,2000.0,1200.0000000000007,0.0,0.0,0.0,0.0,0.0,1200.0000000000007,6799.999999999999,6799.999999999999,3.3999999999999995,1.0,0.0
benign,7,scope_only,2000,2000,0,0,0,0,0,0,0,0,0,10000.0,2000.0,0.0,0.0,0.0,0.0,199.99999999999292,0.0,199.99999999999292,7800.000000000007,7800.000000000007,3.9000000000000035,1.0,0.0
benign,7,repair_no_appeal,2000,2000,0,0,0,0,0,0,0,271,0,10000.0,2000.0,162.59999999999917,99.99999999999646,0.0,0.0,0.0,0.0,262.59999999999565,7737.400000000004,7737.400000000004,3.8687000000000022,1.0,0.0
benign,7,repair_with_scope,2000,2000,0,0,0,0,0,0,0,271,0,10000.0,2000.0,162.59999999999917,99.99999999999646,0.0,0.0,199.99999999999292,0.0,462.59999999998854,7537.4000000000115,7537.4000000000115,3.7687000000000057,1.0,0.0
benign,8,always_verify,2000,2000,0,0,0,0,0,0,0,2000,0,10000.0,2000.0,1200.0000000000007,0.0,0.0,0.0,0.0,0.0,1200.0000000000007,6799.999999999999,6799.999999999999,3.3999999999999995,1.0,0.0
benign,8,naive_trust,2000,2000,0,0,0,0,0,0,0,0,0,10000.0,2000.0,0.0,0.0,0.0,0.0,0.0,0.0,0.0,8000.0,8000.0,4.0,1.0,0.0
benign,8,reputation_only,2000,2000,0,0,0,0,0,0,0,281,0,10000.0,2000.0,168.5999999999991,0.0,0.0,0.0,0.0,0.0,168.5999999999991,7831.400000000001,7831.400000000001,3.9157,1.0,0.0
benign,8,repair,2000,2000,0,0,0,0,0,0,0,281,0,10000.0,2000.0,168.5999999999991,99.99999999999646,0.0,0.0,0.0,0.0,268.5999999999956,7731.400000000004,7731.400000000004,3.865700000000002,1.0,0.0
benign,8,repair_no_exclusion,2000,2000,0,0,0,0,0,0,0,281,0,10000.0,2000.0,168.5999999999991,99.99999999999646,0.0,0.0,0.0,0.0,268.5999999999956,7731.400000000004,7731.400000000004,3.865700000000002,1.0,0.0
benign,8,verify_and_retry,2000,2000,0,0,0,0,0,0,0,2000,0,10000.0,2000.0,1200.0000000000007,0.0,0.0,0.0,0.0,0.0,1200.0000000000007,6799.999999999999,6799.999999999999,3.3999999999999995,1.0,0.0
benign,8,scope_only,2000,2000,0,0,0,0,0,0,0,0,0,10000.0,2000.0,0.0,0.0,0.0,0.0,199.99999999999292,0.0,199.99999999999292,7800.000000000007,7800.000000000007,3.9000000000000035,1.0,0.0
benign,8,repair_no_appeal,2000,2000,0,0,0,0,0,0,0,281,0,10000.0,2000.0,168.5999999999991,99.99999999999646,0.0,0.0,0.0,0.0,268.5999999999956,7731.400000000004,7731.400000000004,3.865700000000002,1.0,0.0
benign,8,repair_with_scope,2000,2000,0,0,0,0,0,0,0,281,0,10000.0,2000.0,168.5999999999991,99.99999999999646,0.0,0.0,199.99999999999292,0.0,468.5999999999885,7531.4000000000115,7531.4000000000115,3.7657000000000056,1.0,0.0
benign,9,always_verify,2000,2000,0,0,0,0,0,0,0,2000,0,10000.0,2000.0,1200.0000000000007,0.0,0.0,0.0,0.0,0.0,1200.0000000000007,6799.999999999999,6799.999999999999,3.3999999999999995,1.0,0.0
benign,9,naive_trust,2000,2000,0,0,0,0,0,0,0,0,0,10000.0,2000.0,0.0,0.0,0.0,0.0,0.0,0.0,0.0,8000.0,8000.0,4.0,1.0,0.0
benign,9,reputation_only,2000,2000,0,0,0,0,0,0,0,274,0,10000.0,2000.0,164.39999999999915,0.0,0.0,0.0,0.0,0.0,164.39999999999915,7835.600000000001,7835.600000000001,3.9178000000000006,1.0,0.0
benign,9,repair,2000,2000,0,0,0,0,0,0,0,274,0,10000.0,2000.0,164.39999999999915,99.99999999999646,0.0,0.0,0.0,0.0,264.3999999999956,7735.600000000004,7735.600000000004,3.867800000000002,1.0,0.0
benign,9,repair_no_exclusion,2000,2000,0,0,0,0,0,0,0,274,0,10000.0,2000.0,164.39999999999915,99.99999999999646,0.0,0.0,0.0,0.0,264.3999999999956,7735.600000000004,7735.600000000004,3.867800000000002,1.0,0.0
benign,9,verify_and_retry,2000,2000,0,0,0,0,0,0,0,2000,0,10000.0,2000.0,1200.0000000000007,0.0,0.0,0.0,0.0,0.0,1200.0000000000007,6799.999999999999,6799.999999999999,3.3999999999999995,1.0,0.0
benign,9,scope_only,2000,2000,0,0,0,0,0,0,0,0,0,10000.0,2000.0,0.0,0.0,0.0,0.0,199.99999999999292,0.0,199.99999999999292,7800.000000000007,7800.000000000007,3.9000000000000035,1.0,0.0
benign,9,repair_no_appeal,2000,2000,0,0,0,0,0,0,0,274,0,10000.0,2000.0,164.39999999999915,99.99999999999646,0.0,0.0,0.0,0.0,264.3999999999956,7735.600000000004,7735.600000000004,3.867800000000002,1.0,0.0
benign,9,repair_with_scope,2000,2000,0,0,0,0,0,0,0,274,0,10000.0,2000.0,164.39999999999915,99.99999999999646,0.0,0.0,199.99999999999292,0.0,464.39999999998855,7535.600000000011,7535.600000000011,3.7678000000000056,1.0,0.0
benign,10,always_verify,2000,2000,0,0,0,0,0,0,0,2000,0,10000.0,2000.0,1200.0000000000007,0.0,0.0,0.0,0.0,0.0,1200.0000000000007,6799.999999999999,6799.999999999999,3.3999999999999995,1.0,0.0
benign,10,naive_trust,2000,2000,0,0,0,0,0,0,0,0,0,10000.0,2000.0,0.0,0.0,0.0,0.0,0.0,0.0,0.0,8000.0,8000.0,4.0,1.0,0.0
benign,10,reputation_only,2000,2000,0,0,0,0,0,0,0,296,0,10000.0,2000.0,177.59999999999903,0.0,0.0,0.0,0.0,0.0,177.59999999999903,7822.400000000001,7822.400000000001,3.9112000000000005,1.0,0.0
benign,10,repair,2000,2000,0,0,0,0,0,0,0,296,0,10000.0,2000.0,177.59999999999903,99.99999999999646,0.0,0.0,0.0,0.0,277.5999999999955,7722.400000000004,7722.400000000004,3.861200000000002,1.0,0.0
benign,10,repair_no_exclusion,2000,2000,0,0,0,0,0,0,0,296,0,10000.0,2000.0,177.59999999999903,99.99999999999646,0.0,0.0,0.0,0.0,277.5999999999955,7722.400000000004,7722.400000000004,3.861200000000002,1.0,0.0
benign,10,verify_and_retry,2000,2000,0,0,0,0,0,0,0,2000,0,10000.0,2000.0,1200.0000000000007,0.0,0.0,0.0,0.0,0.0,1200.0000000000007,6799.999999999999,6799.999999999999,3.3999999999999995,1.0,0.0
benign,10,scope_only,2000,2000,0,0,0,0,0,0,0,0,0,10000.0,2000.0,0.0,0.0,0.0,0.0,199.99999999999292,0.0,199.99999999999292,7800.000000000007,7800.000000000007,3.9000000000000035,1.0,0.0
benign,10,repair_no_appeal,2000,2000,0,0,0,0,0,0,0,296,0,10000.0,2000.0,177.59999999999903,99.99999999999646,0.0,0.0,0.0,0.0,277.5999999999955,7722.400000000004,7722.400000000004,3.861200000000002,1.0,0.0
benign,10,repair_with_scope,2000,2000,0,0,0,0,0,0,0,296,0,10000.0,2000.0,177.59999999999903,99.99999999999646,0.0,0.0,199.99999999999292,0.0,477.5999999999884,7522.4000000000115,7522.4000000000115,3.761200000000006,1.0,0.0
benign,11,always_verify,2000,2000,0,0,0,0,0,0,0,2000,0,10000.0,2000.0,1200.0000000000007,0.0,0.0,0.0,0.0,0.0,1200.0000000000007,6799.999999999999,6799.999999999999,3.3999999999999995,1.0,0.0
benign,11,naive_trust,2000,2000,0,0,0,0,0,0,0,0,0,10000.0,2000.0,0.0,0.0,0.0,0.0,0.0,0.0,0.0,8000.0,8000.0,4.0,1.0,0.0
benign,11,reputation_only,2000,2000,0,0,0,0,0,0,0,273,0,10000.0,2000.0,163.79999999999916,0.0,0.0,0.0,0.0,0.0,163.79999999999916,7836.200000000001,7836.200000000001,3.9181000000000004,1.0,0.0
benign,11,repair,2000,2000,0,0,0,0,0,0,0,273,0,10000.0,2000.0,163.79999999999916,99.99999999999646,0.0,0.0,0.0,0.0,263.79999999999563,7736.200000000004,7736.200000000004,3.8681000000000023,1.0,0.0
benign,11,repair_no_exclusion,2000,2000,0,0,0,0,0,0,0,273,0,10000.0,2000.0,163.79999999999916,99.99999999999646,0.0,0.0,0.0,0.0,263.79999999999563,7736.200000000004,7736.200000000004,3.8681000000000023,1.0,0.0
benign,11,verify_and_retry,2000,2000,0,0,0,0,0,0,0,2000,0,10000.0,2000.0,1200.0000000000007,0.0,0.0,0.0,0.0,0.0,1200.0000000000007,6799.999999999999,6799.999999999999,3.3999999999999995,1.0,0.0
benign,11,scope_only,2000,2000,0,0,0,0,0,0,0,0,0,10000.0,2000.0,0.0,0.0,0.0,0.0,199.99999999999292,0.0,199.99999999999292,7800.000000000007,7800.000000000007,3.9000000000000035,1.0,0.0
benign,11,repair_no_appeal,2000,2000,0,0,0,0,0,0,0,273,0,10000.0,2000.0,163.79999999999916,99.99999999999646,0.0,0.0,0.0,0.0,263.79999999999563,7736.200000000004,7736.200000000004,3.8681000000000023,1.0,0.0
benign,11,repair_with_scope,2000,2000,0,0,0,0,0,0,0,273,0,10000.0,2000.0,163.79999999999916,99.99999999999646,0.0,0.0,199.99999999999292,0.0,463.79999999998853,7536.200000000012,7536.200000000012,3.768100000000006,1.0,0.0
benign,12,always_verify,2000,2000,0,0,0,0,0,0,0,2000,0,10000.0,2000.0,1200.0000000000007,0.0,0.0,0.0,0.0,0.0,1200.0000000000007,6799.999999999999,6799.999999999999,3.3999999999999995,1.0,0.0
benign,12,naive_trust,2000,2000,0,0,0,0,0,0,0,0,0,10000.0,2000.0,0.0,0.0,0.0,0.0,0.0,0.0,0.0,8000.0,8000.0,4.0,1.0,0.0
benign,12,reputation_only,2000,2000,0,0,0,0,0,0,0,266,0,10000.0,2000.0,159.5999999999992,0.0,0.0,0.0,0.0,0.0,159.5999999999992,7840.400000000001,7840.400000000001,3.9202000000000004,1.0,0.0
benign,12,repair,2000,2000,0,0,0,0,0,0,0,266,0,10000.0,2000.0,159.5999999999992,99.99999999999646,0.0,0.0,0.0,0.0,259.59999999999565,7740.400000000004,7740.400000000004,3.8702000000000023,1.0,0.0
benign,12,repair_no_exclusion,2000,2000,0,0,0,0,0,0,0,266,0,10000.0,2000.0,159.5999999999992,99.99999999999646,0.0,0.0,0.0,0.0,259.59999999999565,7740.400000000004,7740.400000000004,3.8702000000000023,1.0,0.0
benign,12,verify_and_retry,2000,2000,0,0,0,0,0,0,0,2000,0,10000.0,2000.0,1200.0000000000007,0.0,0.0,0.0,0.0,0.0,1200.0000000000007,6799.999999999999,6799.999999999999,3.3999999999999995,1.0,0.0
benign,12,scope_only,2000,2000,0,0,0,0,0,0,0,0,0,10000.0,2000.0,0.0,0.0,0.0,0.0,199.99999999999292,0.0,199.99999999999292,7800.000000000007,7800.000000000007,3.9000000000000035,1.0,0.0
benign,12,repair_no_appeal,2000,2000,0,0,0,0,0,0,0,266,0,10000.0,2000.0,159.5999999999992,99.99999999999646,0.0,0.0,0.0,0.0,259.59999999999565,7740.400000000004,7740.400000000004,3.8702000000000023,1.0,0.0
benign,12,repair_with_scope,2000,2000,0,0,0,0,0,0,0,266,0,10000.0,2000.0,159.5999999999992,99.99999999999646,0.0,0.0,199.99999999999292,0.0,459.5999999999886,7540.4000000000115,7540.4000000000115,3.7702000000000058,1.0,0.0
benign,13,always_verify,2000,2000,0,0,0,0,0,0,0,2000,0,10000.0,2000.0,1200.0000000000007,0.0,0.0,0.0,0.0,0.0,1200.0000000000007,6799.999999999999,6799.999999999999,3.3999999999999995,1.0,0.0
benign,13,naive_trust,2000,2000,0,0,0,0,0,0,0,0,0,10000.0,2000.0,0.0,0.0,0.0,0.0,0.0,0.0,0.0,8000.0,8000.0,4.0,1.0,0.0
benign,13,reputation_only,2000,2000,0,0,0,0,0,0,0,264,0,10000.0,2000.0,158.3999999999992,0.0,0.0,0.0,0.0,0.0,158.3999999999992,7841.6,7841.6,3.9208000000000003,1.0,0.0
benign,13,repair,2000,2000,0,0,0,0,0,0,0,264,0,10000.0,2000.0,158.3999999999992,99.99999999999646,0.0,0.0,0.0,0.0,258.39999999999566,7741.600000000004,7741.600000000004,3.870800000000002,1.0,0.0
benign,13,repair_no_exclusion,2000,2000,0,0,0,0,0,0,0,264,0,10000.0,2000.0,158.3999999999992,99.99999999999646,0.0,0.0,0.0,0.0,258.39999999999566,7741.600000000004,7741.600000000004,3.870800000000002,1.0,0.0
benign,13,verify_and_retry,2000,2000,0,0,0,0,0,0,0,2000,0,10000.0,2000.0,1200.0000000000007,0.0,0.0,0.0,0.0,0.0,1200.0000000000007,6799.999999999999,6799.999999999999,3.3999999999999995,1.0,0.0
benign,13,scope_only,2000,2000,0,0,0,0,0,0,0,0,0,10000.0,2000.0,0.0,0.0,0.0,0.0,199.99999999999292,0.0,199.99999999999292,7800.000000000007,7800.000000000007,3.9000000000000035,1.0,0.0
benign,13,repair_no_appeal,2000,2000,0,0,0,0,0,0,0,264,0,10000.0,2000.0,158.3999999999992,99.99999999999646,0.0,0.0,0.0,0.0,258.39999999999566,7741.600000000004,7741.600000000004,3.870800000000002,1.0,0.0
benign,13,repair_with_scope,2000,2000,0,0,0,0,0,0,0,264,0,10000.0,2000.0,158.3999999999992,99.99999999999646,0.0,0.0,199.99999999999292,0.0,458.3999999999886,7541.600000000011,7541.600000000011,3.7708000000000057,1.0,0.0
benign,14,always_verify,2000,2000,0,0,0,0,0,0,0,2000,0,10000.0,2000.0,1200.0000000000007,0.0,0.0,0.0,0.0,0.0,1200.0000000000007,6799.999999999999,6799.999999999999,3.3999999999999995,1.0,0.0
benign,14,naive_trust,2000,2000,0,0,0,0,0,0,0,0,0,10000.0,2000.0,0.0,0.0,0.0,0.0,0.0,0.0,0.0,8000.0,8000.0,4.0,1.0,0.0
benign,14,reputation_only,2000,2000,0,0,0,0,0,0,0,292,0,10000.0,2000.0,175.19999999999905,0.0,0.0,0.0,0.0,0.0,175.19999999999905,7824.800000000001,7824.800000000001,3.9124000000000008,1.0,0.0
benign,14,repair,2000,2000,0,0,0,0,0,0,0,292,0,10000.0,2000.0,175.19999999999905,99.99999999999646,0.0,0.0,0.0,0.0,275.1999999999955,7724.800000000005,7724.800000000005,3.8624000000000023,1.0,0.0
benign,14,repair_no_exclusion,2000,2000,0,0,0,0,0,0,0,292,0,10000.0,2000.0,175.19999999999905,99.99999999999646,0.0,0.0,0.0,0.0,275.1999999999955,7724.800000000005,7724.800000000005,3.8624000000000023,1.0,0.0
benign,14,verify_and_retry,2000,2000,0,0,0,0,0,0,0,2000,0,10000.0,2000.0,1200.0000000000007,0.0,0.0,0.0,0.0,0.0,1200.0000000000007,6799.999999999999,6799.999999999999,3.3999999999999995,1.0,0.0
benign,14,scope_only,2000,2000,0,0,0,0,0,0,0,0,0,10000.0,2000.0,0.0,0.0,0.0,0.0,199.99999999999292,0.0,199.99999999999292,7800.000000000007,7800.000000000007,3.9000000000000035,1.0,0.0
benign,14,repair_no_appeal,2000,2000,0,0,0,0,0,0,0,292,0,10000.0,2000.0,175.19999999999905,99.99999999999646,0.0,0.0,0.0,0.0,275.1999999999955,7724.800000000005,7724.800000000005,3.8624000000000023,1.0,0.0
benign,14,repair_with_scope,2000,2000,0,0,0,0,0,0,0,292,0,10000.0,2000.0,175.19999999999905,99.99999999999646,0.0,0.0,199.99999999999292,0.0,475.19999999998845,7524.800000000012,7524.800000000012,3.762400000000006,1.0,0.0
benign,15,always_verify,2000,2000,0,0,0,0,0,0,0,2000,0,10000.0,2000.0,1200.0000000000007,0.0,0.0,0.0,0.0,0.0,1200.0000000000007,6799.999999999999,6799.999999999999,3.3999999999999995,1.0,0.0
benign,15,naive_trust,2000,2000,0,0,0,0,0,0,0,0,0,10000.0,2000.0,0.0,0.0,0.0,0.0,0.0,0.0,0.0,8000.0,8000.0,4.0,1.0,0.0
benign,15,reputation_only,2000,2000,0,0,0,0,0,0,0,276,0,10000.0,2000.0,165.59999999999914,0.0,0.0,0.0,0.0,0.0,165.59999999999914,7834.400000000001,7834.400000000001,3.9172000000000002,1.0,0.0
benign,15,repair,2000,2000,0,0,0,0,0,0,0,276,0,10000.0,2000.0,165.59999999999914,99.99999999999646,0.0,0.0,0.0,0.0,265.5999999999956,7734.400000000004,7734.400000000004,3.867200000000002,1.0,0.0
benign,15,repair_no_exclusion,2000,2000,0,0,0,0,0,0,0,276,0,10000.0,2000.0,165.59999999999914,99.99999999999646,0.0,0.0,0.0,0.0,265.5999999999956,7734.400000000004,7734.400000000004,3.867200000000002,1.0,0.0
benign,15,verify_and_retry,2000,2000,0,0,0,0,0,0,0,2000,0,10000.0,2000.0,1200.0000000000007,0.0,0.0,0.0,0.0,0.0,1200.0000000000007,6799.999999999999,6799.999999999999,3.3999999999999995,1.0,0.0
benign,15,scope_only,2000,2000,0,0,0,0,0,0,0,0,0,10000.0,2000.0,0.0,0.0,0.0,0.0,199.99999999999292,0.0,199.99999999999292,7800.000000000007,7800.000000000007,3.9000000000000035,1.0,0.0
benign,15,repair_no_appeal,2000,2000,0,0,0,0,0,0,0,276,0,10000.0,2000.0,165.59999999999914,99.99999999999646,0.0,0.0,0.0,0.0,265.5999999999956,7734.400000000004,7734.400000000004,3.867200000000002,1.0,0.0
benign,15,repair_with_scope,2000,2000,0,0,0,0,0,0,0,276,0,10000.0,2000.0,165.59999999999914,99.99999999999646,0.0,0.0,199.99999999999292,0.0,465.59999999998854,7534.4000000000115,7534.4000000000115,3.7672000000000057,1.0,0.0
benign,16,always_verify,2000,2000,0,0,0,0,0,0,0,2000,0,10000.0,2000.0,1200.0000000000007,0.0,0.0,0.0,0.0,0.0,1200.0000000000007,6799.999999999999,6799.999999999999,3.3999999999999995,1.0,0.0
benign,16,naive_trust,2000,2000,0,0,0,0,0,0,0,0,0,10000.0,2000.0,0.0,0.0,0.0,0.0,0.0,0.0,0.0,8000.0,8000.0,4.0,1.0,0.0
benign,16,reputation_only,2000,2000,0,0,0,0,0,0,0,295,0,10000.0,2000.0,176.99999999999903,0.0,0.0,0.0,0.0,0.0,176.99999999999903,7823.000000000001,7823.000000000001,3.9115000000000006,1.0,0.0
benign,16,repair,2000,2000,0,0,0,0,0,0,0,295,0,10000.0,2000.0,176.99999999999903,99.99999999999646,0.0,0.0,0.0,0.0,276.9999999999955,7723.000000000005,7723.000000000005,3.861500000000002,1.0,0.0
benign,16,repair_no_exclusion,2000,2000,0,0,0,0,0,0,0,295,0,10000.0,2000.0,176.99999999999903,99.99999999999646,0.0,0.0,0.0,0.0,276.9999999999955,7723.000000000005,7723.000000000005,3.861500000000002,1.0,0.0
benign,16,verify_and_retry,2000,2000,0,0,0,0,0,0,0,2000,0,10000.0,2000.0,1200.0000000000007,0.0,0.0,0.0,0.0,0.0,1200.0000000000007,6799.999999999999,6799.999999999999,3.3999999999999995,1.0,0.0
benign,16,scope_only,2000,2000,0,0,0,0,0,0,0,0,0,10000.0,2000.0,0.0,0.0,0.0,0.0,199.99999999999292,0.0,199.99999999999292,7800.000000000007,7800.000000000007,3.9000000000000035,1.0,0.0
benign,16,repair_no_appeal,2000,2000,0,0,0,0,0,0,0,295,0,10000.0,2000.0,176.99999999999903,99.99999999999646,0.0,0.0,0.0,0.0,276.9999999999955,7723.000000000005,7723.000000000005,3.861500000000002,1.0,0.0
benign,16,repair_with_scope,2000,2000,0,0,0,0,0,0,0,295,0,10000.0,2000.0,176.99999999999903,99.99999999999646,0.0,0.0,199.99999999999292,0.0,476.9999999999884,7523.000000000012,7523.000000000012,3.761500000000006,1.0,0.0
benign,17,always_verify,2000,2000,0,0,0,0,0,0,0,2000,0,10000.0,2000.0,1200.0000000000007,0.0,0.0,0.0,0.0,0.0,1200.0000000000007,6799.999999999999,6799.999999999999,3.3999999999999995,1.0,0.0
benign,17,naive_trust,2000,2000,0,0,0,0,0,0,0,0,0,10000.0,2000.0,0.0,0.0,0.0,0.0,0.0,0.0,0.0,8000.0,8000.0,4.0,1.0,0.0
benign,17,reputation_only,2000,2000,0,0,0,0,0,0,0,266,0,10000.0,2000.0,159.5999999999992,0.0,0.0,0.0,0.0,0.0,159.5999999999992,7840.400000000001,7840.400000000001,3.9202000000000004,1.0,0.0
benign,17,repair,2000,2000,0,0,0,0,0,0,0,266,0,10000.0,2000.0,159.5999999999992,99.99999999999646,0.0,0.0,0.0,0.0,259.59999999999565,7740.400000000004,7740.400000000004,3.8702000000000023,1.0,0.0
benign,17,repair_no_exclusion,2000,2000,0,0,0,0,0,0,0,266,0,10000.0,2000.0,159.5999999999992,99.99999999999646,0.0,0.0,0.0,0.0,259.59999999999565,7740.400000000004,7740.400000000004,3.8702000000000023,1.0,0.0
benign,17,verify_and_retry,2000,2000,0,0,0,0,0,0,0,2000,0,10000.0,2000.0,1200.0000000000007,0.0,0.0,0.0,0.0,0.0,1200.0000000000007,6799.999999999999,6799.999999999999,3.3999999999999995,1.0,0.0
benign,17,scope_only,2000,2000,0,0,0,0,0,0,0,0,0,10000.0,2000.0,0.0,0.0,0.0,0.0,199.99999999999292,0.0,199.99999999999292,7800.000000000007,7800.000000000007,3.9000000000000035,1.0,0.0
benign,17,repair_no_appeal,2000,2000,0,0,0,0,0,0,0,266,0,10000.0,2000.0,159.5999999999992,99.99999999999646,0.0,0.0,0.0,0.0,259.59999999999565,7740.400000000004,7740.400000000004,3.8702000000000023,1.0,0.0
benign,17,repair_with_scope,2000,2000,0,0,0,0,0,0,0,266,0,10000.0,2000.0,159.5999999999992,99.99999999999646,0.0,0.0,199.99999999999292,0.0,459.5999999999886,7540.4000000000115,7540.4000000000115,3.7702000000000058,1.0,0.0
benign,18,always_verify,2000,2000,0,0,0,0,0,0,0,2000,0,10000.0,2000.0,1200.0000000000007,0.0,0.0,0.0,0.0,0.0,1200.0000000000007,6799.999999999999,6799.999999999999,3.3999999999999995,1.0,0.0
benign,18,naive_trust,2000,2000,0,0,0,0,0,0,0,0,0,10000.0,2000.0,0.0,0.0,0.0,0.0,0.0,0.0,0.0,8000.0,8000.0,4.0,1.0,0.0
benign,18,reputation_only,2000,2000,0,0,0,0,0,0,0,269,0,10000.0,2000.0,161.39999999999918,0.0,0.0,0.0,0.0,0.0,161.39999999999918,7838.6,7838.6,3.9193000000000002,1.0,0.0
benign,18,repair,2000,2000,0,0,0,0,0,0,0,269,0,10000.0,2000.0,161.39999999999918,99.99999999999646,0.0,0.0,0.0,0.0,261.39999999999566,7738.600000000004,7738.600000000004,3.869300000000002,1.0,0.0
benign,18,repair_no_exclusion,2000,2000,0,0,0,0,0,0,0,269,0,10000.0,2000.0,161.39999999999918,99.99999999999646,0.0,0.0,0.0,0.0,261.39999999999566,7738.600000000004,7738.600000000004,3.869300000000002,1.0,0.0
benign,18,verify_and_retry,2000,2000,0,0,0,0,0,0,0,2000,0,10000.0,2000.0,1200.0000000000007,0.0,0.0,0.0,0.0,0.0,1200.0000000000007,6799.999999999999,6799.999999999999,3.3999999999999995,1.0,0.0
benign,18,scope_only,2000,2000,0,0,0,0,0,0,0,0,0,10000.0,2000.0,0.0,0.0,0.0,0.0,199.99999999999292,0.0,199.99999999999292,7800.000000000007,7800.000000000007,3.9000000000000035,1.0,0.0
benign,18,repair_no_appeal,2000,2000,0,0,0,0,0,0,0,269,0,10000.0,2000.0,161.39999999999918,99.99999999999646,0.0,0.0,0.0,0.0,261.39999999999566,7738.600000000004,7738.600000000004,3.869300000000002,1.0,0.0
benign,18,repair_with_scope,2000,2000,0,0,0,0,0,0,0,269,0,10000.0,2000.0,161.39999999999918,99.99999999999646,0.0,0.0,199.99999999999292,0.0,461.39999999998855,7538.600000000011,7538.600000000011,3.7693000000000056,1.0,0.0
benign,19,always_verify,2000,2000,0,0,0,0,0,0,0,2000,0,10000.0,2000.0,1200.0000000000007,0.0,0.0,0.0,0.0,0.0,1200.0000000000007,6799.999999999999,6799.999999999999,3.3999999999999995,1.0,0.0
benign,19,naive_trust,2000,2000,0,0,0,0,0,0,0,0,0,10000.0,2000.0,0.0,0.0,0.0,0.0,0.0,0.0,0.0,8000.0,8000.0,4.0,1.0,0.0
benign,19,reputation_only,2000,2000,0,0,0,0,0,0,0,285,0,10000.0,2000.0,170.9999999999991,0.0,0.0,0.0,0.0,0.0,170.9999999999991,7829.000000000001,7829.000000000001,3.9145000000000003,1.0,0.0
benign,19,repair,2000,2000,0,0,0,0,0,0,0,285,0,10000.0,2000.0,170.9999999999991,99.99999999999646,0.0,0.0,0.0,0.0,270.99999999999557,7729.000000000005,7729.000000000005,3.8645000000000023,1.0,0.0
benign,19,repair_no_exclusion,2000,2000,0,0,0,0,0,0,0,285,0,10000.0,2000.0,170.9999999999991,99.99999999999646,0.0,0.0,0.0,0.0,270.99999999999557,7729.000000000005,7729.000000000005,3.8645000000000023,1.0,0.0
benign,19,verify_and_retry,2000,2000,0,0,0,0,0,0,0,2000,0,10000.0,2000.0,1200.0000000000007,0.0,0.0,0.0,0.0,0.0,1200.0000000000007,6799.999999999999,6799.999999999999,3.3999999999999995,1.0,0.0
benign,19,scope_only,2000,2000,0,0,0,0,0,0,0,0,0,10000.0,2000.0,0.0,0.0,0.0,0.0,199.99999999999292,0.0,199.99999999999292,7800.000000000007,7800.000000000007,3.9000000000000035,1.0,0.0
benign,19,repair_no_appeal,2000,2000,0,0,0,0,0,0,0,285,0,10000.0,2000.0,170.9999999999991,99.99999999999646,0.0,0.0,0.0,0.0,270.99999999999557,7729.000000000005,7729.000000000005,3.8645000000000023,1.0,0.0
benign,19,repair_with_scope,2000,2000,0,0,0,0,0,0,0,285,0,10000.0,2000.0,170.9999999999991,99.99999999999646,0.0,0.0,199.99999999999292,0.0,470.99999999998846,7529.000000000012,7529.000000000012,3.7645000000000057,1.0,0.0
benign,20,always_verify,2000,2000,0,0,0,0,0,0,0,2000,0,10000.0,2000.0,1200.0000000000007,0.0,0.0,0.0,0.0,0.0,1200.0000000000007,6799.999999999999,6799.999999999999,3.3999999999999995,1.0,0.0
benign,20,naive_trust,2000,2000,0,0,0,0,0,0,0,0,0,10000.0,2000.0,0.0,0.0,0.0,0.0,0.0,0.0,0.0,8000.0,8000.0,4.0,1.0,0.0
benign,20,reputation_only,2000,2000,0,0,0,0,0,0,0,283,0,10000.0,2000.0,169.7999999999991,0.0,0.0,0.0,0.0,0.0,169.7999999999991,7830.200000000001,7830.200000000001,3.9151000000000002,1.0,0.0
benign,20,repair,2000,2000,0,0,0,0,0,0,0,283,0,10000.0,2000.0,169.7999999999991,99.99999999999646,0.0,0.0,0.0,0.0,269.7999999999956,7730.200000000004,7730.200000000004,3.865100000000002,1.0,0.0
benign,20,repair_no_exclusion,2000,2000,0,0,0,0,0,0,0,283,0,10000.0,2000.0,169.7999999999991,99.99999999999646,0.0,0.0,0.0,0.0,269.7999999999956,7730.200000000004,7730.200000000004,3.865100000000002,1.0,0.0
benign,20,verify_and_retry,2000,2000,0,0,0,0,0,0,0,2000,0,10000.0,2000.0,1200.0000000000007,0.0,0.0,0.0,0.0,0.0,1200.0000000000007,6799.999999999999,6799.999999999999,3.3999999999999995,1.0,0.0
benign,20,scope_only,2000,2000,0,0,0,0,0,0,0,0,0,10000.0,2000.0,0.0,0.0,0.0,0.0,199.99999999999292,0.0,199.99999999999292,7800.000000000007,7800.000000000007,3.9000000000000035,1.0,0.0
benign,20,repair_no_appeal,2000,2000,0,0,0,0,0,0,0,283,0,10000.0,2000.0,169.7999999999991,99.99999999999646,0.0,0.0,0.0,0.0,269.7999999999956,7730.200000000004,7730.200000000004,3.865100000000002,1.0,0.0
benign,20,repair_with_scope,2000,2000,0,0,0,0,0,0,0,283,0,10000.0,2000.0,169.7999999999991,99.99999999999646,0.0,0.0,199.99999999999292,0.0,469.7999999999885,7530.200000000012,7530.200000000012,3.7651000000000057,1.0,0.0
benign,21,always_verify,2000,2000,0,0,0,0,0,0,0,2000,0,10000.0,2000.0,1200.0000000000007,0.0,0.0,0.0,0.0,0.0,1200.0000000000007,6799.999999999999,6799.999999999999,3.3999999999999995,1.0,0.0
benign,21,naive_trust,2000,2000,0,0,0,0,0,0,0,0,0,10000.0,2000.0,0.0,0.0,0.0,0.0,0.0,0.0,0.0,8000.0,8000.0,4.0,1.0,0.0
benign,21,reputation_only,2000,2000,0,0,0,0,0,0,0,268,0,10000.0,2000.0,160.7999999999992,0.0,0.0,0.0,0.0,0.0,160.7999999999992,7839.200000000001,7839.200000000001,3.9196000000000004,1.0,0.0
benign,21,repair,2000,2000,0,0,0,0,0,0,0,268,0,10000.0,2000.0,160.7999999999992,99.99999999999646,0.0,0.0,0.0,0.0,260.79999999999563,7739.200000000004,7739.200000000004,3.8696000000000024,1.0,0.0
benign,21,repair_no_exclusion,2000,2000,0,0,0,0,0,0,0,268,0,10000.0,2000.0,160.7999999999992,99.99999999999646,0.0,0.0,0.0,0.0,260.79999999999563,7739.200000000004,7739.200000000004,3.8696000000000024,1.0,0.0
benign,21,verify_and_retry,2000,2000,0,0,0,0,0,0,0,2000,0,10000.0,2000.0,1200.0000000000007,0.0,0.0,0.0,0.0,0.0,1200.0000000000007,6799.999999999999,6799.999999999999,3.3999999999999995,1.0,0.0
benign,21,scope_only,2000,2000,0,0,0,0,0,0,0,0,0,10000.0,2000.0,0.0,0.0,0.0,0.0,199.99999999999292,0.0,199.99999999999292,7800.000000000007,7800.000000000007,3.9000000000000035,1.0,0.0
benign,21,repair_no_appeal,2000,2000,0,0,0,0,0,0,0,268,0,10000.0,2000.0,160.7999999999992,99.99999999999646,0.0,0.0,0.0,0.0,260.79999999999563,7739.200000000004,7739.200000000004,3.8696000000000024,1.0,0.0
benign,21,repair_with_scope,2000,2000,0,0,0,0,0,0,0,268,0,10000.0,2000.0,160.7999999999992,99.99999999999646,0.0,0.0,199.99999999999292,0.0,460.7999999999886,7539.200000000012,7539.200000000012,3.769600000000006,1.0,0.0
benign,22,always_verify,2000,2000,0,0,0,0,0,0,0,2000,0,10000.0,2000.0,1200.0000000000007,0.0,0.0,0.0,0.0,0.0,1200.0000000000007,6799.999999999999,6799.999999999999,3.3999999999999995,1.0,0.0
benign,22,naive_trust,2000,2000,0,0,0,0,0,0,0,0,0,10000.0,2000.0,0.0,0.0,0.0,0.0,0.0,0.0,0.0,8000.0,8000.0,4.0,1.0,0.0
benign,22,reputation_only,2000,2000,0,0,0,0,0,0,0,272,0,10000.0,2000.0,163.19999999999916,0.0,0.0,0.0,0.0,0.0,163.19999999999916,7836.800000000001,7836.800000000001,3.9184000000000005,1.0,0.0
benign,22,repair,2000,2000,0,0,0,0,0,0,0,272,0,10000.0,2000.0,163.19999999999916,99.99999999999646,0.0,0.0,0.0,0.0,263.1999999999956,7736.800000000005,7736.800000000005,3.8684000000000025,1.0,0.0
benign,22,repair_no_exclusion,2000,2000,0,0,0,0,0,0,0,272,0,10000.0,2000.0,163.19999999999916,99.99999999999646,0.0,0.0,0.0,0.0,263.1999999999956,7736.800000000005,7736.800000000005,3.8684000000000025,1.0,0.0
benign,22,verify_and_retry,2000,2000,0,0,0,0,0,0,0,2000,0,10000.0,2000.0,1200.0000000000007,0.0,0.0,0.0,0.0,0.0,1200.0000000000007,6799.999999999999,6799.999999999999,3.3999999999999995,1.0,0.0
benign,22,scope_only,2000,2000,0,0,0,0,0,0,0,0,0,10000.0,2000.0,0.0,0.0,0.0,0.0,199.99999999999292,0.0,199.99999999999292,7800.000000000007,7800.000000000007,3.9000000000000035,1.0,0.0
benign,22,repair_no_appeal,2000,2000,0,0,0,0,0,0,0,272,0,10000.0,2000.0,163.19999999999916,99.99999999999646,0.0,0.0,0.0,0.0,263.1999999999956,7736.800000000005,7736.800000000005,3.8684000000000025,1.0,0.0
benign,22,repair_with_scope,2000,2000,0,0,0,0,0,0,0,272,0,10000.0,2000.0,163.19999999999916,99.99999999999646,0.0,0.0,199.99999999999292,0.0,463.19999999998856,7536.800000000011,7536.800000000011,3.7684000000000055,1.0,0.0
benign,23,always_verify,2000,2000,0,0,0,0,0,0,0,2000,0,10000.0,2000.0,1200.0000000000007,0.0,0.0,0.0,0.0,0.0,1200.0000000000007,6799.999999999999,6799.999999999999,3.3999999999999995,1.0,0.0
benign,23,naive_trust,2000,2000,0,0,0,0,0,0,0,0,0,10000.0,2000.0,0.0,0.0,0.0,0.0,0.0,0.0,0.0,8000.0,8000.0,4.0,1.0,0.0
benign,23,reputation_only,2000,2000,0,0,0,0,0,0,0,275,0,10000.0,2000.0,164.99999999999915,0.0,0.0,0.0,0.0,0.0,164.99999999999915,7835.000000000001,7835.000000000001,3.9175000000000004,1.0,0.0
benign,23,repair,2000,2000,0,0,0,0,0,0,0,275,0,10000.0,2000.0,164.99999999999915,99.99999999999646,0.0,0.0,0.0,0.0,264.9999999999956,7735.000000000005,7735.000000000005,3.8675000000000024,1.0,0.0
benign,23,repair_no_exclusion,2000,2000,0,0,0,0,0,0,0,275,0,10000.0,2000.0,164.99999999999915,99.99999999999646,0.0,0.0,0.0,0.0,264.9999999999956,7735.000000000005,7735.000000000005,3.8675000000000024,1.0,0.0
benign,23,verify_and_retry,2000,2000,0,0,0,0,0,0,0,2000,0,10000.0,2000.0,1200.0000000000007,0.0,0.0,0.0,0.0,0.0,1200.0000000000007,6799.999999999999,6799.999999999999,3.3999999999999995,1.0,0.0
benign,23,scope_only,2000,2000,0,0,0,0,0,0,0,0,0,10000.0,2000.0,0.0,0.0,0.0,0.0,199.99999999999292,0.0,199.99999999999292,7800.000000000007,7800.000000000007,3.9000000000000035,1.0,0.0
benign,23,repair_no_appeal,2000,2000,0,0,0,0,0,0,0,275,0,10000.0,2000.0,164.99999999999915,99.99999999999646,0.0,0.0,0.0,0.0,264.9999999999956,7735.000000000005,7735.000000000005,3.8675000000000024,1.0,0.0
benign,23,repair_with_scope,2000,2000,0,0,0,0,0,0,0,275,0,10000.0,2000.0,164.99999999999915,99.99999999999646,0.0,0.0,199.99999999999292,0.0,464.9999999999885,7535.000000000012,7535.000000000012,3.767500000000006,1.0,0.0
benign,24,always_verify,2000,2000,0,0,0,0,0,0,0,2000,0,10000.0,2000.0,1200.0000000000007,0.0,0.0,0.0,0.0,0.0,1200.0000000000007,6799.999999999999,6799.999999999999,3.3999999999999995,1.0,0.0
benign,24,naive_trust,2000,2000,0,0,0,0,0,0,0,0,0,10000.0,2000.0,0.0,0.0,0.0,0.0,0.0,0.0,0.0,8000.0,8000.0,4.0,1.0,0.0
benign,24,reputation_only,2000,2000,0,0,0,0,0,0,0,296,0,10000.0,2000.0,177.59999999999903,0.0,0.0,0.0,0.0,0.0,177.59999999999903,7822.400000000001,7822.400000000001,3.9112000000000005,1.0,0.0
benign,24,repair,2000,2000,0,0,0,0,0,0,0,296,0,10000.0,2000.0,177.59999999999903,99.99999999999646,0.0,0.0,0.0,0.0,277.5999999999955,7722.400000000004,7722.400000000004,3.861200000000002,1.0,0.0
benign,24,repair_no_exclusion,2000,2000,0,0,0,0,0,0,0,296,0,10000.0,2000.0,177.59999999999903,99.99999999999646,0.0,0.0,0.0,0.0,277.5999999999955,7722.400000000004,7722.400000000004,3.861200000000002,1.0,0.0
benign,24,verify_and_retry,2000,2000,0,0,0,0,0,0,0,2000,0,10000.0,2000.0,1200.0000000000007,0.0,0.0,0.0,0.0,0.0,1200.0000000000007,6799.999999999999,6799.999999999999,3.3999999999999995,1.0,0.0
benign,24,scope_only,2000,2000,0,0,0,0,0,0,0,0,0,10000.0,2000.0,0.0,0.0,0.0,0.0,199.99999999999292,0.0,199.99999999999292,7800.000000000007,7800.000000000007,3.9000000000000035,1.0,0.0
benign,24,repair_no_appeal,2000,2000,0,0,0,0,0,0,0,296,0,10000.0,2000.0,177.59999999999903,99.99999999999646,0.0,0.0,0.0,0.0,277.5999999999955,7722.400000000004,7722.400000000004,3.861200000000002,1.0,0.0
benign,24,repair_with_scope,2000,2000,0,0,0,0,0,0,0,296,0,10000.0,2000.0,177.59999999999903,99.99999999999646,0.0,0.0,199.99999999999292,0.0,477.5999999999884,7522.4000000000115,7522.4000000000115,3.761200000000006,1.0,0.0
benign,25,always_verify,2000,2000,0,0,0,0,0,0,0,2000,0,10000.0,2000.0,1200.0000000000007,0.0,0.0,0.0,0.0,0.0,1200.0000000000007,6799.999999999999,6799.999999999999,3.3999999999999995,1.0,0.0
benign,25,naive_trust,2000,2000,0,0,0,0,0,0,0,0,0,10000.0,2000.0,0.0,0.0,0.0,0.0,0.0,0.0,0.0,8000.0,8000.0,4.0,1.0,0.0
benign,25,reputation_only,2000,2000,0,0,0,0,0,0,0,294,0,10000.0,2000.0,176.39999999999904,0.0,0.0,0.0,0.0,0.0,176.39999999999904,7823.600000000001,7823.600000000001,3.911800000000001,1.0,0.0
benign,25,repair,2000,2000,0,0,0,0,0,0,0,294,0,10000.0,2000.0,176.39999999999904,99.99999999999646,0.0,0.0,0.0,0.0,276.3999999999955,7723.600000000005,7723.600000000005,3.8618000000000023,1.0,0.0
benign,25,repair_no_exclusion,2000,2000,0,0,0,0,0,0,0,294,0,10000.0,2000.0,176.39999999999904,99.99999999999646,0.0,0.0,0.0,0.0,276.3999999999955,7723.600000000005,7723.600000000005,3.8618000000000023,1.0,0.0
benign,25,verify_and_retry,2000,2000,0,0,0,0,0,0,0,2000,0,10000.0,2000.0,1200.0000000000007,0.0,0.0,0.0,0.0,0.0,1200.0000000000007,6799.999999999999,6799.999999999999,3.3999999999999995,1.0,0.0
benign,25,scope_only,2000,2000,0,0,0,0,0,0,0,0,0,10000.0,2000.0,0.0,0.0,0.0,0.0,199.99999999999292,0.0,199.99999999999292,7800.000000000007,7800.000000000007,3.9000000000000035,1.0,0.0
benign,25,repair_no_appeal,2000,2000,0,0,0,0,0,0,0,294,0,10000.0,2000.0,176.39999999999904,99.99999999999646,0.0,0.0,0.0,0.0,276.3999999999955,7723.600000000005,7723.600000000005,3.8618000000000023,1.0,0.0
benign,25,repair_with_scope,2000,2000,0,0,0,0,0,0,0,294,0,10000.0,2000.0,176.39999999999904,99.99999999999646,0.0,0.0,199.99999999999292,0.0,476.39999999998844,7523.600000000011,7523.600000000011,3.761800000000006,1.0,0.0
benign,26,always_verify,2000,2000,0,0,0,0,0,0,0,2000,0,10000.0,2000.0,1200.0000000000007,0.0,0.0,0.0,0.0,0.0,1200.0000000000007,6799.999999999999,6799.999999999999,3.3999999999999995,1.0,0.0
benign,26,naive_trust,2000,2000,0,0,0,0,0,0,0,0,0,10000.0,2000.0,0.0,0.0,0.0,0.0,0.0,0.0,0.0,8000.0,8000.0,4.0,1.0,0.0
benign,26,reputation_only,2000,2000,0,0,0,0,0,0,0,308,0,10000.0,2000.0,184.79999999999896,0.0,0.0,0.0,0.0,0.0,184.79999999999896,7815.200000000001,7815.200000000001,3.9076000000000004,1.0,0.0
benign,26,repair,2000,2000,0,0,0,0,0,0,0,308,0,10000.0,2000.0,184.79999999999896,99.99999999999646,0.0,0.0,0.0,0.0,284.7999999999954,7715.200000000004,7715.200000000004,3.8576000000000024,1.0,0.0
benign,26,repair_no_exclusion,2000,2000,0,0,0,0,0,0,0,308,0,10000.0,2000.0,184.79999999999896,99.99999999999646,0.0,0.0,0.0,0.0,284.7999999999954,7715.200000000004,7715.200000000004,3.8576000000000024,1.0,0.0
benign,26,verify_and_retry,2000,2000,0,0,0,0,0,0,0,2000,0,10000.0,2000.0,1200.0000000000007,0.0,0.0,0.0,0.0,0.0,1200.0000000000007,6799.999999999999,6799.999999999999,3.3999999999999995,1.0,0.0
benign,26,scope_only,2000,2000,0,0,0,0,0,0,0,0,0,10000.0,2000.0,0.0,0.0,0.0,0.0,199.99999999999292,0.0,199.99999999999292,7800.000000000007,7800.000000000007,3.9000000000000035,1.0,0.0
benign,26,repair_no_appeal,2000,2000,0,0,0,0,0,0,0,308,0,10000.0,2000.0,184.79999999999896,99.99999999999646,0.0,0.0,0.0,0.0,284.7999999999954,7715.200000000004,7715.200000000004,3.8576000000000024,1.0,0.0
benign,26,repair_with_scope,2000,2000,0,0,0,0,0,0,0,308,0,10000.0,2000.0,184.79999999999896,99.99999999999646,0.0,0.0,199.99999999999292,0.0,484.79999999998836,7515.200000000012,7515.200000000012,3.757600000000006,1.0,0.0
benign,27,always_verify,2000,2000,0,0,0,0,0,0,0,2000,0,10000.0,2000.0,1200.0000000000007,0.0,0.0,0.0,0.0,0.0,1200.0000000000007,6799.999999999999,6799.999999999999,3.3999999999999995,1.0,0.0
benign,27,naive_trust,2000,2000,0,0,0,0,0,0,0,0,0,10000.0,2000.0,0.0,0.0,0.0,0.0,0.0,0.0,0.0,8000.0,8000.0,4.0,1.0,0.0
benign,27,reputation_only,2000,2000,0,0,0,0,0,0,0,282,0,10000.0,2000.0,169.1999999999991,0.0,0.0,0.0,0.0,0.0,169.1999999999991,7830.800000000001,7830.800000000001,3.9154000000000004,1.0,0.0
benign,27,repair,2000,2000,0,0,0,0,0,0,0,282,0,10000.0,2000.0,169.1999999999991,99.99999999999646,0.0,0.0,0.0,0.0,269.19999999999555,7730.800000000005,7730.800000000005,3.8654000000000024,1.0,0.0
benign,27,repair_no_exclusion,2000,2000,0,0,0,0,0,0,0,282,0,10000.0,2000.0,169.1999999999991,99.99999999999646,0.0,0.0,0.0,0.0,269.19999999999555,7730.800000000005,7730.800000000005,3.8654000000000024,1.0,0.0
benign,27,verify_and_retry,2000,2000,0,0,0,0,0,0,0,2000,0,10000.0,2000.0,1200.0000000000007,0.0,0.0,0.0,0.0,0.0,1200.0000000000007,6799.999999999999,6799.999999999999,3.3999999999999995,1.0,0.0
benign,27,scope_only,2000,2000,0,0,0,0,0,0,0,0,0,10000.0,2000.0,0.0,0.0,0.0,0.0,199.99999999999292,0.0,199.99999999999292,7800.000000000007,7800.000000000007,3.9000000000000035,1.0,0.0
benign,27,repair_no_appeal,2000,2000,0,0,0,0,0,0,0,282,0,10000.0,2000.0,169.1999999999991,99.99999999999646,0.0,0.0,0.0,0.0,269.19999999999555,7730.800000000005,7730.800000000005,3.8654000000000024,1.0,0.0
benign,27,repair_with_scope,2000,2000,0,0,0,0,0,0,0,282,0,10000.0,2000.0,169.1999999999991,99.99999999999646,0.0,0.0,199.99999999999292,0.0,469.1999999999885,7530.800000000011,7530.800000000011,3.7654000000000054,1.0,0.0
benign,28,always_verify,2000,2000,0,0,0,0,0,0,0,2000,0,10000.0,2000.0,1200.0000000000007,0.0,0.0,0.0,0.0,0.0,1200.0000000000007,6799.999999999999,6799.999999999999,3.3999999999999995,1.0,0.0
benign,28,naive_trust,2000,2000,0,0,0,0,0,0,0,0,0,10000.0,2000.0,0.0,0.0,0.0,0.0,0.0,0.0,0.0,8000.0,8000.0,4.0,1.0,0.0
benign,28,reputation_only,2000,2000,0,0,0,0,0,0,0,316,0,10000.0,2000.0,189.59999999999891,0.0,0.0,0.0,0.0,0.0,189.59999999999891,7810.4000000000015,7810.4000000000015,3.9052000000000007,1.0,0.0
benign,28,repair,2000,2000,0,0,0,0,0,0,0,316,0,10000.0,2000.0,189.59999999999891,99.99999999999646,0.0,0.0,0.0,0.0,289.59999999999536,7710.400000000005,7710.400000000005,3.8552000000000026,1.0,0.0
benign,28,repair_no_exclusion,2000,2000,0,0,0,0,0,0,0,316,0,10000.0,2000.0,189.59999999999891,99.99999999999646,0.0,0.0,0.0,0.0,289.59999999999536,7710.400000000005,7710.400000000005,3.8552000000000026,1.0,0.0
benign,28,verify_and_retry,2000,2000,0,0,0,0,0,0,0,2000,0,10000.0,2000.0,1200.0000000000007,0.0,0.0,0.0,0.0,0.0,1200.0000000000007,6799.999999999999,6799.999999999999,3.3999999999999995,1.0,0.0
benign,28,scope_only,2000,2000,0,0,0,0,0,0,0,0,0,10000.0,2000.0,0.0,0.0,0.0,0.0,199.99999999999292,0.0,199.99999999999292,7800.000000000007,7800.000000000007,3.9000000000000035,1.0,0.0
benign,28,repair_no_appeal,2000,2000,0,0,0,0,0,0,0,316,0,10000.0,2000.0,189.59999999999891,99.99999999999646,0.0,0.0,0.0,0.0,289.59999999999536,7710.400000000005,7710.400000000005,3.8552000000000026,1.0,0.0
benign,28,repair_with_scope,2000,2000,0,0,0,0,0,0,0,316,0,10000.0,2000.0,189.59999999999891,99.99999999999646,0.0,0.0,199.99999999999292,0.0,489.5999999999883,7510.4000000000115,7510.4000000000115,3.7552000000000056,1.0,0.0
benign,29,always_verify,2000,2000,0,0,0,0,0,0,0,2000,0,10000.0,2000.0,1200.0000000000007,0.0,0.0,0.0,0.0,0.0,1200.0000000000007,6799.999999999999,6799.999999999999,3.3999999999999995,1.0,0.0
benign,29,naive_trust,2000,2000,0,0,0,0,0,0,0,0,0,10000.0,2000.0,0.0,0.0,0.0,0.0,0.0,0.0,0.0,8000.0,8000.0,4.0,1.0,0.0
benign,29,reputation_only,2000,2000,0,0,0,0,0,0,0,303,0,10000.0,2000.0,181.799999999999,0.0,0.0,0.0,0.0,0.0,181.799999999999,7818.200000000001,7818.200000000001,3.9091000000000005,1.0,0.0
benign,29,repair,2000,2000,0,0,0,0,0,0,0,303,0,10000.0,2000.0,181.799999999999,99.99999999999646,0.0,0.0,0.0,0.0,281.79999999999546,7718.200000000004,7718.200000000004,3.859100000000002,1.0,0.0
benign,29,repair_no_exclusion,2000,2000,0,0,0,0,0,0,0,303,0,10000.0,2000.0,181.799999999999,99.99999999999646,0.0,0.0,0.0,0.0,281.79999999999546,7718.200000000004,7718.200000000004,3.859100000000002,1.0,0.0
benign,29,verify_and_retry,2000,2000,0,0,0,0,0,0,0,2000,0,10000.0,2000.0,1200.0000000000007,0.0,0.0,0.0,0.0,0.0,1200.0000000000007,6799.999999999999,6799.999999999999,3.3999999999999995,1.0,0.0
benign,29,scope_only,2000,2000,0,0,0,0,0,0,0,0,0,10000.0,2000.0,0.0,0.0,0.0,0.0,199.99999999999292,0.0,199.99999999999292,7800.000000000007,7800.000000000007,3.9000000000000035,1.0,0.0
benign,29,repair_no_appeal,2000,2000,0,0,0,0,0,0,0,303,0,10000.0,2000.0,181.799999999999,99.99999999999646,0.0,0.0,0.0,0.0,281.79999999999546,7718.200000000004,7718.200000000004,3.859100000000002,1.0,0.0
benign,29,repair_with_scope,2000,2000,0,0,0,0,0,0,0,303,0,10000.0,2000.0,181.799999999999,99.99999999999646,0.0,0.0,199.99999999999292,0.0,481.79999999998836,7518.200000000012,7518.200000000012,3.759100000000006,1.0,0.0
benign,30,always_verify,2000,2000,0,0,0,0,0,0,0,2000,0,10000.0,2000.0,1200.0000000000007,0.0,0.0,0.0,0.0,0.0,1200.0000000000007,6799.999999999999,6799.999999999999,3.3999999999999995,1.0,0.0
benign,30,naive_trust,2000,2000,0,0,0,0,0,0,0,0,0,10000.0,2000.0,0.0,0.0,0.0,0.0,0.0,0.0,0.0,8000.0,8000.0,4.0,1.0,0.0
benign,30,reputation_only,2000,2000,0,0,0,0,0,0,0,287,0,10000.0,2000.0,172.19999999999908,0.0,0.0,0.0,0.0,0.0,172.19999999999908,7827.800000000001,7827.800000000001,3.9139000000000004,1.0,0.0
benign,30,repair,2000,2000,0,0,0,0,0,0,0,287,0,10000.0,2000.0,172.19999999999908,99.99999999999646,0.0,0.0,0.0,0.0,272.19999999999555,7727.800000000005,7727.800000000005,3.8639000000000023,1.0,0.0
benign,30,repair_no_exclusion,2000,2000,0,0,0,0,0,0,0,287,0,10000.0,2000.0,172.19999999999908,99.99999999999646,0.0,0.0,0.0,0.0,272.19999999999555,7727.800000000005,7727.800000000005,3.8639000000000023,1.0,0.0
benign,30,verify_and_retry,2000,2000,0,0,0,0,0,0,0,2000,0,10000.0,2000.0,1200.0000000000007,0.0,0.0,0.0,0.0,0.0,1200.0000000000007,6799.999999999999,6799.999999999999,3.3999999999999995,1.0,0.0
benign,30,scope_only,2000,2000,0,0,0,0,0,0,0,0,0,10000.0,2000.0,0.0,0.0,0.0,0.0,199.99999999999292,0.0,199.99999999999292,7800.000000000007,7800.000000000007,3.9000000000000035,1.0,0.0
benign,30,repair_no_appeal,2000,2000,0,0,0,0,0,0,0,287,0,10000.0,2000.0,172.19999999999908,99.99999999999646,0.0,0.0,0.0,0.0,272.19999999999555,7727.800000000005,7727.800000000005,3.8639000000000023,1.0,0.0
benign,30,repair_with_scope,2000,2000,0,0,0,0,0,0,0,287,0,10000.0,2000.0,172.19999999999908,99.99999999999646,0.0,0.0,199.99999999999292,0.0,472.19999999998845,7527.800000000012,7527.800000000012,3.763900000000006,1.0,0.0
benign,31,always_verify,2000,2000,0,0,0,0,0,0,0,2000,0,10000.0,2000.0,1200.0000000000007,0.0,0.0,0.0,0.0,0.0,1200.0000000000007,6799.999999999999,6799.999999999999,3.3999999999999995,1.0,0.0
benign,31,naive_trust,2000,2000,0,0,0,0,0,0,0,0,0,10000.0,2000.0,0.0,0.0,0.0,0.0,0.0,0.0,0.0,8000.0,8000.0,4.0,1.0,0.0
benign,31,reputation_only,2000,2000,0,0,0,0,0,0,0,277,0,10000.0,2000.0,166.19999999999914,0.0,0.0,0.0,0.0,0.0,166.19999999999914,7833.800000000001,7833.800000000001,3.9169000000000005,1.0,0.0
benign,31,repair,2000,2000,0,0,0,0,0,0,0,277,0,10000.0,2000.0,166.19999999999914,99.99999999999646,0.0,0.0,0.0,0.0,266.1999999999956,7733.800000000005,7733.800000000005,3.8669000000000024,1.0,0.0
benign,31,repair_no_exclusion,2000,2000,0,0,0,0,0,0,0,277,0,10000.0,2000.0,166.19999999999914,99.99999999999646,0.0,0.0,0.0,0.0,266.1999999999956,7733.800000000005,7733.800000000005,3.8669000000000024,1.0,0.0
benign,31,verify_and_retry,2000,2000,0,0,0,0,0,0,0,2000,0,10000.0,2000.0,1200.0000000000007,0.0,0.0,0.0,0.0,0.0,1200.0000000000007,6799.999999999999,6799.999999999999,3.3999999999999995,1.0,0.0
benign,31,scope_only,2000,2000,0,0,0,0,0,0,0,0,0,10000.0,2000.0,0.0,0.0,0.0,0.0,199.99999999999292,0.0,199.99999999999292,7800.000000000007,7800.000000000007,3.9000000000000035,1.0,0.0
benign,31,repair_no_appeal,2000,2000,0,0,0,0,0,0,0,277,0,10000.0,2000.0,166.19999999999914,99.99999999999646,0.0,0.0,0.0,0.0,266.1999999999956,7733.800000000005,7733.800000000005,3.8669000000000024,1.0,0.0
benign,31,repair_with_scope,2000,2000,0,0,0,0,0,0,0,277,0,10000.0,2000.0,166.19999999999914,99.99999999999646,0.0,0.0,199.99999999999292,0.0,466.1999999999885,7533.800000000011,7533.800000000011,3.7669000000000055,1.0,0.0
benign,32,always_verify,2000,2000,0,0,0,0,0,0,0,2000,0,10000.0,2000.0,1200.0000000000007,0.0,0.0,0.0,0.0,0.0,1200.0000000000007,6799.999999999999,6799.999999999999,3.3999999999999995,1.0,0.0
benign,32,naive_trust,2000,2000,0,0,0,0,0,0,0,0,0,10000.0,2000.0,0.0,0.0,0.0,0.0,0.0,0.0,0.0,8000.0,8000.0,4.0,1.0,0.0
benign,32,reputation_only,2000,2000,0,0,0,0,0,0,0,286,0,10000.0,2000.0,171.59999999999908,0.0,0.0,0.0,0.0,0.0,171.59999999999908,7828.400000000001,7828.400000000001,3.9142,1.0,0.0
benign,32,repair,2000,2000,0,0,0,0,0,0,0,286,0,10000.0,2000.0,171.59999999999908,99.99999999999646,0.0,0.0,0.0,0.0,271.59999999999553,7728.400000000004,7728.400000000004,3.864200000000002,1.0,0.0
benign,32,repair_no_exclusion,2000,2000,0,0,0,0,0,0,0,286,0,10000.0,2000.0,171.59999999999908,99.99999999999646,0.0,0.0,0.0,0.0,271.59999999999553,7728.400000000004,7728.400000000004,3.864200000000002,1.0,0.0
benign,32,verify_and_retry,2000,2000,0,0,0,0,0,0,0,2000,0,10000.0,2000.0,1200.0000000000007,0.0,0.0,0.0,0.0,0.0,1200.0000000000007,6799.999999999999,6799.999999999999,3.3999999999999995,1.0,0.0
benign,32,scope_only,2000,2000,0,0,0,0,0,0,0,0,0,10000.0,2000.0,0.0,0.0,0.0,0.0,199.99999999999292,0.0,199.99999999999292,7800.000000000007,7800.000000000007,3.9000000000000035,1.0,0.0
benign,32,repair_no_appeal,2000,2000,0,0,0,0,0,0,0,286,0,10000.0,2000.0,171.59999999999908,99.99999999999646,0.0,0.0,0.0,0.0,271.59999999999553,7728.400000000004,7728.400000000004,3.864200000000002,1.0,0.0
benign,32,repair_with_scope,2000,2000,0,0,0,0,0,0,0,286,0,10000.0,2000.0,171.59999999999908,99.99999999999646,0.0,0.0,199.99999999999292,0.0,471.5999999999885,7528.4000000000115,7528.4000000000115,3.7642000000000055,1.0,0.0
benign,33,always_verify,2000,2000,0,0,0,0,0,0,0,2000,0,10000.0,2000.0,1200.0000000000007,0.0,0.0,0.0,0.0,0.0,1200.0000000000007,6799.999999999999,6799.999999999999,3.3999999999999995,1.0,0.0
benign,33,naive_trust,2000,2000,0,0,0,0,0,0,0,0,0,10000.0,2000.0,0.0,0.0,0.0,0.0,0.0,0.0,0.0,8000.0,8000.0,4.0,1.0,0.0
benign,33,reputation_only,2000,2000,0,0,0,0,0,0,0,291,0,10000.0,2000.0,174.59999999999906,0.0,0.0,0.0,0.0,0.0,174.59999999999906,7825.400000000001,7825.400000000001,3.9127,1.0,0.0
benign,33,repair,2000,2000,0,0,0,0,0,0,0,291,0,10000.0,2000.0,174.59999999999906,99.99999999999646,0.0,0.0,0.0,0.0,274.59999999999553,7725.400000000004,7725.400000000004,3.862700000000002,1.0,0.0
benign,33,repair_no_exclusion,2000,2000,0,0,0,0,0,0,0,291,0,10000.0,2000.0,174.59999999999906,99.99999999999646,0.0,0.0,0.0,0.0,274.59999999999553,7725.400000000004,7725.400000000004,3.862700000000002,1.0,0.0
benign,33,verify_and_retry,2000,2000,0,0,0,0,0,0,0,2000,0,10000.0,2000.0,1200.0000000000007,0.0,0.0,0.0,0.0,0.0,1200.0000000000007,6799.999999999999,6799.999999999999,3.3999999999999995,1.0,0.0
benign,33,scope_only,2000,2000,0,0,0,0,0,0,0,0,0,10000.0,2000.0,0.0,0.0,0.0,0.0,199.99999999999292,0.0,199.99999999999292,7800.000000000007,7800.000000000007,3.9000000000000035,1.0,0.0
benign,33,repair_no_appeal,2000,2000,0,0,0,0,0,0,0,291,0,10000.0,2000.0,174.59999999999906,99.99999999999646,0.0,0.0,0.0,0.0,274.59999999999553,7725.400000000004,7725.400000000004,3.862700000000002,1.0,0.0
benign,33,repair_with_scope,2000,2000,0,0,0,0,0,0,0,291,0,10000.0,2000.0,174.59999999999906,99.99999999999646,0.0,0.0,199.99999999999292,0.0,474.5999999999884,7525.4000000000115,7525.4000000000115,3.762700000000006,1.0,0.0
benign,34,always_verify,2000,2000,0,0,0,0,0,0,0,2000,0,10000.0,2000.0,1200.0000000000007,0.0,0.0,0.0,0.0,0.0,1200.0000000000007,6799.999999999999,6799.999999999999,3.3999999999999995,1.0,0.0
benign,34,naive_trust,2000,2000,0,0,0,0,0,0,0,0,0,10000.0,2000.0,0.0,0.0,0.0,0.0,0.0,0.0,0.0,8000.0,8000.0,4.0,1.0,0.0
benign,34,reputation_only,2000,2000,0,0,0,0,0,0,0,275,0,10000.0,2000.0,164.99999999999915,0.0,0.0,0.0,0.0,0.0,164.99999999999915,7835.000000000001,7835.000000000001,3.9175000000000004,1.0,0.0
benign,34,repair,2000,2000,0,0,0,0,0,0,0,275,0,10000.0,2000.0,164.99999999999915,99.99999999999646,0.0,0.0,0.0,0.0,264.9999999999956,7735.000000000005,7735.000000000005,3.8675000000000024,1.0,0.0
benign,34,repair_no_exclusion,2000,2000,0,0,0,0,0,0,0,275,0,10000.0,2000.0,164.99999999999915,99.99999999999646,0.0,0.0,0.0,0.0,264.9999999999956,7735.000000000005,7735.000000000005,3.8675000000000024,1.0,0.0
benign,34,verify_and_retry,2000,2000,0,0,0,0,0,0,0,2000,0,10000.0,2000.0,1200.0000000000007,0.0,0.0,0.0,0.0,0.0,1200.0000000000007,6799.999999999999,6799.999999999999,3.3999999999999995,1.0,0.0
benign,34,scope_only,2000,2000,0,0,0,0,0,0,0,0,0,10000.0,2000.0,0.0,0.0,0.0,0.0,199.99999999999292,0.0,199.99999999999292,7800.000000000007,7800.000000000007,3.9000000000000035,1.0,0.0
benign,34,repair_no_appeal,2000,2000,0,0,0,0,0,0,0,275,0,10000.0,2000.0,164.99999999999915,99.99999999999646,0.0,0.0,0.0,0.0,264.9999999999956,7735.000000000005,7735.000000000005,3.8675000000000024,1.0,0.0
benign,34,repair_with_scope,2000,2000,0,0,0,0,0,0,0,275,0,10000.0,2000.0,164.99999999999915,99.99999999999646,0.0,0.0,199.99999999999292,0.0,464.9999999999885,7535.000000000012,7535.000000000012,3.767500000000006,1.0,0.0
benign,35,always_verify,2000,2000,0,0,0,0,0,0,0,2000,0,10000.0,2000.0,1200.0000000000007,0.0,0.0,0.0,0.0,0.0,1200.0000000000007,6799.999999999999,6799.999999999999,3.3999999999999995,1.0,0.0
benign,35,naive_trust,2000,2000,0,0,0,0,0,0,0,0,0,10000.0,2000.0,0.0,0.0,0.0,0.0,0.0,0.0,0.0,8000.0,8000.0,4.0,1.0,0.0
benign,35,reputation_only,2000,2000,0,0,0,0,0,0,0,263,0,10000.0,2000.0,157.79999999999922,0.0,0.0,0.0,0.0,0.0,157.79999999999922,7842.200000000001,7842.200000000001,3.9211000000000005,1.0,0.0
benign,35,repair,2000,2000,0,0,0,0,0,0,0,263,0,10000.0,2000.0,157.79999999999922,99.99999999999646,0.0,0.0,0.0,0.0,257.7999999999957,7742.200000000004,7742.200000000004,3.871100000000002,1.0,0.0
benign,35,repair_no_exclusion,2000,2000,0,0,0,0,0,0,0,263,0,10000.0,2000.0,157.79999999999922,99.99999999999646,0.0,0.0,0.0,0.0,257.7999999999957,7742.200000000004,7742.200000000004,3.871100000000002,1.0,0.0
benign,35,verify_and_retry,2000,2000,0,0,0,0,0,0,0,2000,0,10000.0,2000.0,1200.0000000000007,0.0,0.0,0.0,0.0,0.0,1200.0000000000007,6799.999999999999,6799.999999999999,3.3999999999999995,1.0,0.0
benign,35,scope_only,2000,2000,0,0,0,0,0,0,0,0,0,10000.0,2000.0,0.0,0.0,0.0,0.0,199.99999999999292,0.0,199.99999999999292,7800.000000000007,7800.000000000007,3.9000000000000035,1.0,0.0
benign,35,repair_no_appeal,2000,2000,0,0,0,0,0,0,0,263,0,10000.0,2000.0,157.79999999999922,99.99999999999646,0.0,0.0,0.0,0.0,257.7999999999957,7742.200000000004,7742.200000000004,3.871100000000002,1.0,0.0
benign,35,repair_with_scope,2000,2000,0,0,0,0,0,0,0,263,0,10000.0,2000.0,157.79999999999922,99.99999999999646,0.0,0.0,199.99999999999292,0.0,457.7999999999886,7542.200000000012,7542.200000000012,3.771100000000006,1.0,0.0
benign,36,always_verify,2000,2000,0,0,0,0,0,0,0,2000,0,10000.0,2000.0,1200.0000000000007,0.0,0.0,0.0,0.0,0.0,1200.0000000000007,6799.999999999999,6799.999999999999,3.3999999999999995,1.0,0.0
benign,36,naive_trust,2000,2000,0,0,0,0,0,0,0,0,0,10000.0,2000.0,0.0,0.0,0.0,0.0,0.0,0.0,0.0,8000.0,8000.0,4.0,1.0,0.0
benign,36,reputation_only,2000,2000,0,0,0,0,0,0,0,265,0,10000.0,2000.0,158.9999999999992,0.0,0.0,0.0,0.0,0.0,158.9999999999992,7841.000000000001,7841.000000000001,3.9205000000000005,1.0,0.0
benign,36,repair,2000,2000,0,0,0,0,0,0,0,265,0,10000.0,2000.0,158.9999999999992,99.99999999999646,0.0,0.0,0.0,0.0,258.9999999999957,7741.000000000005,7741.000000000005,3.8705000000000025,1.0,0.0
benign,36,repair_no_exclusion,2000,2000,0,0,0,0,0,0,0,265,0,10000.0,2000.0,158.9999999999992,99.99999999999646,0.0,0.0,0.0,0.0,258.9999999999957,7741.000000000005,7741.000000000005,3.8705000000000025,1.0,0.0
benign,36,verify_and_retry,2000,2000,0,0,0,0,0,0,0,2000,0,10000.0,2000.0,1200.0000000000007,0.0,0.0,0.0,0.0,0.0,1200.0000000000007,6799.999999999999,6799.999999999999,3.3999999999999995,1.0,0.0
benign,36,scope_only,2000,2000,0,0,0,0,0,0,0,0,0,10000.0,2000.0,0.0,0.0,0.0,0.0,199.99999999999292,0.0,199.99999999999292,7800.000000000007,7800.000000000007,3.9000000000000035,1.0,0.0
benign,36,repair_no_appeal,2000,2000,0,0,0,0,0,0,0,265,0,10000.0,2000.0,158.9999999999992,99.99999999999646,0.0,0.0,0.0,0.0,258.9999999999957,7741.000000000005,7741.000000000005,3.8705000000000025,1.0,0.0
benign,36,repair_with_scope,2000,2000,0,0,0,0,0,0,0,265,0,10000.0,2000.0,158.9999999999992,99.99999999999646,0.0,0.0,199.99999999999292,0.0,458.9999999999886,7541.000000000012,7541.000000000012,3.770500000000006,1.0,0.0
benign,37,always_verify,2000,2000,0,0,0,0,0,0,0,2000,0,10000.0,2000.0,1200.0000000000007,0.0,0.0,0.0,0.0,0.0,1200.0000000000007,6799.999999999999,6799.999999999999,3.3999999999999995,1.0,0.0
benign,37,naive_trust,2000,2000,0,0,0,0,0,0,0,0,0,10000.0,2000.0,0.0,0.0,0.0,0.0,0.0,0.0,0.0,8000.0,8000.0,4.0,1.0,0.0
benign,37,reputation_only,2000,2000,0,0,0,0,0,0,0,290,0,10000.0,2000.0,173.99999999999906,0.0,0.0,0.0,0.0,0.0,173.99999999999906,7826.000000000001,7826.000000000001,3.9130000000000003,1.0,0.0
benign,37,repair,2000,2000,0,0,0,0,0,0,0,290,0,10000.0,2000.0,173.99999999999906,99.99999999999646,0.0,0.0,0.0,0.0,273.9999999999955,7726.000000000005,7726.000000000005,3.863000000000002,1.0,0.0
benign,37,repair_no_exclusion,2000,2000,0,0,0,0,0,0,0,290,0,10000.0,2000.0,173.99999999999906,99.99999999999646,0.0,0.0,0.0,0.0,273.9999999999955,7726.000000000005,7726.000000000005,3.863000000000002,1.0,0.0
benign,37,verify_and_retry,2000,2000,0,0,0,0,0,0,0,2000,0,10000.0,2000.0,1200.0000000000007,0.0,0.0,0.0,0.0,0.0,1200.0000000000007,6799.999999999999,6799.999999999999,3.3999999999999995,1.0,0.0
benign,37,scope_only,2000,2000,0,0,0,0,0,0,0,0,0,10000.0,2000.0,0.0,0.0,0.0,0.0,199.99999999999292,0.0,199.99999999999292,7800.000000000007,7800.000000000007,3.9000000000000035,1.0,0.0
benign,37,repair_no_appeal,2000,2000,0,0,0,0,0,0,0,290,0,10000.0,2000.0,173.99999999999906,99.99999999999646,0.0,0.0,0.0,0.0,273.9999999999955,7726.000000000005,7726.000000000005,3.863000000000002,1.0,0.0
benign,37,repair_with_scope,2000,2000,0,0,0,0,0,0,0,290,0,10000.0,2000.0,173.99999999999906,99.99999999999646,0.0,0.0,199.99999999999292,0.0,473.99999999998846,7526.000000000012,7526.000000000012,3.763000000000006,1.0,0.0
benign,38,always_verify,2000,2000,0,0,0,0,0,0,0,2000,0,10000.0,2000.0,1200.0000000000007,0.0,0.0,0.0,0.0,0.0,1200.0000000000007,6799.999999999999,6799.999999999999,3.3999999999999995,1.0,0.0
benign,38,naive_trust,2000,2000,0,0,0,0,0,0,0,0,0,10000.0,2000.0,0.0,0.0,0.0,0.0,0.0,0.0,0.0,8000.0,8000.0,4.0,1.0,0.0
benign,38,reputation_only,2000,2000,0,0,0,0,0,0,0,299,0,10000.0,2000.0,179.399999999999,0.0,0.0,0.0,0.0,0.0,179.399999999999,7820.600000000001,7820.600000000001,3.9103000000000008,1.0,0.0
benign,38,repair,2000,2000,0,0,0,0,0,0,0,299,0,10000.0,2000.0,179.399999999999,99.99999999999646,0.0,0.0,0.0,0.0,279.3999999999955,7720.600000000005,7720.600000000005,3.8603000000000023,1.0,0.0
benign,38,repair_no_exclusion,2000,2000,0,0,0,0,0,0,0,299,0,10000.0,2000.0,179.399999999999,99.99999999999646,0.0,0.0,0.0,0.0,279.3999999999955,7720.600000000005,7720.600000000005,3.8603000000000023,1.0,0.0
benign,38,verify_and_retry,2000,2000,0,0,0,0,0,0,0,2000,0,10000.0,2000.0,1200.0000000000007,0.0,0.0,0.0,0.0,0.0,1200.0000000000007,6799.999999999999,6799.999999999999,3.3999999999999995,1.0,0.0
benign,38,scope_only,2000,2000,0,0,0,0,0,0,0,0,0,10000.0,2000.0,0.0,0.0,0.0,0.0,199.99999999999292,0.0,199.99999999999292,7800.000000000007,7800.000000000007,3.9000000000000035,1.0,0.0
benign,38,repair_no_appeal,2000,2000,0,0,0,0,0,0,0,299,0,10000.0,2000.0,179.399999999999,99.99999999999646,0.0,0.0,0.0,0.0,279.3999999999955,7720.600000000005,7720.600000000005,3.8603000000000023,1.0,0.0
benign,38,repair_with_scope,2000,2000,0,0,0,0,0,0,0,299,0,10000.0,2000.0,179.399999999999,99.99999999999646,0.0,0.0,199.99999999999292,0.0,479.3999999999884,7520.600000000011,7520.600000000011,3.7603000000000057,1.0,0.0
benign,39,always_verify,2000,2000,0,0,0,0,0,0,0,2000,0,10000.0,2000.0,1200.0000000000007,0.0,0.0,0.0,0.0,0.0,1200.0000000000007,6799.999999999999,6799.999999999999,3.3999999999999995,1.0,0.0
benign,39,naive_trust,2000,2000,0,0,0,0,0,0,0,0,0,10000.0,2000.0,0.0,0.0,0.0,0.0,0.0,0.0,0.0,8000.0,8000.0,4.0,1.0,0.0
benign,39,reputation_only,2000,2000,0,0,0,0,0,0,0,279,0,10000.0,2000.0,167.39999999999912,0.0,0.0,0.0,0.0,0.0,167.39999999999912,7832.600000000001,7832.600000000001,3.9163000000000006,1.0,0.0
benign,39,repair,2000,2000,0,0,0,0,0,0,0,279,0,10000.0,2000.0,167.39999999999912,99.99999999999646,0.0,0.0,0.0,0.0,267.3999999999956,7732.600000000004,7732.600000000004,3.866300000000002,1.0,0.0
benign,39,repair_no_exclusion,2000,2000,0,0,0,0,0,0,0,279,0,10000.0,2000.0,167.39999999999912,99.99999999999646,0.0,0.0,0.0,0.0,267.3999999999956,7732.600000000004,7732.600000000004,3.866300000000002,1.0,0.0
benign,39,verify_and_retry,2000,2000,0,0,0,0,0,0,0,2000,0,10000.0,2000.0,1200.0000000000007,0.0,0.0,0.0,0.0,0.0,1200.0000000000007,6799.999999999999,6799.999999999999,3.3999999999999995,1.0,0.0
benign,39,scope_only,2000,2000,0,0,0,0,0,0,0,0,0,10000.0,2000.0,0.0,0.0,0.0,0.0,199.99999999999292,0.0,199.99999999999292,7800.000000000007,7800.000000000007,3.9000000000000035,1.0,0.0
benign,39,repair_no_appeal,2000,2000,0,0,0,0,0,0,0,279,0,10000.0,2000.0,167.39999999999912,99.99999999999646,0.0,0.0,0.0,0.0,267.3999999999956,7732.600000000004,7732.600000000004,3.866300000000002,1.0,0.0
benign,39,repair_with_scope,2000,2000,0,0,0,0,0,0,0,279,0,10000.0,2000.0,167.39999999999912,99.99999999999646,0.0,0.0,199.99999999999292,0.0,467.3999999999885,7532.600000000011,7532.600000000011,3.7663000000000055,1.0,0.0
mixed_shock,0,always_verify,1665,1776,111,224,0,0,0,0,0,2000,0,8325.0,1776.0,1200.0000000000007,0.0,0.0,0.0,0.0,324.0,1200.0000000000007,5348.999999999999,5024.999999999999,2.5124999999999997,0.8325,1675.0
mixed_shock,0,naive_trust,1665,2000,335,0,0,0,0,0,0,0,0,8325.0,2000.0,0.0,0.0,0.0,0.0,0.0,324.0,0.0,6325.0,6001.0,3.0005,0.8325,1675.0
mixed_shock,0,reputation_only,1121,1244,123,72,684,544,0,0,0,665,0,5605.0,1244.0,399.0000000000037,0.0,0.0,0.0,0.0,228.0,399.0000000000037,3961.9999999999964,3733.9999999999964,1.8669999999999982,0.5605,4395.0
mixed_shock,0,repair,1326,1422,96,73,505,396,0,57,201,608,0,6630.0,1422.0,364.8000000000024,74.7499999999979,60.299999999999784,73.0,0.0,252.0,572.8500000000001,4635.15,4383.15,2.191575,0.663,3370.0
mixed_shock,0,repair_no_exclusion,1742,1875,133,125,0,0,0,77,210,815,0,8710.0,1875.0,489.0000000000071,99.99999999999646,62.99999999999976,96.0,0.0,348.0,748.0000000000033,6086.999999999996,5738.999999999996,2.869499999999998,0.871,1290.0
mixed_shock,0,verify_and_retry,1742,1776,34,224,0,0,0,77,111,2000,0,8710.0,1776.0,1200.0000000000007,0.0,33.30000000000004,96.0,0.0,348.0,1329.3000000000006,5604.699999999999,5256.699999999999,2.6283499999999993,0.871,1290.0
mixed_shock,0,scope_only,1613,1938,325,0,0,0,62,0,0,0,0,8065.0,1938.0,0.0,0.0,0.0,0.0,199.99999999999292,12.0,199.99999999999292,5927.000000000007,5915.000000000007,2.9575000000000036,0.8065,1935.0
mixed_shock,0,repair_no_appeal,1263,1349,86,70,581,456,0,54,140,631,0,6315.0,1349.0,378.6000000000029,70.94999999999811,41.99999999999996,67.0,0.0,264.0,558.550000000001,4407.449999999999,4143.449999999999,2.0717249999999994,0.6315,3685.0
mixed_shock,0,repair_with_scope,1290,1385,95,71,496,389,48,53,196,590,0,6450.0,1385.0,354.000000000002,72.79999999999801,58.7999999999998,68.0,150.39999999999574,0.0,703.9999999999956,4361.000000000005,4361.000000000005,2.180500000000002,0.645,3550.0
mixed_shock,1,always_verify,1584,1695,111,305,0,0,0,0,0,2000,0,7920.0,1695.0,1200.0000000000007,0.0,0.0,0.0,0.0,198.0,1200.0000000000007,5024.999999999999,4826.999999999999,2.4134999999999995,0.792,2080.0
mixed_shock,1,naive_trust,1584,2000,416,0,0,0,0,0,0,0,0,7920.0,2000.0,0.0,0.0,0.0,0.0,0.0,198.0,0.0,5920.0,5722.0,2.861,0.792,2080.0
mixed_shock,1,reputation_only,1087,1203,116,102,695,497,0,0,0,635,0,5435.0,1203.0,381.000000000003,0.0,0.0,0.0,0.0,120.0,381.000000000003,3850.999999999997,3730.999999999997,1.8654999999999984,0.5435,4565.0
mixed_shock,1,repair,1254,1339,85,105,556,385,0,55,178,568,0,6270.0,1339.0,340.8000000000015,72.19999999999804,53.39999999999985,70.0,0.0,186.0,536.3999999999994,4394.6,4208.6,2.1043000000000003,0.627,3730.0
mixed_shock,1,repair_no_exclusion,1659,1792,133,208,0,0,0,75,208,903,0,8295.0,1792.0,541.800000000009,99.99999999999646,62.399999999999764,95.0,0.0,240.0,799.2000000000053,5703.799999999995,5463.799999999995,2.7318999999999973,0.8295,1705.0
mixed_shock,1,verify_and_retry,1659,1695,36,305,0,0,0,75,111,2000,0,8295.0,1695.0,1200.0000000000007,0.0,33.30000000000004,95.0,0.0,240.0,1328.3000000000006,5271.699999999999,5031.699999999999,2.5158499999999995,0.8295,1705.0
mixed_shock,1,scope_only,1553,1944,391,0,0,0,56,0,0,0,0,7765.0,1944.0,0.0,0.0,0.0,0.0,199.99999999999292,12.0,199.99999999999292,5621.000000000007,5609.000000000007,2.8045000000000035,0.7765,2235.0
mixed_shock,1,repair_no_appeal,1228,1304,76,102,594,409,0,53,129,586,0,6140.0,1304.0,351.6000000000019,70.29999999999815,38.69999999999999,67.0,0.0,192.0,527.6,4308.4,4116.4,2.0582,0.614,3860.0
mixed_shock,1,repair_with_scope,1241,1324,83,101,538,370,37,51,172,554,0,6205.0,1324.0,332.40000000000117,71.2499999999981,51.599999999999866,64.0,146.19999999999598,12.0,665.4499999999952,4215.550000000005,4203.550000000005,2.101775000000002,0.6205,3795.0
mixed_shock,2,always_verify,1603,1719,116,281,0,0,0,0,0,2000,0,8015.0,1719.0,1200.0000000000007,0.0,0.0,0.0,0.0,300.0,1200.0000000000007,5095.999999999999,4795.999999999999,2.3979999999999997,0.8015,1985.0
mixed_shock,2,naive_trust,1603,2000,397,0,0,0,0,0,0,0,0,8015.0,2000.0,0.0,0.0,0.0,0.0,0.0,300.0,0.0,6015.0,5715.0,2.8575,0.8015,1985.0
mixed_shock,2,reputation_only,1069,1194,125,90,716,534,0,0,0,647,0,5345.0,1194.0,388.2000000000033,0.0,0.0,0.0,0.0,222.0,388.2000000000033,3762.7999999999965,3540.7999999999965,1.7703999999999982,0.5345,4655.0
mixed_shock,2,repair,1288,1381,93,87,532,370,0,55,186,573,0,6440.0,1381.0,343.8000000000016,73.39999999999797,55.79999999999983,65.0,0.0,276.0,537.9999999999994,4521.000000000001,4245.000000000001,2.1225000000000005,0.644,3560.0
mixed_shock,2,repair_no_exclusion,1681,1816,135,184,0,0,0,78,213,871,0,8405.0,1816.0,522.6000000000083,99.99999999999646,63.89999999999975,93.0,0.0,336.0,779.5000000000045,5809.499999999995,5473.499999999995,2.7367499999999976,0.8405,1595.0
mixed_shock,2,verify_and_retry,1681,1719,38,281,0,0,0,78,116,2000,0,8405.0,1719.0,1200.0000000000007,0.0,34.800000000000026,93.0,0.0,336.0,1327.8000000000006,5358.199999999999,5022.199999999999,2.5110999999999994,0.8405,1595.0
mixed_shock,2,scope_only,1554,1937,383,0,0,0,63,0,0,0,0,7770.0,1937.0,0.0,0.0,0.0,0.0,199.99999999999292,6.0,199.99999999999292,5633.000000000007,5627.000000000007,2.8135000000000034,0.777,2230.0
mixed_shock,2,repair_no_appeal,1210,1301,91,87,612,444,0,51,142,609,0,6050.0,1301.0,365.4000000000024,69.3999999999982,42.59999999999995,61.0,0.0,270.0,538.4000000000005,4210.599999999999,3940.5999999999995,1.9702999999999997,0.605,3950.0
mixed_shock,2,repair_with_scope,1253,1345,92,84,520,360,51,50,180,560,0,6265.0,1345.0,336.0000000000013,71.44999999999808,53.999999999999844,60.0,147.99999999999588,6.0,669.4499999999952,4250.550000000005,4244.550000000005,2.1222750000000024,0.6265,3735.0
mixed_shock,3,always_verify,1611,1728,117,272,0,0,0,0,0,2000,0,8055.0,1728.0,1200.0000000000007,0.0,0.0,0.0,0.0,318.0,1200.0000000000007,5126.999999999999,4808.999999999999,2.4044999999999996,0.8055,1945.0
mixed_shock,3,naive_trust,1611,2000,389,0,0,0,0,0,0,0,0,8055.0,2000.0,0.0,0.0,0.0,0.0,0.0,318.0,0.0,6055.0,5737.0,2.8685,0.8055,1945.0
mixed_shock,3,reputation_only,1110,1227,117,88,685,501,0,0,0,635,0,5550.0,1227.0,381.000000000003,0.0,0.0,0.0,0.0,216.0,381.000000000003,3941.999999999997,3725.999999999997,1.8629999999999984,0.555,4450.0
mixed_shock,3,repair,1297,1387,90,87,526,366,0,52,175,565,0,6485.0,1387.0,339.0000000000014,73.69999999999796,52.49999999999986,70.0,0.0,282.0,535.1999999999992,4562.800000000001,4280.800000000001,2.1404000000000005,0.6485,3515.0
mixed_shock,3,repair_no_exclusion,1685,1824,139,176,0,0,0,74,213,848,0,8425.0,1824.0,508.80000000000786,99.99999999999646,63.89999999999975,97.0,0.0,348.0,769.700000000004,5831.299999999996,5483.299999999996,2.7416499999999977,0.8425,1575.0
mixed_shock,3,verify_and_retry,1685,1728,43,272,0,0,0,74,117,2000,0,8425.0,1728.0,1200.0000000000007,0.0,35.10000000000002,97.0,0.0,348.0,1332.1000000000008,5364.9,5016.9,2.50845,0.8425,1575.0
mixed_shock,3,scope_only,1558,1935,377,0,0,0,65,0,0,0,0,7790.0,1935.0,0.0,0.0,0.0,0.0,199.99999999999292,0.0,199.99999999999292,5655.000000000007,5655.000000000007,2.8275000000000037,0.779,2210.0
mixed_shock,3,repair_no_appeal,1243,1327,84,87,586,419,0,51,135,591,0,6215.0,1327.0,354.600000000002,70.69999999999813,40.49999999999997,68.0,0.0,270.0,533.8000000000001,4354.2,4084.2,2.0421,0.6215,3785.0
mixed_shock,3,repair_with_scope,1262,1353,91,82,514,356,51,50,174,552,0,6310.0,1353.0,331.2000000000011,71.74999999999807,52.19999999999986,67.0,148.59999999999584,0.0,670.7499999999949,4286.2500000000055,4286.2500000000055,2.1431250000000026,0.631,3690.0
mixed_shock,4,always_verify,1548,1653,105,347,0,0,0,0,0,2000,0,7740.0,1653.0,1200.0000000000007,0.0,0.0,0.0,0.0,294.0,1200.0000000000007,4886.999999999999,4592.999999999999,2.2964999999999995,0.774,2260.0
mixed_shock,4,naive_trust,1548,2000,452,0,0,0,0,0,0,0,0,7740.0,2000.0,0.0,0.0,0.0,0.0,0.0,294.0,0.0,5740.0,5446.0,2.723,0.774,2260.0
mixed_shock,4,reputation_only,1061,1173,112,102,725,487,0,0,0,664,0,5305.0,1173.0,398.4000000000037,0.0,0.0,0.0,0.0,186.0,398.4000000000037,3733.5999999999963,3547.5999999999963,1.773799999999998,0.5305,4695.0
mixed_shock,4,repair,1220,1312,92,105,583,371,0,43,178,610,0,6100.0,1312.0,366.00000000000244,70.84999999999812,53.39999999999985,55.0,0.0,234.0,545.2500000000005,4242.75,4008.75,2.004375,0.61,3900.0
mixed_shock,4,repair_no_exclusion,1613,1745,132,255,0,0,0,65,197,950,0,8065.0,1745.0,570.0000000000101,99.99999999999646,59.099999999999795,83.0,0.0,306.0,812.1000000000064,5507.899999999993,5201.899999999993,2.6009499999999965,0.8065,1935.0
mixed_shock,4,verify_and_retry,1613,1653,40,347,0,0,0,65,105,2000,0,8065.0,1653.0,1200.0000000000007,0.0,31.500000000000053,83.0,0.0,306.0,1314.5000000000007,5097.499999999999,4791.499999999999,2.3957499999999996,0.8065,1935.0
mixed_shock,4,scope_only,1500,1936,436,0,0,0,64,0,0,0,0,7500.0,1936.0,0.0,0.0,0.0,0.0,199.99999999999292,6.0,199.99999999999292,5364.000000000007,5358.000000000007,2.679000000000004,0.75,2500.0
mixed_shock,4,repair_no_appeal,1152,1238,86,103,659,435,0,39,125,638,0,5760.0,1238.0,382.8000000000031,67.04999999999833,37.5,51.0,0.0,204.0,538.3500000000014,3983.6499999999987,3779.6499999999987,1.8898249999999994,0.576,4240.0
mixed_shock,4,repair_with_scope,1177,1266,89,107,581,376,46,42,174,600,0,5885.0,1266.0,360.0000000000022,68.64999999999824,52.19999999999986,53.0,141.89999999999623,6.0,675.7499999999966,3943.2500000000036,3937.2500000000036,1.9686250000000018,0.5885,4115.0
mixed_shock,5,always_verify,1539,1658,119,342,0,0,0,0,0,2000,0,7695.0,1658.0,1200.0000000000007,0.0,0.0,0.0,0.0,294.0,1200.0000000000007,4836.999999999999,4542.999999999999,2.2714999999999996,0.7695,2305.0
mixed_shock,5,naive_trust,1539,2000,461,0,0,0,0,0,0,0,0,7695.0,2000.0,0.0,0.0,0.0,0.0,0.0,294.0,0.0,5695.0,5401.0,2.7005,0.7695,2305.0
mixed_shock,5,reputation_only,993,1111,118,112,777,546,0,0,0,674,0,4965.0,1111.0,404.4000000000039,0.0,0.0,0.0,0.0,198.0,404.4000000000039,3449.5999999999963,3251.5999999999963,1.6257999999999981,0.4965,5035.0
mixed_shock,5,repair,1196,1291,95,110,599,400,0,57,199,603,0,5980.0,1291.0,361.8000000000023,70.04999999999816,59.69999999999979,69.0,0.0,210.0,560.5500000000002,4128.45,3918.45,1.959225,0.598,4020.0
mixed_shock,5,repair_no_exclusion,1622,1762,140,238,0,0,0,83,223,952,0,8110.0,1762.0,571.2000000000102,99.99999999999646,66.89999999999972,102.0,0.0,306.0,840.1000000000064,5507.899999999993,5201.899999999993,2.6009499999999965,0.811,1890.0
mixed_shock,5,verify_and_retry,1622,1658,36,342,0,0,0,83,119,2000,0,8110.0,1658.0,1200.0000000000007,0.0,35.70000000000002,102.0,0.0,306.0,1337.7000000000007,5114.299999999999,4808.299999999999,2.4041499999999996,0.811,1890.0
mixed_shock,5,scope_only,1494,1942,448,0,0,0,58,0,0,0,0,7470.0,1942.0,0.0,0.0,0.0,0.0,199.99999999999292,24.0,199.99999999999292,5328.000000000007,5304.000000000007,2.6520000000000037,0.747,2530.0
mixed_shock,5,repair_no_appeal,1137,1221,84,108,671,454,0,52,136,620,0,5685.0,1221.0,372.0000000000027,66.44999999999837,40.79999999999997,63.0,0.0,204.0,542.250000000001,3921.749999999999,3717.749999999999,1.8588749999999996,0.5685,4315.0
mixed_shock,5,repair_with_scope,1172,1265,93,108,587,392,40,58,198,592,0,5860.0,1265.0,355.20000000000203,68.64999999999824,59.39999999999979,70.0,141.29999999999626,18.0,694.5499999999963,3900.4500000000035,3882.4500000000035,1.9412250000000018,0.586,4140.0
mixed_shock,6,always_verify,1591,1706,115,294,0,0,0,0,0,2000,0,7955.0,1706.0,1200.0000000000007,0.0,0.0,0.0,0.0,288.0,1200.0000000000007,5048.999999999999,4760.999999999999,2.3804999999999996,0.7955,2045.0
mixed_shock,6,naive_trust,1591,2000,409,0,0,0,0,0,0,0,0,7955.0,2000.0,0.0,0.0,0.0,0.0,0.0,288.0,0.0,5955.0,5667.0,2.8335,0.7955,2045.0
mixed_shock,6,reputation_only,1015,1140,125,95,765,576,0,0,0,669,0,5075.0,1140.0,401.4000000000038,0.0,0.0,0.0,0.0,204.0,401.4000000000038,3533.5999999999963,3329.5999999999963,1.664799999999998,0.5075,4925.0
mixed_shock,6,repair,1245,1350,105,84,566,396,0,50,213,622,0,6225.0,1350.0,373.2000000000027,71.69999999999807,63.89999999999975,68.0,0.0,228.0,576.8000000000005,4298.2,4070.2,2.0351,0.6225,3775.0
mixed_shock,6,repair_no_exclusion,1657,1811,154,189,0,0,0,66,220,921,0,8285.0,1811.0,552.6000000000095,99.99999999999646,65.99999999999973,91.0,0.0,300.0,809.6000000000056,5664.399999999994,5364.399999999994,2.6821999999999973,0.8285,1715.0
mixed_shock,6,verify_and_retry,1657,1706,49,294,0,0,0,66,115,2000,0,8285.0,1706.0,1200.0000000000007,0.0,34.50000000000003,91.0,0.0,300.0,1325.5000000000007,5253.499999999999,4953.499999999999,2.4767499999999996,0.8285,1715.0
mixed_shock,6,scope_only,1545,1943,398,0,0,0,57,0,0,0,0,7725.0,1943.0,0.0,0.0,0.0,0.0,199.99999999999292,12.0,199.99999999999292,5582.000000000007,5570.000000000007,2.7850000000000037,0.7725,2275.0
mixed_shock,6,repair_no_appeal,1155,1245,90,91,664,484,0,48,138,640,0,5775.0,1245.0,384.0000000000031,66.79999999999835,41.39999999999996,64.0,0.0,216.0,556.2000000000014,3973.7999999999984,3757.7999999999984,1.8788999999999991,0.5775,4225.0
mixed_shock,6,repair_with_scope,1212,1314,102,84,559,390,43,47,207,617,0,6060.0,1314.0,370.2000000000026,69.89999999999817,62.09999999999977,65.0,144.0999999999961,0.0,711.2999999999967,4034.7000000000035,4034.7000000000035,2.0173500000000018,0.606,3940.0
mixed_shock,7,always_verify,1488,1609,121,391,0,0,0,0,0,2000,0,7440.0,1609.0,1200.0000000000007,0.0,0.0,0.0,0.0,294.0,1200.0000000000007,4630.999999999999,4336.999999999999,2.1684999999999994,0.744,2560.0
mixed_shock,7,naive_trust,1488,2000,512,0,0,0,0,0,0,0,0,7440.0,2000.0,0.0,0.0,0.0,0.0,0.0,294.0,0.0,5440.0,5146.0,2.573,0.744,2560.0
mixed_shock,7,reputation_only,967,1092,125,115,793,521,0,0,0,665,0,4835.0,1092.0,399.0000000000037,0.0,0.0,0.0,0.0,204.0,399.0000000000037,3343.9999999999964,3139.9999999999964,1.5699999999999983,0.4835,5165.0
mixed_shock,7,repair,1132,1240,108,111,649,403,0,47,197,632,0,5660.0,1240.0,379.20000000000294,67.5499999999983,59.099999999999795,58.0,0.0,228.0,563.850000000001,3856.1499999999987,3628.1499999999987,1.8140749999999994,0.566,4340.0
mixed_shock,7,repair_no_exclusion,1569,1724,155,276,0,0,0,81,236,1030,0,7845.0,1724.0,618.0000000000119,99.99999999999646,70.79999999999968,99.0,0.0,312.0,887.8000000000081,5233.199999999992,4921.199999999992,2.460599999999996,0.7845,2155.0
mixed_shock,7,verify_and_retry,1569,1609,40,391,0,0,0,81,121,2000,0,7845.0,1609.0,1200.0000000000007,0.0,36.30000000000001,99.0,0.0,312.0,1335.3000000000006,4900.699999999999,4588.699999999999,2.2943499999999997,0.7845,2155.0
mixed_shock,7,scope_only,1442,1941,499,0,0,0,59,0,0,0,0,7210.0,1941.0,0.0,0.0,0.0,0.0,199.99999999999292,18.0,199.99999999999292,5069.000000000007,5051.000000000007,2.5255000000000036,0.721,2790.0
mixed_shock,7,repair_no_appeal,1084,1188,104,107,705,448,0,44,148,645,0,5420.0,1188.0,387.00000000000324,64.74999999999847,44.399999999999935,55.0,0.0,216.0,551.1500000000017,3680.8499999999985,3464.8499999999985,1.7324249999999992,0.542,4580.0
mixed_shock,7,repair_with_scope,1097,1204,107,111,646,403,39,47,196,619,0,5485.0,1204.0,371.40000000000265,65.74999999999841,58.7999999999998,58.0,135.3999999999966,12.0,689.3499999999974,3591.6500000000024,3579.6500000000024,1.789825000000001,0.5485,4515.0
mixed_shock,8,always_verify,1538,1653,115,347,0,0,0,0,0,2000,0,7690.0,1653.0,1200.0000000000007,0.0,0.0,0.0,0.0,294.0,1200.0000000000007,4836.999999999999,4542.999999999999,2.2714999999999996,0.769,2310.0
mixed_shock,8,naive_trust,1538,2000,462,0,0,0,0,0,0,0,0,7690.0,2000.0,0.0,0.0,0.0,0.0,0.0,294.0,0.0,5690.0,5396.0,2.698,0.769,2310.0
mixed_shock,8,reputation_only,975,1112,137,106,782,563,0,0,0,674,0,4875.0,1112.0,404.4000000000039,0.0,0.0,0.0,0.0,198.0,404.4000000000039,3358.5999999999963,3160.5999999999963,1.580299999999998,0.4875,5125.0
mixed_shock,8,repair,1176,1274,98,110,616,426,0,64,190,607,0,5880.0,1274.0,364.2000000000024,69.19999999999821,56.999999999999815,78.0,0.0,228.0,568.4000000000004,4037.5999999999995,3809.5999999999995,1.9047999999999998,0.588,4120.0
mixed_shock,8,repair_no_exclusion,1619,1761,142,239,0,0,0,81,223,972,0,8095.0,1761.0,583.2000000000106,99.99999999999646,66.89999999999972,99.0,0.0,312.0,849.1000000000068,5484.899999999993,5172.899999999993,2.5864499999999966,0.8095,1905.0
mixed_shock,8,verify_and_retry,1619,1653,34,347,0,0,0,81,115,2000,0,8095.0,1653.0,1200.0000000000007,0.0,34.50000000000003,99.0,0.0,312.0,1333.5000000000007,5108.499999999999,4796.499999999999,2.3982499999999995,0.8095,1905.0
mixed_shock,8,scope_only,1489,1936,447,0,0,0,64,0,0,0,0,7445.0,1936.0,0.0,0.0,0.0,0.0,199.99999999999292,0.0,199.99999999999292,5309.000000000007,5309.000000000007,2.6545000000000036,0.7445,2555.0
mixed_shock,8,repair_no_appeal,1130,1226,96,107,667,470,0,62,158,623,0,5650.0,1226.0,373.80000000000274,66.64999999999836,47.399999999999906,76.0,0.0,234.0,563.850000000001,3860.1499999999987,3626.1499999999987,1.8130749999999993,0.565,4350.0
mixed_shock,8,repair_with_scope,1144,1239,95,109,606,419,46,62,185,592,0,5720.0,1239.0,355.20000000000203,67.39999999999831,55.49999999999983,74.0,139.39999999999637,0.0,691.4999999999966,3789.5000000000036,3789.5000000000036,1.8947500000000017,0.572,4280.0
mixed_shock,9,always_verify,1548,1662,114,338,0,0,0,0,0,2000,0,7740.0,1662.0,1200.0000000000007,0.0,0.0,0.0,0.0,348.0,1200.0000000000007,4877.999999999999,4529.999999999999,2.2649999999999997,0.774,2260.0
mixed_shock,9,naive_trust,1548,2000,452,0,0,0,0,0,0,0,0,7740.0,2000.0,0.0,0.0,0.0,0.0,0.0,348.0,0.0,5740.0,5392.0,2.696,0.774,2260.0
mixed_shock,9,reputation_only,1000,1131,131,95,774,548,0,0,0,662,0,5000.0,1131.0,397.2000000000036,0.0,0.0,0.0,0.0,228.0,397.2000000000036,3471.7999999999965,3243.7999999999965,1.6218999999999983,0.5,5000.0
mixed_shock,9,repair,1191,1306,115,89,605,404,0,47,207,619,0,5955.0,1306.0,371.40000000000265,69.74999999999818,62.09999999999977,59.0,0.0,288.0,562.2500000000006,4086.7499999999995,3798.7499999999995,1.8993749999999998,0.5955,4045.0
mixed_shock,9,repair_no_exclusion,1619,1775,156,225,0,0,0,71,227,930,0,8095.0,1775.0,558.0000000000097,99.99999999999646,68.09999999999971,88.0,0.0,372.0,814.1000000000058,5505.899999999994,5133.899999999994,2.566949999999997,0.8095,1905.0
mixed_shock,9,verify_and_retry,1619,1662,43,338,0,0,0,71,114,2000,0,8095.0,1662.0,1200.0000000000007,0.0,34.20000000000003,88.0,0.0,372.0,1322.2000000000007,5110.799999999999,4738.799999999999,2.3693999999999997,0.8095,1905.0
mixed_shock,9,scope_only,1494,1934,440,0,0,0,66,0,0,0,0,7470.0,1934.0,0.0,0.0,0.0,0.0,199.99999999999292,24.0,199.99999999999292,5336.000000000007,5312.000000000007,2.6560000000000037,0.747,2530.0
mixed_shock,9,repair_no_appeal,1112,1214,102,94,692,482,0,46,148,639,0,5560.0,1214.0,383.4000000000031,65.39999999999843,44.399999999999935,57.0,0.0,270.0,550.2000000000014,3795.7999999999984,3525.7999999999984,1.7628999999999992,0.556,4440.0
mixed_shock,9,repair_with_scope,1146,1258,112,91,602,404,49,45,202,617,0,5730.0,1258.0,370.2000000000026,67.44999999999831,60.59999999999978,57.0,139.79999999999634,18.0,695.049999999997,3776.950000000003,3758.950000000003,1.8794750000000016,0.573,4270.0
mixed_shock,10,always_verify,1596,1710,114,290,0,0,0,0,0,2000,0,7980.0,1710.0,1200.0000000000007,0.0,0.0,0.0,0.0,228.0,1200.0000000000007,5069.999999999999,4841.999999999999,2.4209999999999994,0.798,2020.0
mixed_shock,10,naive_trust,1596,2000,404,0,0,0,0,0,0,0,0,7980.0,2000.0,0.0,0.0,0.0,0.0,0.0,228.0,0.0,5980.0,5752.0,2.876,0.798,2020.0
mixed_shock,10,reputation_only,1102,1215,113,93,692,494,0,0,0,635,0,5510.0,1215.0,381.000000000003,0.0,0.0,0.0,0.0,132.0,381.000000000003,3913.999999999997,3781.999999999997,1.8909999999999985,0.551,4490.0
mixed_shock,10,repair,1276,1367,91,93,540,371,0,51,185,587,0,6380.0,1367.0,352.2000000000019,72.999999999998,55.49999999999983,68.0,0.0,192.0,548.6999999999997,4464.3,4272.3,2.13615,0.638,3620.0
mixed_shock,10,repair_no_exclusion,1667,1796,129,204,0,0,0,71,200,892,0,8335.0,1796.0,535.2000000000088,99.99999999999646,59.99999999999979,91.0,0.0,240.0,786.200000000005,5752.799999999995,5512.799999999995,2.7563999999999975,0.8335,1665.0
mixed_shock,10,verify_and_retry,1667,1710,43,290,0,0,0,71,114,2000,0,8335.0,1710.0,1200.0000000000007,0.0,34.20000000000003,91.0,0.0,240.0,1325.2000000000007,5299.799999999999,5059.799999999999,2.5298999999999996,0.8335,1665.0
mixed_shock,10,scope_only,1560,1951,391,0,0,0,49,0,0,0,0,7800.0,1951.0,0.0,0.0,0.0,0.0,199.99999999999292,12.0,199.99999999999292,5649.000000000007,5637.000000000007,2.818500000000004,0.78,2200.0
mixed_shock,10,repair_no_appeal,1212,1296,84,91,613,433,0,49,133,608,0,6060.0,1296.0,364.8000000000024,69.3499999999982,39.89999999999998,64.0,0.0,174.0,538.0500000000006,4225.949999999999,4051.949999999999,2.0259749999999994,0.606,3940.0
mixed_shock,10,repair_with_scope,1250,1339,89,92,531,366,38,49,181,574,0,6250.0,1339.0,344.4000000000016,71.54999999999808,54.29999999999984,65.0,146.89999999999594,12.0,682.1499999999955,4228.850000000004,4216.850000000004,2.108425000000002,0.625,3750.0
mixed_shock,11,always_verify,1562,1683,121,317,0,0,0,0,0,2000,0,7810.0,1683.0,1200.0000000000007,0.0,0.0,0.0,0.0,306.0,1200.0000000000007,4926.999999999999,4620.999999999999,2.3104999999999993,0.781,2190.0
mixed_shock,11,naive_trust,1562,2000,438,0,0,0,0,0,0,0,0,7810.0,2000.0,0.0,0.0,0.0,0.0,0.0,306.0,0.0,5810.0,5504.0,2.752,0.781,2190.0
mixed_shock,11,reputation_only,1015,1144,129,95,761,547,0,0,0,668,0,5075.0,1144.0,400.80000000000376,0.0,0.0,0.0,0.0,210.0,400.80000000000376,3530.199999999996,3320.199999999996,1.6600999999999981,0.5075,4925.0
mixed_shock,11,repair,1230,1335,105,90,575,381,0,49,196,597,0,6150.0,1335.0,358.20000000000215,71.2499999999981,58.7999999999998,65.0,0.0,258.0,553.25,4261.75,4003.75,2.001875,0.615,3850.0
mixed_shock,11,repair_no_exclusion,1630,1779,149,221,0,0,0,68,217,929,0,8150.0,1779.0,557.4000000000096,99.99999999999646,65.09999999999974,91.0,0.0,330.0,813.5000000000058,5557.4999999999945,5227.4999999999945,2.6137499999999974,0.815,1850.0
mixed_shock,11,verify_and_retry,1630,1683,53,317,0,0,0,68,121,2000,0,8150.0,1683.0,1200.0000000000007,0.0,36.30000000000001,91.0,0.0,330.0,1327.3000000000006,5139.699999999999,4809.699999999999,2.4048499999999993,0.815,1850.0
mixed_shock,11,scope_only,1512,1932,420,0,0,0,68,0,0,0,0,7560.0,1932.0,0.0,0.0,0.0,0.0,199.99999999999292,6.0,199.99999999999292,5428.000000000007,5422.000000000007,2.711000000000004,0.756,2440.0
mixed_shock,11,repair_no_appeal,1143,1237,94,96,667,467,0,48,142,620,0,5715.0,1237.0,372.0000000000027,66.64999999999836,42.59999999999995,64.0,0.0,246.0,545.250000000001,3932.749999999999,3686.749999999999,1.8433749999999995,0.5715,4285.0
mixed_shock,11,repair_with_scope,1192,1292,100,91,566,377,51,46,188,583,0,5960.0,1292.0,349.80000000000183,69.14999999999822,56.39999999999982,59.0,143.39999999999614,6.0,677.749999999996,3990.250000000004,3984.250000000004,1.9921250000000021,0.596,4040.0
mixed_shock,12,always_verify,1501,1612,111,388,0,0,0,0,0,2000,0,7505.0,1612.0,1200.0000000000007,0.0,0.0,0.0,0.0,258.0,1200.0000000000007,4692.999999999999,4434.999999999999,2.2174999999999994,0.7505,2495.0
mixed_shock,12,naive_trust,1501,2000,499,0,0,0,0,0,0,0,0,7505.0,2000.0,0.0,0.0,0.0,0.0,0.0,258.0,0.0,5505.0,5247.0,2.6235,0.7505,2495.0
mixed_shock,12,reputation_only,936,1054,118,129,817,565,0,0,0,647,0,4680.0,1054.0,388.2000000000033,0.0,0.0,0.0,0.0,192.0,388.2000000000033,3237.7999999999965,3045.7999999999965,1.5228999999999984,0.468,5320.0
mixed_shock,12,repair,1143,1237,94,123,640,411,0,53,192,580,0,5715.0,1237.0,348.00000000000176,67.99999999999828,57.59999999999981,65.0,0.0,216.0,538.5999999999999,3939.4,3723.4,1.8617000000000001,0.5715,4285.0
mixed_shock,12,repair_no_exclusion,1575,1723,148,277,0,0,0,74,222,987,0,7875.0,1723.0,592.200000000011,99.99999999999646,66.59999999999972,87.0,0.0,264.0,845.8000000000071,5306.1999999999925,5042.1999999999925,2.521099999999996,0.7875,2125.0
mixed_shock,12,verify_and_retry,1575,1612,37,388,0,0,0,74,111,2000,0,7875.0,1612.0,1200.0000000000007,0.0,33.30000000000004,87.0,0.0,264.0,1320.3000000000006,4942.699999999999,4678.699999999999,2.3393499999999996,0.7875,2125.0
mixed_shock,12,scope_only,1458,1941,483,0,0,0,59,0,0,0,0,7290.0,1941.0,0.0,0.0,0.0,0.0,199.99999999999292,0.0,199.99999999999292,5149.000000000007,5149.000000000007,2.5745000000000036,0.729,2710.0
mixed_shock,12,repair_no_appeal,1072,1156,84,127,717,480,0,51,135,592,0,5360.0,1156.0,355.20000000000203,64.1499999999985,40.49999999999997,62.0,0.0,216.0,521.8500000000005,3682.1499999999996,3466.1499999999996,1.733075,0.536,4640.0
mixed_shock,12,repair_with_scope,1118,1212,94,118,625,400,45,53,192,569,0,5590.0,1212.0,341.4000000000015,66.49999999999837,57.59999999999981,65.0,137.49999999999648,0.0,667.9999999999961,3710.0000000000036,3710.0000000000036,1.8550000000000018,0.559,4410.0
mixed_shock,13,always_verify,1580,1710,130,290,0,0,0,0,0,2000,0,7900.0,1710.0,1200.0000000000007,0.0,0.0,0.0,0.0,318.0,1200.0000000000007,4989.999999999999,4671.999999999999,2.3359999999999994,0.79,2100.0
mixed_shock,13,naive_trust,1580,2000,420,0,0,0,0,0,0,0,0,7900.0,2000.0,0.0,0.0,0.0,0.0,0.0,318.0,0.0,5900.0,5582.0,2.791,0.79,2100.0
mixed_shock,13,reputation_only,1018,1161,143,82,757,562,0,0,0,684,0,5090.0,1161.0,410.4000000000041,0.0,0.0,0.0,0.0,198.0,410.4000000000041,3518.599999999996,3320.599999999996,1.6602999999999979,0.509,4910.0
mixed_shock,13,repair,1244,1352,108,81,567,401,0,65,215,614,0,6220.0,1352.0,368.40000000000254,71.64999999999807,64.49999999999974,76.0,0.0,282.0,580.5500000000004,4287.45,4005.45,2.002725,0.622,3780.0
mixed_shock,13,repair_no_exclusion,1672,1819,147,181,0,0,0,92,239,892,0,8360.0,1819.0,535.2000000000088,99.99999999999646,71.69999999999968,104.0,0.0,330.0,810.900000000005,5730.099999999995,5400.099999999995,2.7000499999999974,0.836,1640.0
mixed_shock,13,verify_and_retry,1672,1710,38,290,0,0,0,92,130,2000,0,8360.0,1710.0,1200.0000000000007,0.0,38.999999999999986,104.0,0.0,330.0,1343.0000000000007,5306.999999999999,4976.999999999999,2.4884999999999997,0.836,1640.0
mixed_shock,13,scope_only,1529,1935,406,0,0,0,65,0,0,0,0,7645.0,1935.0,0.0,0.0,0.0,0.0,199.99999999999292,12.0,199.99999999999292,5510.000000000007,5498.000000000007,2.7490000000000037,0.7645,2355.0
mixed_shock,13,repair_no_appeal,1187,1288,101,79,633,455,0,62,163,630,0,5935.0,1288.0,378.0000000000029,68.34999999999826,48.89999999999989,73.0,0.0,270.0,568.250000000001,4078.749999999999,3808.749999999999,1.9043749999999995,0.5935,4065.0
mixed_shock,13,repair_with_scope,1214,1322,108,75,549,386,54,64,214,604,0,6070.0,1322.0,362.4000000000023,69.84999999999818,64.19999999999975,74.0,145.09999999999604,6.0,715.5499999999963,4032.4500000000035,4026.4500000000035,2.0132250000000016,0.607,3930.0
mixed_shock,14,always_verify,1588,1687,99,313,0,0,0,0,0,2000,0,7940.0,1687.0,1200.0000000000007,0.0,0.0,0.0,0.0,318.0,1200.0000000000007,5052.999999999999,4734.999999999999,2.3674999999999997,0.794,2060.0
mixed_shock,14,naive_trust,1588,2000,412,0,0,0,0,0,0,0,0,7940.0,2000.0,0.0,0.0,0.0,0.0,0.0,318.0,0.0,5940.0,5622.0,2.811,0.794,2060.0
mixed_shock,14,reputation_only,1126,1239,113,92,669,462,0,0,0,639,0,5630.0,1239.0,383.4000000000031,0.0,0.0,0.0,0.0,258.0,383.4000000000031,4007.5999999999967,3749.5999999999967,1.8747999999999985,0.563,4370.0
mixed_shock,14,repair,1241,1335,94,99,566,388,0,41,166,610,0,6205.0,1335.0,366.00000000000244,71.69999999999807,49.79999999999988,55.0,0.0,288.0,542.5000000000005,4327.5,4039.5,2.01975,0.6205,3795.0
mixed_shock,14,repair_no_exclusion,1653,1792,139,208,0,0,0,65,204,935,0,8265.0,1792.0,561.0000000000098,99.99999999999646,61.199999999999775,86.0,0.0,336.0,808.200000000006,5664.799999999994,5328.799999999994,2.664399999999997,0.8265,1735.0
mixed_shock,14,verify_and_retry,1653,1687,34,313,0,0,0,65,99,2000,0,8265.0,1687.0,1200.0000000000007,0.0,29.70000000000005,86.0,0.0,336.0,1315.7000000000007,5262.299999999999,4926.299999999999,2.4631499999999997,0.8265,1735.0
mixed_shock,14,scope_only,1540,1944,404,0,0,0,56,0,0,0,0,7700.0,1944.0,0.0,0.0,0.0,0.0,199.99999999999292,30.0,199.99999999999292,5556.000000000007,5526.000000000007,2.7630000000000035,0.77,2300.0
mixed_shock,14,repair_no_appeal,1219,1305,86,95,600,409,0,40,126,613,0,6095.0,1305.0,367.8000000000025,69.99999999999817,37.8,53.0,0.0,288.0,528.6000000000007,4261.4,3973.3999999999996,1.9867,0.6095,3905.0
mixed_shock,14,repair_with_scope,1203,1297,94,97,560,382,46,38,163,596,0,6015.0,1297.0,357.6000000000021,69.69999999999818,48.89999999999989,52.0,143.9999999999961,24.0,672.1999999999963,4045.800000000004,4021.800000000004,2.010900000000002,0.6015,3985.0
mixed_shock,15,always_verify,1638,1740,102,260,0,0,0,0,0,2000,0,8190.0,1740.0,1200.0000000000007,0.0,0.0,0.0,0.0,318.0,1200.0000000000007,5249.999999999999,4931.999999999999,2.4659999999999997,0.819,1810.0
mixed_shock,15,naive_trust,1638,2000,362,0,0,0,0,0,0,0,0,8190.0,2000.0,0.0,0.0,0.0,0.0,0.0,318.0,0.0,6190.0,5872.0,2.936,0.819,1810.0
mixed_shock,15,reputation_only,1137,1247,110,79,674,501,0,0,0,657,0,5685.0,1247.0,394.2000000000035,0.0,0.0,0.0,0.0,228.0,394.2000000000035,4043.7999999999965,3815.7999999999965,1.9078999999999984,0.5685,4315.0
mixed_shock,15,repair,1339,1433,94,70,497,351,0,52,196,587,0,6695.0,1433.0,352.2000000000019,75.14999999999787,58.7999999999998,67.0,0.0,264.0,553.1499999999996,4708.85,4444.85,2.2224250000000003,0.6695,3305.0
mixed_shock,15,repair_no_exclusion,1706,1837,131,163,0,0,0,68,199,847,0,8530.0,1837.0,508.20000000000783,99.99999999999646,59.69999999999979,85.0,0.0,330.0,752.9000000000041,5940.099999999996,5610.099999999996,2.805049999999998,0.853,1470.0
mixed_shock,15,verify_and_retry,1706,1740,34,260,0,0,0,68,102,2000,0,8530.0,1740.0,1200.0000000000007,0.0,30.60000000000005,85.0,0.0,330.0,1315.6000000000008,5474.4,5144.4,2.5721999999999996,0.853,1470.0
mixed_shock,15,scope_only,1587,1939,352,0,0,0,61,0,0,0,0,7935.0,1939.0,0.0,0.0,0.0,0.0,199.99999999999292,12.0,199.99999999999292,5796.000000000007,5784.000000000007,2.8920000000000035,0.7935,2065.0
mixed_shock,15,repair_no_appeal,1274,1357,83,69,574,411,0,47,130,620,0,6370.0,1357.0,372.0000000000027,71.2999999999981,38.999999999999986,56.0,0.0,252.0,538.3000000000008,4474.699999999999,4222.699999999999,2.1113499999999994,0.637,3630.0
mixed_shock,15,repair_with_scope,1305,1396,91,70,488,343,46,50,191,577,0,6525.0,1396.0,346.2000000000017,73.29999999999798,57.29999999999981,64.0,151.1999999999957,12.0,691.9999999999952,4437.000000000005,4425.000000000005,2.212500000000002,0.6525,3475.0
mixed_shock,16,always_verify,1638,1763,125,237,0,0,0,0,0,2000,0,8190.0,1763.0,1200.0000000000007,0.0,0.0,0.0,0.0,312.0,1200.0000000000007,5226.999999999999,4914.999999999999,2.4574999999999996,0.819,1810.0
mixed_shock,16,naive_trust,1638,2000,362,0,0,0,0,0,0,0,0,8190.0,2000.0,0.0,0.0,0.0,0.0,0.0,312.0,0.0,6190.0,5878.0,2.939,0.819,1810.0
mixed_shock,16,reputation_only,1144,1269,125,78,653,494,0,0,0,643,0,5720.0,1269.0,385.8000000000032,0.0,0.0,0.0,0.0,210.0,385.8000000000032,4065.1999999999966,3855.1999999999966,1.9275999999999984,0.572,4280.0
mixed_shock,16,repair,1355,1441,86,77,482,349,0,66,176,590,0,6775.0,1441.0,354.000000000002,75.89999999999783,52.799999999999855,82.0,0.0,270.0,564.6999999999997,4769.3,4499.3,2.24965,0.6775,3225.0
mixed_shock,16,repair_no_exclusion,1729,1854,125,146,0,0,0,91,216,837,0,8645.0,1854.0,502.2000000000076,99.99999999999646,64.79999999999974,111.0,0.0,336.0,778.0000000000039,6012.999999999996,5676.999999999996,2.838499999999998,0.8645,1355.0
mixed_shock,16,verify_and_retry,1729,1763,34,237,0,0,0,91,125,2000,0,8645.0,1763.0,1200.0000000000007,0.0,37.5,111.0,0.0,336.0,1348.5000000000007,5533.499999999999,5197.499999999999,2.5987499999999994,0.8645,1355.0
mixed_shock,16,scope_only,1590,1940,350,0,0,0,60,0,0,0,0,7950.0,1940.0,0.0,0.0,0.0,0.0,199.99999999999292,24.0,199.99999999999292,5810.000000000007,5786.000000000007,2.893000000000004,0.795,2050.0
mixed_shock,16,repair_no_appeal,1311,1391,80,80,529,392,0,65,145,599,0,6555.0,1391.0,359.4000000000022,73.54999999999797,43.49999999999994,81.0,0.0,252.0,557.45,4606.55,4354.55,2.1772750000000003,0.6555,3445.0
mixed_shock,16,repair_with_scope,1319,1403,84,77,476,344,44,63,171,579,0,6595.0,1403.0,347.40000000000174,73.99999999999794,51.29999999999987,77.0,152.39999999999563,24.0,702.0999999999951,4489.900000000005,4465.900000000005,2.2329500000000024,0.6595,3405.0
mixed_shock,17,always_verify,1602,1722,120,278,0,0,0,0,0,2000,0,8010.0,1722.0,1200.0000000000007,0.0,0.0,0.0,0.0,258.0,1200.0000000000007,5087.999999999999,4829.999999999999,2.4149999999999996,0.801,1990.0
mixed_shock,17,naive_trust,1602,2000,398,0,0,0,0,0,0,0,0,8010.0,2000.0,0.0,0.0,0.0,0.0,0.0,258.0,0.0,6010.0,5752.0,2.876,0.801,1990.0
mixed_shock,17,reputation_only,1074,1196,122,92,712,528,0,0,0,653,0,5370.0,1196.0,391.8000000000034,0.0,0.0,0.0,0.0,198.0,391.8000000000034,3782.1999999999966,3584.1999999999966,1.7920999999999982,0.537,4630.0
mixed_shock,17,repair,1282,1371,89,91,538,380,0,60,185,578,0,6410.0,1371.0,346.8000000000017,73.09999999999799,55.49999999999983,71.0,0.0,210.0,546.3999999999995,4492.6,4282.6,2.1413,0.641,3590.0
mixed_shock,17,repair_no_exclusion,1685,1826,141,174,0,0,0,83,224,877,0,8425.0,1826.0,526.2000000000085,99.99999999999646,67.19999999999972,99.0,0.0,270.0,792.4000000000046,5806.599999999995,5536.599999999995,2.7682999999999973,0.8425,1575.0
mixed_shock,17,verify_and_retry,1685,1722,37,278,0,0,0,83,120,2000,0,8425.0,1722.0,1200.0000000000007,0.0,36.000000000000014,99.0,0.0,270.0,1335.0000000000007,5367.999999999999,5097.999999999999,2.5489999999999995,0.8425,1575.0
mixed_shock,17,scope_only,1560,1947,387,0,0,0,53,0,0,0,0,7800.0,1947.0,0.0,0.0,0.0,0.0,199.99999999999292,6.0,199.99999999999292,5653.000000000007,5647.000000000007,2.8235000000000037,0.78,2200.0
mixed_shock,17,repair_no_appeal,1216,1299,83,92,609,442,0,56,139,605,0,6080.0,1299.0,363.00000000000233,69.54999999999819,41.69999999999996,67.0,0.0,216.0,541.2500000000005,4239.75,4023.75,2.011875,0.608,3920.0
mixed_shock,17,repair_with_scope,1256,1345,89,88,529,370,38,57,182,570,0,6280.0,1345.0,342.00000000000153,71.64999999999807,54.59999999999984,68.0,147.09999999999593,0.0,683.3499999999954,4251.650000000005,4251.650000000005,2.1258250000000025,0.628,3720.0
mixed_shock,18,always_verify,1619,1749,130,251,0,0,0,0,0,2000,0,8095.0,1749.0,1200.0000000000007,0.0,0.0,0.0,0.0,252.0,1200.0000000000007,5145.999999999999,4893.999999999999,2.4469999999999996,0.8095,1905.0
mixed_shock,18,naive_trust,1619,2000,381,0,0,0,0,0,0,0,0,8095.0,2000.0,0.0,0.0,0.0,0.0,0.0,252.0,0.0,6095.0,5843.0,2.9215,0.8095,1905.0
mixed_shock,18,reputation_only,1087,1231,144,75,694,532,0,0,0,656,0,5435.0,1231.0,393.6000000000035,0.0,0.0,0.0,0.0,174.0,393.6000000000035,3810.3999999999965,3636.3999999999965,1.8181999999999983,0.5435,4565.0
mixed_shock,18,repair,1337,1440,103,66,494,359,0,77,202,567,0,6685.0,1440.0,340.20000000000147,75.29999999999787,60.59999999999978,94.0,0.0,234.0,570.0999999999991,4674.900000000001,4440.900000000001,2.2204500000000005,0.6685,3315.0
mixed_shock,18,repair_no_exclusion,1713,1847,134,153,0,0,0,94,228,817,0,8565.0,1847.0,490.20000000000715,99.99999999999646,68.39999999999971,114.0,0.0,282.0,772.6000000000033,5945.399999999997,5663.399999999997,2.8316999999999983,0.8565,1435.0
mixed_shock,18,verify_and_retry,1713,1749,36,251,0,0,0,94,130,2000,0,8565.0,1749.0,1200.0000000000007,0.0,38.999999999999986,114.0,0.0,282.0,1353.0000000000007,5462.999999999999,5180.999999999999,2.5904999999999996,0.8565,1435.0
mixed_shock,18,scope_only,1577,1940,363,0,0,0,60,0,0,0,0,7885.0,1940.0,0.0,0.0,0.0,0.0,199.99999999999292,0.0,199.99999999999292,5745.000000000007,5745.000000000007,2.8725000000000036,0.7885,2115.0
mixed_shock,18,repair_no_appeal,1294,1393,99,67,540,399,0,74,173,577,0,6470.0,1393.0,346.2000000000017,72.999999999998,51.899999999999864,91.0,0.0,234.0,562.0999999999996,4514.900000000001,4280.900000000001,2.1404500000000004,0.647,3530.0
mixed_shock,18,repair_with_scope,1306,1409,103,62,482,352,47,73,198,553,0,6530.0,1409.0,331.80000000000115,73.54999999999797,59.39999999999979,89.0,151.79999999999566,0.0,705.5499999999946,4415.450000000005,4415.450000000005,2.2077250000000026,0.653,3470.0
mixed_shock,19,always_verify,1609,1721,112,279,0,0,0,0,0,2000,0,8045.0,1721.0,1200.0000000000007,0.0,0.0,0.0,0.0,252.0,1200.0000000000007,5123.999999999999,4871.999999999999,2.4359999999999995,0.8045,1955.0
mixed_shock,19,naive_trust,1609,2000,391,0,0,0,0,0,0,0,0,8045.0,2000.0,0.0,0.0,0.0,0.0,0.0,252.0,0.0,6045.0,5793.0,2.8965,0.8045,1955.0
mixed_shock,19,reputation_only,1109,1226,117,92,682,500,0,0,0,639,0,5545.0,1226.0,383.4000000000031,0.0,0.0,0.0,0.0,204.0,383.4000000000031,3935.5999999999967,3731.5999999999967,1.8657999999999983,0.5545,4455.0
mixed_shock,19,repair,1323,1406,83,87,507,354,0,68,185,560,0,6615.0,1406.0,336.0000000000013,74.6499999999979,55.49999999999983,79.0,0.0,234.0,545.1499999999991,4663.850000000001,4429.850000000001,2.2149250000000005,0.6615,3385.0
mixed_shock,19,repair_no_exclusion,1692,1819,127,181,0,0,0,83,210,857,0,8460.0,1819.0,514.200000000008,99.99999999999646,62.99999999999976,98.0,0.0,282.0,775.2000000000043,5865.799999999996,5583.799999999996,2.791899999999998,0.846,1540.0
mixed_shock,19,verify_and_retry,1692,1721,29,279,0,0,0,83,112,2000,0,8460.0,1721.0,1200.0000000000007,0.0,33.60000000000004,98.0,0.0,282.0,1331.6000000000008,5407.4,5125.4,2.5627,0.846,1540.0
mixed_shock,19,scope_only,1570,1943,373,0,0,0,57,0,0,0,0,7850.0,1943.0,0.0,0.0,0.0,0.0,199.99999999999292,18.0,199.99999999999292,5707.000000000007,5689.000000000007,2.8445000000000036,0.785,2150.0
mixed_shock,19,repair_no_appeal,1269,1345,76,88,567,403,0,63,139,592,0,6345.0,1345.0,355.20000000000203,71.64999999999807,41.69999999999996,71.0,0.0,240.0,539.5500000000001,4460.45,4220.45,2.110225,0.6345,3655.0
mixed_shock,19,repair_with_scope,1296,1377,81,85,494,347,44,67,182,548,0,6480.0,1377.0,328.80000000000103,73.09999999999799,54.59999999999984,76.0,150.59999999999573,18.0,683.0999999999946,4419.900000000005,4401.900000000005,2.2009500000000024,0.648,3520.0
mixed_shock,20,always_verify,1575,1680,105,320,0,0,0,0,0,2000,0,7875.0,1680.0,1200.0000000000007,0.0,0.0,0.0,0.0,330.0,1200.0000000000007,4994.999999999999,4664.999999999999,2.3324999999999996,0.7875,2125.0
mixed_shock,20,naive_trust,1575,2000,425,0,0,0,0,0,0,0,0,7875.0,2000.0,0.0,0.0,0.0,0.0,0.0,330.0,0.0,5875.0,5545.0,2.7725,0.7875,2125.0
mixed_shock,20,reputation_only,1008,1124,116,110,766,567,0,0,0,677,0,5040.0,1124.0,406.20000000000397,0.0,0.0,0.0,0.0,204.0,406.20000000000397,3509.799999999996,3305.799999999996,1.652899999999998,0.504,4960.0
mixed_shock,20,repair,1228,1322,94,102,576,404,0,57,198,609,0,6140.0,1322.0,365.4000000000024,71.1999999999981,59.39999999999979,67.0,0.0,228.0,563.0000000000003,4255.0,4027.0,2.0135,0.614,3860.0
mixed_shock,20,repair_no_exclusion,1654,1796,142,204,0,0,0,79,221,948,0,8270.0,1796.0,568.8000000000101,99.99999999999646,66.29999999999973,92.0,0.0,342.0,827.1000000000063,5646.899999999994,5304.899999999994,2.6524499999999973,0.827,1730.0
mixed_shock,20,verify_and_retry,1654,1680,26,320,0,0,0,79,105,2000,0,8270.0,1680.0,1200.0000000000007,0.0,31.500000000000053,92.0,0.0,342.0,1323.5000000000007,5266.499999999999,4924.499999999999,2.4622499999999996,0.827,1730.0
mixed_shock,20,scope_only,1523,1932,409,0,0,0,68,0,0,0,0,7615.0,1932.0,0.0,0.0,0.0,0.0,199.99999999999292,18.0,199.99999999999292,5483.000000000007,5465.000000000007,2.7325000000000035,0.7615,2385.0
mixed_shock,20,repair_no_appeal,1159,1239,80,107,654,470,0,54,134,633,0,5795.0,1239.0,379.80000000000297,67.29999999999832,40.199999999999974,62.0,0.0,216.0,549.3000000000013,4006.699999999999,3790.699999999999,1.8953499999999994,0.5795,4205.0
mixed_shock,20,repair_with_scope,1203,1297,94,97,561,392,45,56,197,599,0,6015.0,1297.0,359.4000000000022,69.69999999999818,59.099999999999795,67.0,143.8999999999961,12.0,699.0999999999963,4018.9000000000037,4006.9000000000037,2.0034500000000017,0.6015,3985.0
mixed_shock,21,always_verify,1534,1666,132,334,0,0,0,0,0,2000,0,7670.0,1666.0,1200.0000000000007,0.0,0.0,0.0,0.0,240.0,1200.0000000000007,4803.999999999999,4563.999999999999,2.2819999999999996,0.767,2330.0
mixed_shock,21,naive_trust,1534,2000,466,0,0,0,0,0,0,0,0,7670.0,2000.0,0.0,0.0,0.0,0.0,0.0,240.0,0.0,5670.0,5430.0,2.715,0.767,2330.0
mixed_shock,21,reputation_only,1023,1155,132,98,747,511,0,0,0,669,0,5115.0,1155.0,401.4000000000038,0.0,0.0,0.0,0.0,192.0,401.4000000000038,3558.5999999999963,3366.5999999999963,1.6832999999999982,0.5115,4885.0
mixed_shock,21,repair,1267,1361,94,93,546,342,0,75,202,585,0,6335.0,1361.0,351.0000000000019,72.69999999999801,60.59999999999978,87.0,0.0,234.0,571.2999999999997,4402.700000000001,4168.700000000001,2.08435,0.6335,3665.0
mixed_shock,21,repair_no_exclusion,1628,1769,141,231,0,0,0,94,235,927,0,8140.0,1769.0,556.2000000000096,99.99999999999646,70.49999999999969,113.0,0.0,264.0,839.7000000000057,5531.299999999994,5267.299999999994,2.6336499999999967,0.814,1860.0
mixed_shock,21,verify_and_retry,1628,1666,38,334,0,0,0,94,132,2000,0,8140.0,1666.0,1200.0000000000007,0.0,39.59999999999998,113.0,0.0,264.0,1352.6000000000006,5121.4,4857.4,2.4286999999999996,0.814,1860.0
mixed_shock,21,scope_only,1499,1947,448,0,0,0,53,0,0,0,0,7495.0,1947.0,0.0,0.0,0.0,0.0,199.99999999999292,30.0,199.99999999999292,5348.000000000007,5318.000000000007,2.659000000000004,0.7495,2505.0
mixed_shock,21,repair_no_appeal,1202,1289,87,96,615,402,0,70,157,614,0,6010.0,1289.0,368.40000000000254,69.24999999999821,47.09999999999991,81.0,0.0,216.0,565.7500000000007,4155.249999999999,3939.249999999999,1.9696249999999995,0.601,3990.0
mixed_shock,21,repair_with_scope,1236,1329,93,92,540,338,39,71,197,572,0,6180.0,1329.0,343.2000000000016,71.04999999999811,59.099999999999795,83.0,145.999999999996,30.0,702.3499999999955,4148.650000000004,4118.650000000004,2.059325000000002,0.618,3820.0
mixed_shock,22,always_verify,1558,1683,125,317,0,0,0,0,0,2000,0,7790.0,1683.0,1200.0000000000007,0.0,0.0,0.0,0.0,270.0,1200.0000000000007,4906.999999999999,4636.999999999999,2.3184999999999993,0.779,2210.0
mixed_shock,22,naive_trust,1558,2000,442,0,0,0,0,0,0,0,0,7790.0,2000.0,0.0,0.0,0.0,0.0,0.0,270.0,0.0,5790.0,5520.0,2.76,0.779,2210.0
mixed_shock,22,reputation_only,1016,1135,119,111,754,542,0,0,0,646,0,5080.0,1135.0,387.60000000000326,0.0,0.0,0.0,0.0,174.0,387.60000000000326,3557.399999999997,3383.399999999997,1.6916999999999984,0.508,4920.0
mixed_shock,22,repair,1218,1308,90,107,585,401,0,61,187,588,0,6090.0,1308.0,352.80000000000194,70.74999999999812,56.099999999999824,76.0,0.0,222.0,555.6499999999999,4226.35,4004.3500000000004,2.0021750000000003,0.609,3910.0
mixed_shock,22,repair_no_exclusion,1645,1784,139,216,0,0,0,87,226,929,0,8225.0,1784.0,557.4000000000096,99.99999999999646,67.79999999999971,104.0,0.0,306.0,829.2000000000058,5611.799999999994,5305.799999999994,2.6528999999999967,0.8225,1775.0
mixed_shock,22,verify_and_retry,1645,1683,38,317,0,0,0,87,125,2000,0,8225.0,1683.0,1200.0000000000007,0.0,37.5,104.0,0.0,306.0,1341.5000000000007,5200.499999999999,4894.499999999999,2.4472499999999995,0.8225,1775.0
mixed_shock,22,scope_only,1515,1942,427,0,0,0,58,0,0,0,0,7575.0,1942.0,0.0,0.0,0.0,0.0,199.99999999999292,12.0,199.99999999999292,5433.000000000007,5421.000000000007,2.7105000000000037,0.7575,2425.0
mixed_shock,22,repair_no_appeal,1165,1245,80,110,645,452,0,59,139,604,0,5825.0,1245.0,362.4000000000023,67.7499999999983,41.69999999999996,73.0,0.0,216.0,544.8500000000006,4035.1499999999996,3819.1499999999996,1.9095749999999998,0.5825,4175.0
mixed_shock,22,repair_with_scope,1191,1280,89,104,573,393,43,59,184,582,0,5955.0,1280.0,349.2000000000018,69.19999999999821,55.19999999999983,74.0,142.69999999999618,6.0,690.2999999999961,3984.700000000004,3978.700000000004,1.989350000000002,0.5955,4045.0
mixed_shock,23,always_verify,1559,1669,110,331,0,0,0,0,0,2000,0,7795.0,1669.0,1200.0000000000007,0.0,0.0,0.0,0.0,288.0,1200.0000000000007,4925.999999999999,4637.999999999999,2.3189999999999995,0.7795,2205.0
mixed_shock,23,naive_trust,1559,2000,441,0,0,0,0,0,0,0,0,7795.0,2000.0,0.0,0.0,0.0,0.0,0.0,288.0,0.0,5795.0,5507.0,2.7535,0.7795,2205.0
mixed_shock,23,reputation_only,1017,1135,118,111,754,542,0,0,0,628,0,5085.0,1135.0,376.80000000000285,0.0,0.0,0.0,0.0,192.0,376.80000000000285,3573.199999999997,3381.199999999997,1.6905999999999985,0.5085,4915.0
mixed_shock,23,repair,1220,1314,94,105,581,385,0,46,179,575,0,6100.0,1314.0,345.00000000000165,70.94999999999811,53.69999999999985,62.0,0.0,210.0,531.6499999999996,4254.35,4044.3500000000004,2.0221750000000003,0.61,3900.0
mixed_shock,23,repair_no_exclusion,1627,1770,143,230,0,0,0,68,211,921,0,8135.0,1770.0,552.6000000000095,99.99999999999646,63.299999999999756,89.0,0.0,294.0,804.9000000000057,5560.099999999994,5266.099999999994,2.633049999999997,0.8135,1865.0
mixed_shock,23,verify_and_retry,1627,1669,42,331,0,0,0,68,110,2000,0,8135.0,1669.0,1200.0000000000007,0.0,33.00000000000004,89.0,0.0,294.0,1322.0000000000007,5143.999999999999,4849.999999999999,2.4249999999999994,0.8135,1865.0
mixed_shock,23,scope_only,1515,1940,425,0,0,0,60,0,0,0,0,7575.0,1940.0,0.0,0.0,0.0,0.0,199.99999999999292,24.0,199.99999999999292,5435.000000000007,5411.000000000007,2.705500000000004,0.7575,2425.0
mixed_shock,23,repair_no_appeal,1149,1231,82,113,656,456,0,46,128,593,0,5745.0,1231.0,355.80000000000206,67.19999999999833,38.39999999999999,61.0,0.0,204.0,522.4000000000003,3991.5999999999995,3787.5999999999995,1.8937999999999997,0.5745,4255.0
mixed_shock,23,repair_with_scope,1193,1286,93,103,572,381,39,47,179,572,0,5965.0,1286.0,343.2000000000016,69.4499999999982,53.69999999999985,63.0,142.79999999999617,18.0,672.1499999999958,4006.850000000004,3988.850000000004,1.994425000000002,0.5965,4035.0
mixed_shock,24,always_verify,1572,1691,119,309,0,0,0,0,0,2000,0,7860.0,1691.0,1200.0000000000007,0.0,0.0,0.0,0.0,300.0,1200.0000000000007,4968.999999999999,4668.999999999999,2.3344999999999994,0.786,2140.0
mixed_shock,24,naive_trust,1572,2000,428,0,0,0,0,0,0,0,0,7860.0,2000.0,0.0,0.0,0.0,0.0,0.0,300.0,0.0,5860.0,5560.0,2.78,0.786,2140.0
mixed_shock,24,reputation_only,1064,1195,131,86,719,508,0,0,0,676,0,5320.0,1195.0,405.60000000000394,0.0,0.0,0.0,0.0,210.0,405.60000000000394,3719.399999999996,3509.399999999996,1.754699999999998,0.532,4680.0
mixed_shock,24,repair,1259,1356,97,90,554,369,0,56,192,610,0,6295.0,1356.0,366.00000000000244,72.29999999999804,57.59999999999981,78.0,0.0,222.0,573.9000000000003,4365.099999999999,4143.099999999999,2.07155,0.6295,3705.0
mixed_shock,24,repair_no_exclusion,1646,1779,133,221,0,0,0,74,207,949,0,8230.0,1779.0,569.4000000000101,99.99999999999646,62.09999999999977,99.0,0.0,312.0,830.5000000000064,5620.499999999994,5308.499999999994,2.6542499999999967,0.823,1770.0
mixed_shock,24,verify_and_retry,1646,1691,45,309,0,0,0,74,119,2000,0,8230.0,1691.0,1200.0000000000007,0.0,35.70000000000002,99.0,0.0,312.0,1334.7000000000007,5204.299999999999,4892.299999999999,2.44615,0.823,1770.0
mixed_shock,24,scope_only,1526,1941,415,0,0,0,59,0,0,0,0,7630.0,1941.0,0.0,0.0,0.0,0.0,199.99999999999292,24.0,199.99999999999292,5489.000000000007,5465.000000000007,2.7325000000000035,0.763,2370.0
mixed_shock,24,repair_no_appeal,1198,1291,93,87,622,425,0,51,144,635,0,5990.0,1291.0,381.000000000003,68.89999999999823,43.199999999999946,71.0,0.0,222.0,564.1000000000012,4134.899999999999,3912.8999999999987,1.9564499999999994,0.599,4010.0
mixed_shock,24,repair_with_scope,1228,1323,95,90,548,365,39,56,190,601,0,6140.0,1323.0,360.60000000000224,70.64999999999813,56.999999999999815,77.0,145.19999999999604,12.0,710.4499999999962,4106.550000000004,4094.550000000004,2.0472750000000017,0.614,3860.0
mixed_shock,25,always_verify,1565,1696,131,304,0,0,0,0,0,2000,0,7825.0,1696.0,1200.0000000000007,0.0,0.0,0.0,0.0,294.0,1200.0000000000007,4928.999999999999,4634.999999999999,2.3174999999999994,0.7825,2175.0
mixed_shock,25,naive_trust,1565,2000,435,0,0,0,0,0,0,0,0,7825.0,2000.0,0.0,0.0,0.0,0.0,0.0,294.0,0.0,5825.0,5531.0,2.7655,0.7825,2175.0
mixed_shock,25,reputation_only,1018,1139,121,104,757,547,0,0,0,661,0,5090.0,1139.0,396.6000000000036,0.0,0.0,0.0,0.0,180.0,396.6000000000036,3554.3999999999965,3374.3999999999965,1.6871999999999983,0.509,4910.0
mixed_shock,25,repair,1190,1293,103,99,608,428,0,53,200,605,0,5950.0,1293.0,363.00000000000233,69.59999999999819,59.99999999999979,75.0,0.0,210.0,567.6000000000004,4089.3999999999996,3879.3999999999996,1.9396999999999998,0.595,4050.0
mixed_shock,25,repair_no_exclusion,1635,1795,160,205,0,0,0,70,230,938,0,8175.0,1795.0,562.8000000000098,99.99999999999646,68.9999999999997,100.0,0.0,312.0,831.800000000006,5548.199999999994,5236.199999999994,2.618099999999997,0.8175,1825.0
mixed_shock,25,verify_and_retry,1635,1696,61,304,0,0,0,70,131,2000,0,8175.0,1696.0,1200.0000000000007,0.0,39.29999999999998,100.0,0.0,312.0,1339.3000000000006,5139.699999999999,4827.699999999999,2.4138499999999996,0.8175,1825.0
mixed_shock,25,scope_only,1519,1939,420,0,0,0,61,0,0,0,0,7595.0,1939.0,0.0,0.0,0.0,0.0,199.99999999999292,18.0,199.99999999999292,5456.000000000007,5438.000000000007,2.719000000000004,0.7595,2405.0
mixed_shock,25,repair_no_appeal,1132,1223,91,105,672,482,0,49,140,628,0,5660.0,1223.0,376.80000000000285,66.39999999999837,41.99999999999996,70.0,0.0,216.0,555.2000000000012,3881.799999999999,3665.799999999999,1.8328999999999993,0.566,4340.0
mixed_shock,25,repair_with_scope,1165,1266,101,97,597,418,40,51,196,591,0,5825.0,1266.0,354.600000000002,68.14999999999827,58.7999999999998,73.0,140.29999999999632,6.0,694.8499999999964,3864.1500000000037,3858.1500000000037,1.9290750000000019,0.5825,4175.0
mixed_shock,26,always_verify,1602,1724,122,276,0,0,0,0,0,2000,0,8010.0,1724.0,1200.0000000000007,0.0,0.0,0.0,0.0,312.0,1200.0000000000007,5085.999999999999,4773.999999999999,2.3869999999999996,0.801,1990.0
mixed_shock,26,naive_trust,1602,2000,398,0,0,0,0,0,0,0,0,8010.0,2000.0,0.0,0.0,0.0,0.0,0.0,312.0,0.0,6010.0,5698.0,2.849,0.801,1990.0
mixed_shock,26,reputation_only,1058,1173,115,101,726,544,0,0,0,667,0,5290.0,1173.0,400.20000000000374,0.0,0.0,0.0,0.0,240.0,400.20000000000374,3716.799999999996,3476.799999999996,1.738399999999998,0.529,4710.0
mixed_shock,26,repair,1271,1354,83,103,543,387,0,56,179,609,0,6355.0,1354.0,365.4000000000024,72.849999999998,53.69999999999985,70.0,0.0,252.0,561.9500000000003,4439.049999999999,4187.049999999999,2.0935249999999996,0.6355,3645.0
mixed_shock,26,repair_no_exclusion,1682,1815,133,185,0,0,0,80,213,897,0,8410.0,1815.0,538.2000000000089,99.99999999999646,63.89999999999975,100.0,0.0,312.0,802.1000000000051,5792.899999999995,5480.899999999995,2.7404499999999974,0.841,1590.0
mixed_shock,26,verify_and_retry,1682,1724,42,276,0,0,0,80,122,2000,0,8410.0,1724.0,1200.0000000000007,0.0,36.60000000000001,100.0,0.0,312.0,1336.6000000000006,5349.4,5037.4,2.5187,0.841,1590.0
mixed_shock,26,scope_only,1554,1941,387,0,0,0,59,0,0,0,0,7770.0,1941.0,0.0,0.0,0.0,0.0,199.99999999999292,24.0,199.99999999999292,5629.000000000007,5605.000000000007,2.8025000000000038,0.777,2230.0
mixed_shock,26,repair_no_appeal,1204,1282,78,99,619,454,0,56,134,625,0,6020.0,1282.0,375.0000000000028,69.04999999999822,40.199999999999974,70.0,0.0,252.0,554.250000000001,4183.749999999999,3931.749999999999,1.9658749999999996,0.602,3980.0
mixed_shock,26,repair_with_scope,1234,1318,84,100,537,385,45,56,180,604,0,6170.0,1318.0,362.4000000000023,70.89999999999812,53.999999999999844,71.0,146.29999999999598,18.0,704.5999999999963,4147.400000000003,4129.400000000003,2.0647000000000015,0.617,3830.0
mixed_shock,27,always_verify,1587,1717,130,283,0,0,0,0,0,2000,0,7935.0,1717.0,1200.0000000000007,0.0,0.0,0.0,0.0,318.0,1200.0000000000007,5017.999999999999,4699.999999999999,2.3499999999999996,0.7935,2065.0
mixed_shock,27,naive_trust,1587,2000,413,0,0,0,0,0,0,0,0,7935.0,2000.0,0.0,0.0,0.0,0.0,0.0,318.0,0.0,5935.0,5617.0,2.8085,0.7935,2065.0
mixed_shock,27,reputation_only,1049,1174,125,85,741,538,0,0,0,668,0,5245.0,1174.0,400.80000000000376,0.0,0.0,0.0,0.0,216.0,400.80000000000376,3670.199999999996,3454.199999999996,1.727099999999998,0.5245,4755.0
mixed_shock,27,repair,1295,1398,103,75,527,347,0,55,207,583,0,6475.0,1398.0,349.80000000000183,73.64999999999796,62.09999999999977,68.0,0.0,240.0,553.5499999999995,4523.450000000001,4283.450000000001,2.1417250000000005,0.6475,3525.0
mixed_shock,27,repair_no_exclusion,1673,1812,139,188,0,0,0,86,225,870,0,8365.0,1812.0,522.0000000000083,99.99999999999646,67.49999999999972,105.0,0.0,324.0,794.5000000000044,5758.499999999995,5434.499999999995,2.7172499999999977,0.8365,1635.0
mixed_shock,27,verify_and_retry,1673,1717,44,283,0,0,0,86,130,2000,0,8365.0,1717.0,1200.0000000000007,0.0,38.999999999999986,105.0,0.0,324.0,1344.0000000000007,5303.999999999999,4979.999999999999,2.4899999999999993,0.8365,1635.0
mixed_shock,27,scope_only,1538,1941,403,0,0,0,59,0,0,0,0,7690.0,1941.0,0.0,0.0,0.0,0.0,199.99999999999292,24.0,199.99999999999292,5549.000000000007,5525.000000000007,2.7625000000000037,0.769,2310.0
mixed_shock,27,repair_no_appeal,1200,1289,89,79,632,438,0,51,140,633,0,6000.0,1289.0,379.80000000000297,68.39999999999826,41.99999999999996,64.0,0.0,234.0,554.2000000000012,4156.799999999999,3922.7999999999993,1.9613999999999996,0.6,4000.0
mixed_shock,27,repair_with_scope,1259,1359,100,76,521,345,44,54,203,572,0,6295.0,1359.0,343.2000000000016,71.74999999999807,60.89999999999978,67.0,147.89999999999588,12.0,690.7499999999953,4245.250000000005,4233.250000000005,2.116625000000002,0.6295,3705.0
mixed_shock,28,always_verify,1465,1582,117,418,0,0,0,0,0,2000,0,7325.0,1582.0,1200.0000000000007,0.0,0.0,0.0,0.0,318.0,1200.0000000000007,4542.999999999999,4224.999999999999,2.1124999999999994,0.7325,2675.0
mixed_shock,28,naive_trust,1465,2000,535,0,0,0,0,0,0,0,0,7325.0,2000.0,0.0,0.0,0.0,0.0,0.0,318.0,0.0,5325.0,5007.0,2.5035,0.7325,2675.0
mixed_shock,28,reputation_only,897,1008,111,147,845,568,0,0,0,667,0,4485.0,1008.0,400.20000000000374,0.0,0.0,0.0,0.0,198.0,400.20000000000374,3076.799999999996,2878.799999999996,1.439399999999998,0.4485,5515.0
mixed_shock,28,repair,1093,1179,86,144,677,427,0,55,186,633,0,5465.0,1179.0,379.80000000000297,66.14999999999839,55.79999999999983,66.0,0.0,234.0,567.7500000000011,3718.249999999999,3484.249999999999,1.7421249999999995,0.5465,4535.0
mixed_shock,28,repair_no_exclusion,1546,1688,142,312,0,0,0,81,223,1075,0,7730.0,1688.0,645.000000000013,99.99999999999646,66.89999999999972,96.0,0.0,354.0,907.9000000000092,5134.099999999991,4780.099999999991,2.3900499999999956,0.773,2270.0
mixed_shock,28,verify_and_retry,1546,1582,36,418,0,0,0,81,117,2000,0,7730.0,1582.0,1200.0000000000007,0.0,35.10000000000002,96.0,0.0,354.0,1331.1000000000008,4816.9,4462.9,2.2314499999999997,0.773,2270.0
mixed_shock,28,scope_only,1414,1934,520,0,0,0,66,0,0,0,0,7070.0,1934.0,0.0,0.0,0.0,0.0,199.99999999999292,12.0,199.99999999999292,4936.000000000007,4924.000000000007,2.4620000000000037,0.707,2930.0
mixed_shock,28,repair_no_appeal,1018,1090,72,151,759,498,0,51,123,644,0,5090.0,1090.0,386.4000000000032,62.04999999999861,36.900000000000006,61.0,0.0,222.0,546.3500000000018,3453.6499999999983,3231.6499999999983,1.6158249999999992,0.509,4910.0
mixed_shock,28,repair_with_scope,1061,1143,82,146,671,423,40,51,178,630,0,5305.0,1143.0,378.0000000000029,64.44999999999848,53.39999999999985,63.0,132.89999999999674,12.0,691.749999999998,3470.250000000002,3458.250000000002,1.729125000000001,0.5305,4695.0
mixed_shock,29,always_verify,1648,1769,121,231,0,0,0,0,0,2000,0,8240.0,1769.0,1200.0000000000007,0.0,0.0,0.0,0.0,246.0,1200.0000000000007,5270.999999999999,5024.999999999999,2.5124999999999997,0.824,1760.0
mixed_shock,29,naive_trust,1648,2000,352,0,0,0,0,0,0,0,0,8240.0,2000.0,0.0,0.0,0.0,0.0,0.0,246.0,0.0,6240.0,5994.0,2.997,0.824,1760.0
mixed_shock,29,reputation_only,1128,1254,126,73,673,520,0,0,0,666,0,5640.0,1254.0,399.6000000000037,0.0,0.0,0.0,0.0,168.0,399.6000000000037,3986.3999999999965,3818.3999999999965,1.9091999999999982,0.564,4360.0
mixed_shock,29,repair,1368,1469,101,59,472,333,0,53,190,575,0,6840.0,1469.0,345.00000000000165,76.3999999999978,56.999999999999815,70.0,0.0,204.0,548.3999999999993,4822.6,4618.6,2.3093000000000004,0.684,3160.0
mixed_shock,29,repair_no_exclusion,1725,1858,133,142,0,0,0,77,210,819,0,8625.0,1858.0,491.4000000000072,99.99999999999646,62.99999999999976,96.0,0.0,258.0,750.4000000000034,6016.599999999997,5758.599999999997,2.8792999999999984,0.8625,1375.0
mixed_shock,29,verify_and_retry,1725,1769,44,231,0,0,0,77,121,2000,0,8625.0,1769.0,1200.0000000000007,0.0,36.30000000000001,96.0,0.0,258.0,1332.3000000000006,5523.699999999999,5265.699999999999,2.6328499999999995,0.8625,1375.0
mixed_shock,29,scope_only,1609,1950,341,0,0,0,50,0,0,0,0,8045.0,1950.0,0.0,0.0,0.0,0.0,199.99999999999292,12.0,199.99999999999292,5895.000000000007,5883.000000000007,2.9415000000000036,0.8045,1955.0
mixed_shock,29,repair_no_appeal,1287,1380,93,65,555,412,0,51,144,610,0,6435.0,1380.0,366.00000000000244,72.24999999999804,43.199999999999946,68.0,0.0,186.0,549.4500000000004,4505.549999999999,4319.549999999999,2.159775,0.6435,3565.0
mixed_shock,29,repair_with_scope,1352,1449,97,57,454,316,40,51,184,568,0,6760.0,1449.0,340.8000000000015,75.29999999999787,55.19999999999983,67.0,154.5999999999955,6.0,692.8999999999946,4618.100000000006,4612.100000000006,2.306050000000003,0.676,3240.0
mixed_shock,30,always_verify,1589,1698,109,302,0,0,0,0,0,2000,0,7945.0,1698.0,1200.0000000000007,0.0,0.0,0.0,0.0,240.0,1200.0000000000007,5046.999999999999,4806.999999999999,2.4034999999999997,0.7945,2055.0
mixed_shock,30,naive_trust,1589,2000,411,0,0,0,0,0,0,0,0,7945.0,2000.0,0.0,0.0,0.0,0.0,0.0,240.0,0.0,5945.0,5705.0,2.8525,0.7945,2055.0
mixed_shock,30,reputation_only,1097,1210,113,97,693,492,0,0,0,639,0,5485.0,1210.0,383.4000000000031,0.0,0.0,0.0,0.0,162.0,383.4000000000031,3891.5999999999967,3729.5999999999967,1.8647999999999985,0.5485,4515.0
mixed_shock,30,repair,1287,1379,92,90,531,354,0,52,179,582,0,6435.0,1379.0,349.2000000000018,73.44999999999797,53.69999999999985,67.0,0.0,162.0,543.3499999999997,4512.650000000001,4350.650000000001,2.1753250000000004,0.6435,3565.0
mixed_shock,30,repair_no_exclusion,1663,1789,126,211,0,0,0,74,200,883,0,8315.0,1789.0,529.8000000000086,99.99999999999646,59.99999999999979,95.0,0.0,252.0,784.8000000000048,5741.199999999995,5489.199999999995,2.7445999999999975,0.8315,1685.0
mixed_shock,30,verify_and_retry,1663,1698,35,302,0,0,0,74,109,2000,0,8315.0,1698.0,1200.0000000000007,0.0,32.700000000000045,95.0,0.0,252.0,1327.7000000000007,5289.299999999999,5037.299999999999,2.5186499999999996,0.8315,1685.0
mixed_shock,30,scope_only,1553,1952,399,0,0,0,48,0,0,0,0,7765.0,1952.0,0.0,0.0,0.0,0.0,199.99999999999292,24.0,199.99999999999292,5613.000000000007,5589.000000000007,2.7945000000000038,0.7765,2235.0
mixed_shock,30,repair_no_appeal,1216,1300,84,93,607,422,0,49,133,611,0,6080.0,1300.0,366.60000000000247,69.64999999999819,39.89999999999998,63.0,0.0,162.0,539.1500000000007,4240.849999999999,4078.8499999999995,2.0394249999999996,0.608,3920.0
mixed_shock,30,repair_with_scope,1266,1356,90,90,525,349,29,52,177,579,0,6330.0,1356.0,347.40000000000174,72.29999999999804,53.09999999999985,66.0,147.4999999999959,6.0,686.2999999999955,4287.700000000004,4281.700000000004,2.140850000000002,0.633,3670.0
mixed_shock,31,always_verify,1520,1640,120,360,0,0,0,0,0,2000,0,7600.0,1640.0,1200.0000000000007,0.0,0.0,0.0,0.0,216.0,1200.0000000000007,4759.999999999999,4543.999999999999,2.2719999999999994,0.76,2400.0
mixed_shock,31,naive_trust,1520,2000,480,0,0,0,0,0,0,0,0,7600.0,2000.0,0.0,0.0,0.0,0.0,0.0,216.0,0.0,5600.0,5384.0,2.692,0.76,2400.0
mixed_shock,31,reputation_only,948,1072,124,121,807,572,0,0,0,663,0,4740.0,1072.0,397.80000000000365,0.0,0.0,0.0,0.0,144.0,397.80000000000365,3270.199999999996,3126.199999999996,1.5630999999999982,0.474,5260.0
mixed_shock,31,repair,1139,1239,100,119,642,433,0,52,197,621,0,5695.0,1239.0,372.6000000000027,67.89999999999829,59.099999999999795,69.0,0.0,162.0,568.6000000000008,3887.399999999999,3725.399999999999,1.8626999999999996,0.5695,4305.0
mixed_shock,31,repair_no_exclusion,1592,1754,162,246,0,0,0,72,234,1014,0,7960.0,1754.0,608.4000000000116,99.99999999999646,70.19999999999969,95.0,0.0,234.0,873.6000000000078,5332.399999999992,5098.399999999992,2.5491999999999964,0.796,2040.0
mixed_shock,31,verify_and_retry,1592,1640,48,360,0,0,0,72,120,2000,0,7960.0,1640.0,1200.0000000000007,0.0,36.000000000000014,95.0,0.0,234.0,1331.0000000000007,4988.999999999999,4754.999999999999,2.3774999999999995,0.796,2040.0
mixed_shock,31,scope_only,1486,1954,468,0,0,0,46,0,0,0,0,7430.0,1954.0,0.0,0.0,0.0,0.0,199.99999999999292,12.0,199.99999999999292,5276.000000000007,5264.000000000007,2.6320000000000037,0.743,2570.0
mixed_shock,31,repair_no_appeal,1071,1162,91,120,718,497,0,48,139,655,0,5355.0,1162.0,393.00000000000347,64.0999999999985,41.69999999999996,64.0,0.0,144.0,562.8000000000019,3630.199999999998,3486.199999999998,1.743099999999999,0.5355,4645.0
mixed_shock,31,repair_with_scope,1112,1210,98,120,639,433,31,49,192,620,0,5560.0,1210.0,372.0000000000027,66.49999999999837,57.59999999999981,65.0,136.09999999999656,6.0,697.1999999999974,3652.8000000000025,3646.8000000000025,1.8234000000000012,0.556,4440.0
mixed_shock,32,always_verify,1455,1574,119,426,0,0,0,0,0,2000,0,7275.0,1574.0,1200.0000000000007,0.0,0.0,0.0,0.0,294.0,1200.0000000000007,4500.999999999999,4206.999999999999,2.1034999999999995,0.7275,2725.0
mixed_shock,32,naive_trust,1455,2000,545,0,0,0,0,0,0,0,0,7275.0,2000.0,0.0,0.0,0.0,0.0,0.0,294.0,0.0,5275.0,4981.0,2.4905,0.7275,2725.0
mixed_shock,32,reputation_only,883,1005,122,139,856,572,0,0,0,686,0,4415.0,1005.0,411.6000000000042,0.0,0.0,0.0,0.0,186.0,411.6000000000042,2998.399999999996,2812.399999999996,1.406199999999998,0.4415,5585.0
mixed_shock,32,repair,1069,1167,98,140,693,440,0,54,194,638,0,5345.0,1167.0,382.8000000000031,65.34999999999843,58.199999999999804,70.0,0.0,216.0,576.3500000000013,3601.6499999999987,3385.6499999999987,1.6928249999999994,0.5345,4655.0
mixed_shock,32,repair_no_exclusion,1528,1691,163,309,0,0,0,73,236,1073,0,7640.0,1691.0,643.8000000000129,99.99999999999646,70.79999999999968,93.0,0.0,324.0,907.600000000009,5041.3999999999905,4717.3999999999905,2.3586999999999954,0.764,2360.0
mixed_shock,32,verify_and_retry,1528,1574,46,426,0,0,0,73,119,2000,0,7640.0,1574.0,1200.0000000000007,0.0,35.70000000000002,93.0,0.0,324.0,1328.7000000000007,4737.299999999999,4413.299999999999,2.20665,0.764,2360.0
mixed_shock,32,scope_only,1409,1940,531,0,0,0,60,0,0,0,0,7045.0,1940.0,0.0,0.0,0.0,0.0,199.99999999999292,18.0,199.99999999999292,4905.000000000007,4887.000000000007,2.443500000000004,0.7045,2955.0
mixed_shock,32,repair_no_appeal,995,1081,86,146,773,507,0,47,133,669,0,4975.0,1081.0,401.4000000000038,61.34999999999865,39.89999999999998,62.0,0.0,210.0,564.6500000000024,3329.3499999999976,3119.3499999999976,1.5596749999999988,0.4975,5025.0
mixed_shock,32,repair_with_scope,1046,1143,97,137,680,429,40,49,188,630,0,5230.0,1143.0,378.0000000000029,63.9999999999985,56.39999999999982,64.0,131.9999999999968,12.0,694.399999999998,3392.600000000002,3380.600000000002,1.690300000000001,0.523,4770.0
mixed_shock,33,always_verify,1629,1743,114,257,0,0,0,0,0,2000,0,8145.0,1743.0,1200.0000000000007,0.0,0.0,0.0,0.0,360.0,1200.0000000000007,5201.999999999999,4841.999999999999,2.4209999999999994,0.8145,1855.0
mixed_shock,33,naive_trust,1629,2000,371,0,0,0,0,0,0,0,0,8145.0,2000.0,0.0,0.0,0.0,0.0,0.0,360.0,0.0,6145.0,5785.0,2.8925,0.8145,1855.0
mixed_shock,33,reputation_only,1101,1226,125,81,693,528,0,0,0,648,0,5505.0,1226.0,388.8000000000033,0.0,0.0,0.0,0.0,276.0,388.8000000000033,3890.1999999999966,3614.1999999999966,1.8070999999999984,0.5505,4495.0
mixed_shock,33,repair,1299,1395,96,80,525,383,0,53,190,588,0,6495.0,1395.0,352.80000000000194,73.74999999999795,56.999999999999815,71.0,0.0,312.0,554.5499999999997,4545.450000000001,4233.450000000001,2.116725,0.6495,3505.0
mixed_shock,33,repair_no_exclusion,1698,1831,133,169,0,0,0,69,202,863,0,8490.0,1831.0,517.8000000000081,99.99999999999646,60.59999999999978,91.0,0.0,372.0,769.4000000000044,5889.599999999996,5517.599999999996,2.7587999999999977,0.849,1510.0
mixed_shock,33,verify_and_retry,1698,1743,45,257,0,0,0,69,114,2000,0,8490.0,1743.0,1200.0000000000007,0.0,34.20000000000003,91.0,0.0,372.0,1325.2000000000007,5421.799999999999,5049.799999999999,2.5248999999999997,0.849,1510.0
mixed_shock,33,scope_only,1573,1933,360,0,0,0,67,0,0,0,0,7865.0,1933.0,0.0,0.0,0.0,0.0,199.99999999999292,24.0,199.99999999999292,5732.000000000007,5708.000000000007,2.8540000000000036,0.7865,2135.0
mixed_shock,33,repair_no_appeal,1234,1327,93,79,594,449,0,54,147,605,0,6170.0,1327.0,363.00000000000233,70.29999999999815,44.09999999999994,71.0,0.0,294.0,548.4000000000004,4294.599999999999,4000.5999999999995,2.0002999999999997,0.617,3830.0
mixed_shock,33,repair_with_scope,1262,1356,94,78,510,371,56,50,185,581,0,6310.0,1356.0,348.6000000000018,71.69999999999807,55.49999999999983,67.0,148.99999999999582,24.0,691.7999999999955,4262.200000000004,4238.200000000004,2.119100000000002,0.631,3690.0
mixed_shock,34,always_verify,1644,1755,111,245,0,0,0,0,0,2000,0,8220.0,1755.0,1200.0000000000007,0.0,0.0,0.0,0.0,318.0,1200.0000000000007,5264.999999999999,4946.999999999999,2.4734999999999996,0.822,1780.0
mixed_shock,34,naive_trust,1644,2000,356,0,0,0,0,0,0,0,0,8220.0,2000.0,0.0,0.0,0.0,0.0,0.0,318.0,0.0,6220.0,5902.0,2.951,0.822,1780.0
mixed_shock,34,reputation_only,1121,1248,127,74,678,523,0,0,0,639,0,5605.0,1248.0,383.4000000000031,0.0,0.0,0.0,0.0,186.0,383.4000000000031,3973.5999999999967,3787.5999999999967,1.8937999999999984,0.5605,4395.0
mixed_shock,34,repair,1308,1407,99,74,519,386,0,50,186,573,0,6540.0,1407.0,343.8000000000016,74.04999999999794,55.79999999999983,68.0,0.0,252.0,541.6499999999994,4591.35,4339.35,2.1696750000000002,0.654,3460.0
mixed_shock,34,repair_no_exclusion,1719,1860,141,140,0,0,0,75,216,831,0,8595.0,1860.0,498.60000000000747,99.99999999999646,64.79999999999974,98.0,0.0,342.0,761.4000000000037,5973.599999999997,5631.599999999997,2.8157999999999985,0.8595,1405.0
mixed_shock,34,verify_and_retry,1719,1755,36,245,0,0,0,75,111,2000,0,8595.0,1755.0,1200.0000000000007,0.0,33.30000000000004,98.0,0.0,342.0,1331.3000000000006,5508.699999999999,5166.699999999999,2.5833499999999994,0.8595,1405.0
mixed_shock,34,scope_only,1594,1943,349,0,0,0,57,0,0,0,0,7970.0,1943.0,0.0,0.0,0.0,0.0,199.99999999999292,18.0,199.99999999999292,5827.000000000007,5809.000000000007,2.9045000000000036,0.797,2030.0
mixed_shock,34,repair_no_appeal,1239,1331,92,77,592,448,0,43,135,594,0,6195.0,1331.0,356.4000000000021,70.39999999999814,40.49999999999997,61.0,0.0,228.0,528.3000000000002,4335.7,4107.7,2.0538499999999997,0.6195,3805.0
mixed_shock,34,repair_with_scope,1267,1363,96,77,519,388,41,47,180,571,0,6335.0,1363.0,342.60000000000156,71.99999999999805,53.999999999999844,65.0,148.09999999999587,18.0,681.6999999999953,4290.300000000005,4272.300000000005,2.1361500000000024,0.6335,3665.0
mixed_shock,35,always_verify,1568,1687,119,313,0,0,0,0,0,2000,0,7840.0,1687.0,1200.0000000000007,0.0,0.0,0.0,0.0,240.0,1200.0000000000007,4952.999999999999,4712.999999999999,2.3564999999999996,0.784,2160.0
mixed_shock,35,naive_trust,1568,2000,432,0,0,0,0,0,0,0,0,7840.0,2000.0,0.0,0.0,0.0,0.0,0.0,240.0,0.0,5840.0,5600.0,2.8,0.784,2160.0
mixed_shock,35,reputation_only,1049,1172,123,98,730,519,0,0,0,649,0,5245.0,1172.0,389.40000000000333,0.0,0.0,0.0,0.0,162.0,389.40000000000333,3683.5999999999967,3521.5999999999967,1.7607999999999984,0.5245,4755.0
mixed_shock,35,repair,1221,1319,98,100,581,398,0,51,189,594,0,6105.0,1319.0,356.4000000000021,70.94999999999811,56.69999999999982,66.0,0.0,180.0,550.05,4235.95,4055.95,2.027975,0.6105,3895.0
mixed_shock,35,repair_no_exclusion,1638,1792,154,208,0,0,0,70,224,937,0,8190.0,1792.0,562.2000000000098,99.99999999999646,67.19999999999972,92.0,0.0,252.0,821.400000000006,5576.599999999994,5324.599999999994,2.662299999999997,0.819,1810.0
mixed_shock,35,verify_and_retry,1638,1687,49,313,0,0,0,70,119,2000,0,8190.0,1687.0,1200.0000000000007,0.0,35.70000000000002,92.0,0.0,252.0,1327.7000000000007,5175.299999999999,4923.299999999999,2.4616499999999997,0.819,1810.0
mixed_shock,35,scope_only,1531,1954,423,0,0,0,46,0,0,0,0,7655.0,1954.0,0.0,0.0,0.0,0.0,199.99999999999292,18.0,199.99999999999292,5501.000000000007,5483.000000000007,2.741500000000004,0.7655,2345.0
mixed_shock,35,repair_no_appeal,1166,1260,94,96,644,449,0,47,141,599,0,5830.0,1260.0,359.4000000000022,67.79999999999829,42.299999999999955,61.0,0.0,168.0,530.5000000000005,4039.4999999999995,3871.4999999999995,1.9357499999999999,0.583,4170.0
mixed_shock,35,repair_with_scope,1195,1291,96,101,578,397,30,51,187,589,0,5975.0,1291.0,353.40000000000197,69.59999999999819,56.099999999999824,66.0,142.1999999999962,18.0,687.2999999999962,3996.700000000004,3978.700000000004,1.989350000000002,0.5975,4025.0
mixed_shock,36,always_verify,1586,1706,120,294,0,0,0,0,0,2000,0,7930.0,1706.0,1200.0000000000007,0.0,0.0,0.0,0.0,312.0,1200.0000000000007,5023.999999999999,4711.999999999999,2.3559999999999994,0.793,2070.0
mixed_shock,36,naive_trust,1586,2000,414,0,0,0,0,0,0,0,0,7930.0,2000.0,0.0,0.0,0.0,0.0,0.0,312.0,0.0,5930.0,5618.0,2.809,0.793,2070.0
mixed_shock,36,reputation_only,1038,1169,131,91,740,548,0,0,0,677,0,5190.0,1169.0,406.20000000000397,0.0,0.0,0.0,0.0,216.0,406.20000000000397,3614.799999999996,3398.799999999996,1.699399999999998,0.519,4810.0
mixed_shock,36,repair,1284,1377,93,89,534,372,0,70,197,575,0,6420.0,1377.0,345.00000000000165,73.29999999999798,59.099999999999795,84.0,0.0,270.0,561.3999999999994,4481.6,4211.6,2.1058000000000003,0.642,3580.0
mixed_shock,36,repair_no_exclusion,1673,1807,134,193,0,0,0,87,221,897,0,8365.0,1807.0,538.2000000000089,99.99999999999646,66.29999999999973,108.0,0.0,348.0,812.5000000000051,5745.4999999999945,5397.4999999999945,2.6987499999999973,0.8365,1635.0
mixed_shock,36,verify_and_retry,1673,1706,33,294,0,0,0,87,120,2000,0,8365.0,1706.0,1200.0000000000007,0.0,36.000000000000014,108.0,0.0,348.0,1344.0000000000007,5314.999999999999,4966.999999999999,2.4834999999999994,0.8365,1635.0
mixed_shock,36,scope_only,1534,1932,398,0,0,0,68,0,0,0,0,7670.0,1932.0,0.0,0.0,0.0,0.0,199.99999999999292,0.0,199.99999999999292,5538.000000000007,5538.000000000007,2.7690000000000037,0.767,2330.0
mixed_shock,36,repair_no_appeal,1218,1302,84,91,607,434,0,66,150,598,0,6090.0,1302.0,358.80000000000217,69.64999999999819,44.99999999999993,80.0,0.0,240.0,553.4500000000003,4234.549999999999,3994.5499999999993,1.9972749999999997,0.609,3910.0
mixed_shock,36,repair_with_scope,1248,1338,90,88,522,363,52,65,189,561,0,6240.0,1338.0,336.60000000000133,71.2999999999981,56.69999999999982,79.0,147.7999999999959,0.0,691.3999999999951,4210.600000000005,4210.600000000005,2.1053000000000024,0.624,3760.0
mixed_shock,37,always_verify,1606,1732,126,268,0,0,0,0,0,2000,0,8030.0,1732.0,1200.0000000000007,0.0,0.0,0.0,0.0,240.0,1200.0000000000007,5097.999999999999,4857.999999999999,2.4289999999999994,0.803,1970.0
mixed_shock,37,naive_trust,1606,2000,394,0,0,0,0,0,0,0,0,8030.0,2000.0,0.0,0.0,0.0,0.0,0.0,240.0,0.0,6030.0,5790.0,2.895,0.803,1970.0
mixed_shock,37,reputation_only,1101,1217,116,90,693,505,0,0,0,645,0,5505.0,1217.0,387.00000000000324,0.0,0.0,0.0,0.0,168.0,387.00000000000324,3900.999999999997,3732.999999999997,1.8664999999999985,0.5505,4495.0
mixed_shock,37,repair,1291,1383,92,89,528,367,0,52,181,573,0,6455.0,1383.0,343.8000000000016,73.59999999999796,54.29999999999984,68.0,0.0,198.0,539.6999999999994,4532.300000000001,4334.300000000001,2.1671500000000004,0.6455,3545.0
mixed_shock,37,repair_no_exclusion,1681,1819,138,181,0,0,0,75,213,876,0,8405.0,1819.0,525.6000000000084,99.99999999999646,63.89999999999975,99.0,0.0,252.0,788.5000000000047,5797.499999999995,5545.499999999995,2.7727499999999976,0.8405,1595.0
mixed_shock,37,verify_and_retry,1681,1732,51,268,0,0,0,75,126,2000,0,8405.0,1732.0,1200.0000000000007,0.0,37.8,99.0,0.0,252.0,1336.8000000000006,5336.199999999999,5084.199999999999,2.5420999999999996,0.8405,1595.0
mixed_shock,37,scope_only,1568,1956,388,0,0,0,44,0,0,0,0,7840.0,1956.0,0.0,0.0,0.0,0.0,199.99999999999292,12.0,199.99999999999292,5684.000000000007,5672.000000000007,2.836000000000004,0.784,2160.0
mixed_shock,37,repair_no_appeal,1220,1308,88,88,604,433,0,47,135,607,0,6100.0,1308.0,364.2000000000024,69.79999999999818,40.49999999999997,62.0,0.0,180.0,536.5000000000006,4255.499999999999,4075.499999999999,2.0377499999999995,0.61,3900.0
mixed_shock,37,repair_with_scope,1264,1355,91,88,522,363,35,51,179,564,0,6320.0,1355.0,338.4000000000014,72.14999999999804,53.69999999999985,66.0,147.7999999999959,12.0,678.0499999999952,4286.950000000004,4274.950000000004,2.137475000000002,0.632,3680.0
mixed_shock,38,always_verify,1587,1719,132,281,0,0,0,0,0,2000,0,7935.0,1719.0,1200.0000000000007,0.0,0.0,0.0,0.0,252.0,1200.0000000000007,5015.999999999999,4763.999999999999,2.3819999999999997,0.7935,2065.0
mixed_shock,38,naive_trust,1587,2000,413,0,0,0,0,0,0,0,0,7935.0,2000.0,0.0,0.0,0.0,0.0,0.0,252.0,0.0,5935.0,5683.0,2.8415,0.7935,2065.0
mixed_shock,38,reputation_only,1051,1181,130,90,729,536,0,0,0,663,0,5255.0,1181.0,397.80000000000365,0.0,0.0,0.0,0.0,156.0,397.80000000000365,3676.199999999996,3520.199999999996,1.760099999999998,0.5255,4745.0
mixed_shock,38,repair,1304,1396,92,84,520,359,0,76,205,577,0,6520.0,1396.0,346.2000000000017,73.99999999999794,61.49999999999977,89.0,0.0,186.0,570.6999999999994,4553.300000000001,4367.300000000001,2.1836500000000005,0.652,3480.0
mixed_shock,38,repair_no_exclusion,1685,1818,133,182,0,0,0,98,231,872,0,8425.0,1818.0,523.2000000000083,99.99999999999646,69.2999999999997,116.0,0.0,264.0,808.5000000000045,5798.499999999995,5534.499999999995,2.7672499999999975,0.8425,1575.0
mixed_shock,38,verify_and_retry,1685,1719,34,281,0,0,0,98,132,2000,0,8425.0,1719.0,1200.0000000000007,0.0,39.59999999999998,116.0,0.0,264.0,1355.6000000000006,5350.4,5086.4,2.5431999999999997,0.8425,1575.0
mixed_shock,38,scope_only,1547,1950,403,0,0,0,50,0,0,0,0,7735.0,1950.0,0.0,0.0,0.0,0.0,199.99999999999292,12.0,199.99999999999292,5585.000000000007,5573.000000000007,2.7865000000000038,0.7735,2265.0
mixed_shock,38,repair_no_appeal,1241,1322,81,87,591,421,0,75,156,610,0,6205.0,1322.0,366.00000000000244,70.44999999999814,46.79999999999991,86.0,0.0,168.0,569.2500000000005,4313.75,4145.75,2.072875,0.6205,3795.0
mixed_shock,38,repair_with_scope,1285,1377,92,80,508,349,35,74,203,561,0,6425.0,1377.0,336.60000000000133,72.849999999998,60.89999999999978,87.0,149.1999999999958,12.0,706.549999999995,4341.450000000005,4329.450000000005,2.1647250000000025,0.6425,3575.0
mixed_shock,39,always_verify,1596,1710,114,290,0,0,0,0,0,2000,0,7980.0,1710.0,1200.0000000000007,0.0,0.0,0.0,0.0,252.0,1200.0000000000007,5069.999999999999,4817.999999999999,2.4089999999999994,0.798,2020.0
mixed_shock,39,naive_trust,1596,2000,404,0,0,0,0,0,0,0,0,7980.0,2000.0,0.0,0.0,0.0,0.0,0.0,252.0,0.0,5980.0,5728.0,2.864,0.798,2020.0
mixed_shock,39,reputation_only,1047,1177,130,86,737,549,0,0,0,658,0,5235.0,1177.0,394.80000000000354,0.0,0.0,0.0,0.0,174.0,394.80000000000354,3663.1999999999966,3489.1999999999966,1.7445999999999984,0.5235,4765.0
mixed_shock,39,repair,1285,1384,99,82,534,365,0,54,203,586,0,6425.0,1384.0,351.6000000000019,73.29999999999798,60.89999999999978,66.0,0.0,216.0,551.7999999999996,4489.200000000001,4273.200000000001,2.1366000000000005,0.6425,3575.0
mixed_shock,39,repair_no_exclusion,1672,1809,137,191,0,0,0,76,213,879,0,8360.0,1809.0,527.4000000000085,99.99999999999646,63.89999999999975,92.0,0.0,276.0,783.3000000000047,5767.699999999995,5491.699999999995,2.7458499999999977,0.836,1640.0
mixed_shock,39,verify_and_retry,1672,1710,38,290,0,0,0,76,114,2000,0,8360.0,1710.0,1200.0000000000007,0.0,34.20000000000003,92.0,0.0,276.0,1326.2000000000007,5323.799999999999,5047.799999999999,2.5239,0.836,1640.0
mixed_shock,39,scope_only,1554,1941,387,0,0,0,59,0,0,0,0,7770.0,1941.0,0.0,0.0,0.0,0.0,199.99999999999292,0.0,199.99999999999292,5629.000000000007,5629.000000000007,2.8145000000000038,0.777,2230.0
mixed_shock,39,repair_no_appeal,1203,1293,90,84,623,445,0,52,142,615,0,6015.0,1293.0,369.00000000000256,68.84999999999823,42.59999999999995,62.0,0.0,204.0,542.4500000000007,4179.549999999999,3975.5499999999993,1.9877749999999996,0.6015,3985.0
mixed_shock,39,repair_with_scope,1260,1358,98,80,522,354,40,51,199,576,0,6300.0,1358.0,345.60000000000167,71.89999999999806,59.69999999999979,63.0,147.7999999999959,0.0,687.9999999999955,4254.000000000005,4254.000000000005,2.1270000000000024,0.63,3700.0
uniform_reliability,0,always_verify,1688,1799,111,201,0,0,0,0,0,2000,0,8440.0,1799.0,1200.0000000000007,0.0,0.0,0.0,0.0,330.0,1200.0000000000007,5440.999999999999,5110.999999999999,2.5554999999999994,0.844,1560.0
uniform_reliability,0,naive_trust,1688,2000,312,0,0,0,0,0,0,0,0,8440.0,2000.0,0.0,0.0,0.0,0.0,0.0,330.0,0.0,6440.0,6110.0,3.055,0.844,1560.0
uniform_reliability,0,reputation_only,1143,1266,123,66,668,545,0,0,0,664,0,5715.0,1266.0,398.4000000000037,0.0,0.0,0.0,0.0,240.0,398.4000000000037,4050.5999999999963,3810.5999999999963,1.9052999999999982,0.5715,4285.0
uniform_reliability,0,repair,1360,1455,95,65,480,386,0,58,201,596,0,6800.0,1455.0,357.6000000000021,75.99999999999783,60.299999999999784,74.0,0.0,264.0,567.8999999999997,4777.1,4513.1,2.2565500000000003,0.68,3200.0
uniform_reliability,0,repair_no_exclusion,1765,1894,129,106,0,0,0,77,206,783,0,8825.0,1894.0,469.8000000000064,99.99999999999646,61.79999999999977,96.0,0.0,354.0,727.6000000000026,6203.399999999998,5849.399999999998,2.9246999999999987,0.8825,1175.0
uniform_reliability,0,verify_and_retry,1765,1799,34,201,0,0,0,77,111,2000,0,8825.0,1799.0,1200.0000000000007,0.0,33.30000000000004,96.0,0.0,354.0,1329.3000000000006,5696.699999999999,5342.699999999999,2.6713499999999994,0.8825,1175.0
uniform_reliability,0,scope_only,1635,1938,303,0,0,0,62,0,0,0,0,8175.0,1938.0,0.0,0.0,0.0,0.0,199.99999999999292,12.0,199.99999999999292,6037.000000000007,6025.000000000007,3.0125000000000037,0.8175,1825.0
uniform_reliability,0,repair_no_appeal,1294,1379,85,63,558,449,0,55,140,621,0,6470.0,1379.0,372.6000000000027,72.09999999999805,41.99999999999996,68.0,0.0,276.0,554.7000000000007,4536.299999999999,4260.299999999999,2.1301499999999995,0.647,3530.0
uniform_reliability,0,repair_with_scope,1323,1418,95,62,471,378,49,54,197,578,0,6615.0,1418.0,346.8000000000017,73.99999999999794,59.099999999999795,69.0,152.8999999999956,0.0,701.7999999999951,4495.200000000005,4495.200000000005,2.2476000000000025,0.6615,3385.0
uniform_reliability,1,always_verify,1708,1815,107,185,0,0,0,0,0,2000,0,8540.0,1815.0,1200.0000000000007,0.0,0.0,0.0,0.0,228.0,1200.0000000000007,5524.999999999999,5296.999999999999,2.6484999999999994,0.854,1460.0
uniform_reliability,1,naive_trust,1708,2000,292,0,0,0,0,0,0,0,0,8540.0,2000.0,0.0,0.0,0.0,0.0,0.0,228.0,0.0,6540.0,6312.0,3.156,0.854,1460.0
uniform_reliability,1,reputation_only,1235,1350,115,61,589,473,0,0,0,617,0,6175.0,1350.0,370.2000000000026,0.0,0.0,0.0,0.0,126.0,370.2000000000026,4454.799999999997,4328.799999999997,2.1643999999999988,0.6175,3825.0
uniform_reliability,1,repair,1434,1516,82,61,423,329,0,55,175,535,0,7170.0,1516.0,321.00000000000074,78.84999999999766,52.49999999999986,70.0,0.0,204.0,522.3499999999983,5131.6500000000015,4927.6500000000015,2.463825000000001,0.717,2830.0
uniform_reliability,1,repair_no_exclusion,1783,1896,113,104,0,0,0,75,188,748,0,8915.0,1896.0,448.8000000000056,99.99999999999646,56.39999999999982,95.0,0.0,270.0,700.2000000000019,6318.799999999998,6048.799999999998,3.024399999999999,0.8915,1085.0
uniform_reliability,1,verify_and_retry,1783,1815,32,185,0,0,0,75,107,2000,0,8915.0,1815.0,1200.0000000000007,0.0,32.10000000000005,95.0,0.0,270.0,1327.1000000000008,5772.9,5502.9,2.7514499999999997,0.8915,1085.0
uniform_reliability,1,scope_only,1672,1944,272,0,0,0,56,0,0,0,0,8360.0,1944.0,0.0,0.0,0.0,0.0,199.99999999999292,12.0,199.99999999999292,6216.000000000007,6204.000000000007,3.1020000000000034,0.836,1640.0
uniform_reliability,1,repair_no_appeal,1383,1457,74,60,483,378,0,53,127,567,0,6915.0,1457.0,340.20000000000147,75.84999999999783,38.099999999999994,67.0,0.0,198.0,521.1499999999993,4936.85,4738.85,2.369425,0.6915,3085.0
uniform_reliability,1,repair_with_scope,1420,1499,79,58,405,312,38,51,168,517,0,7100.0,1499.0,310.20000000000033,77.84999999999772,50.39999999999988,64.0,159.49999999999523,12.0,661.9499999999931,4939.050000000007,4927.050000000007,2.4635250000000033,0.71,2900.0
uniform_reliability,2,always_verify,1713,1820,107,180,0,0,0,0,0,2000,0,8565.0,1820.0,1200.0000000000007,0.0,0.0,0.0,0.0,306.0,1200.0000000000007,5544.999999999999,5238.999999999999,2.6194999999999995,0.8565,1435.0
uniform_reliability,2,naive_trust,1713,2000,287,0,0,0,0,0,0,0,0,8565.0,2000.0,0.0,0.0,0.0,0.0,0.0,306.0,0.0,6565.0,6259.0,3.1295,0.8565,1435.0
uniform_reliability,2,reputation_only,1195,1314,119,63,623,518,0,0,0,624,0,5975.0,1314.0,374.40000000000276,0.0,0.0,0.0,0.0,234.0,374.40000000000276,4286.599999999998,4052.5999999999976,2.0262999999999987,0.5975,4025.0
uniform_reliability,2,repair,1431,1520,89,54,426,339,0,57,184,543,0,7155.0,1520.0,325.8000000000009,78.69999999999767,55.19999999999983,68.0,0.0,294.0,527.6999999999985,5107.300000000001,4813.300000000001,2.4066500000000004,0.7155,2845.0
uniform_reliability,2,repair_no_exclusion,1791,1914,123,86,0,0,0,78,201,732,0,8955.0,1914.0,439.2000000000052,99.99999999999646,60.299999999999784,93.0,0.0,342.0,692.5000000000015,6348.499999999998,6006.499999999998,3.003249999999999,0.8955,1045.0
uniform_reliability,2,verify_and_retry,1791,1820,29,180,0,0,0,78,107,2000,0,8955.0,1820.0,1200.0000000000007,0.0,32.10000000000005,93.0,0.0,342.0,1325.1000000000008,5809.9,5467.9,2.7339499999999997,0.8955,1045.0
uniform_reliability,2,scope_only,1663,1937,274,0,0,0,63,0,0,0,0,8315.0,1937.0,0.0,0.0,0.0,0.0,199.99999999999292,6.0,199.99999999999292,6178.000000000007,6172.000000000007,3.086000000000004,0.8315,1685.0
uniform_reliability,2,repair_no_appeal,1351,1437,86,55,508,415,0,53,139,580,0,6755.0,1437.0,348.00000000000176,74.5999999999979,41.69999999999996,64.0,0.0,288.0,528.2999999999996,4789.700000000001,4501.700000000001,2.2508500000000002,0.6755,3245.0
uniform_reliability,2,repair_with_scope,1390,1478,88,52,417,332,53,52,178,530,0,6950.0,1478.0,318.0000000000006,76.4999999999978,53.39999999999985,63.0,158.2999999999953,6.0,669.1999999999936,4802.800000000007,4796.800000000007,2.398400000000003,0.695,3050.0
uniform_reliability,3,always_verify,1712,1824,112,176,0,0,0,0,0,2000,0,8560.0,1824.0,1200.0000000000007,0.0,0.0,0.0,0.0,336.0,1200.0000000000007,5535.999999999999,5199.999999999999,2.5999999999999996,0.856,1440.0
uniform_reliability,3,naive_trust,1712,2000,288,0,0,0,0,0,0,0,0,8560.0,2000.0,0.0,0.0,0.0,0.0,0.0,336.0,0.0,6560.0,6224.0,3.112,0.856,1440.0
uniform_reliability,3,reputation_only,1206,1331,125,56,613,506,0,0,0,622,0,6030.0,1331.0,373.2000000000027,0.0,0.0,0.0,0.0,216.0,373.2000000000027,4325.799999999997,4109.799999999997,2.0548999999999986,0.603,3970.0
uniform_reliability,3,repair,1436,1527,91,51,422,334,0,58,182,538,0,7180.0,1527.0,322.8000000000008,78.89999999999766,54.59999999999984,75.0,0.0,300.0,531.2999999999984,5121.700000000002,4821.700000000002,2.410850000000001,0.718,2820.0
uniform_reliability,3,repair_no_exclusion,1786,1913,127,87,0,0,0,74,201,715,0,8930.0,1913.0,429.00000000000483,99.99999999999646,60.299999999999784,97.0,0.0,366.0,686.3000000000011,6330.699999999999,5964.699999999999,2.9823499999999994,0.893,1070.0
uniform_reliability,3,verify_and_retry,1786,1824,38,176,0,0,0,74,112,2000,0,8930.0,1824.0,1200.0000000000007,0.0,33.60000000000004,97.0,0.0,366.0,1330.6000000000008,5775.4,5409.4,2.7047,0.893,1070.0
uniform_reliability,3,scope_only,1657,1935,278,0,0,0,65,0,0,0,0,8285.0,1935.0,0.0,0.0,0.0,0.0,199.99999999999292,6.0,199.99999999999292,6150.000000000007,6144.000000000007,3.0720000000000036,0.8285,1715.0
uniform_reliability,3,repair_no_appeal,1371,1459,88,51,490,397,0,56,144,572,0,6855.0,1459.0,343.2000000000016,75.49999999999785,43.199999999999946,73.0,0.0,288.0,534.8999999999994,4861.1,4573.1,2.28655,0.6855,3145.0
uniform_reliability,3,repair_with_scope,1396,1486,90,49,413,326,52,55,178,526,0,6980.0,1486.0,315.60000000000053,76.74999999999778,53.39999999999985,71.0,158.69999999999527,6.0,675.4499999999935,4818.550000000007,4812.550000000007,2.4062750000000035,0.698,3020.0
uniform_reliability,4,always_verify,1707,1804,97,196,0,0,0,0,0,2000,0,8535.0,1804.0,1200.0000000000007,0.0,0.0,0.0,0.0,330.0,1200.0000000000007,5530.999999999999,5200.999999999999,2.6004999999999994,0.8535,1465.0
uniform_reliability,4,naive_trust,1707,2000,293,0,0,0,0,0,0,0,0,8535.0,2000.0,0.0,0.0,0.0,0.0,0.0,330.0,0.0,6535.0,6205.0,3.1025,0.8535,1465.0
uniform_reliability,4,reputation_only,1205,1321,116,58,621,502,0,0,0,648,0,6025.0,1321.0,388.8000000000033,0.0,0.0,0.0,0.0,210.0,388.8000000000033,4315.199999999997,4105.199999999997,2.0525999999999986,0.6025,3975.0
uniform_reliability,4,repair,1408,1505,97,51,444,348,0,49,189,577,0,7040.0,1505.0,346.2000000000017,77.79999999999772,56.69999999999982,64.0,0.0,252.0,544.6999999999992,4990.300000000001,4738.300000000001,2.3691500000000008,0.704,2960.0
uniform_reliability,4,repair_no_exclusion,1772,1889,117,111,0,0,0,65,182,763,0,8860.0,1889.0,457.8000000000059,99.99999999999646,54.59999999999984,83.0,0.0,342.0,695.4000000000023,6275.599999999998,5933.599999999998,2.9667999999999988,0.886,1140.0
uniform_reliability,4,verify_and_retry,1772,1804,32,196,0,0,0,65,97,2000,0,8860.0,1804.0,1200.0000000000007,0.0,29.100000000000048,83.0,0.0,342.0,1312.1000000000008,5743.9,5401.9,2.7009499999999997,0.886,1140.0
uniform_reliability,4,scope_only,1653,1936,283,0,0,0,64,0,0,0,0,8265.0,1936.0,0.0,0.0,0.0,0.0,199.99999999999292,6.0,199.99999999999292,6129.000000000007,6123.000000000007,3.0615000000000037,0.8265,1735.0
uniform_reliability,4,repair_no_appeal,1317,1402,85,58,540,437,0,47,132,623,0,6585.0,1402.0,373.80000000000274,72.999999999998,39.59999999999998,62.0,0.0,228.0,548.4000000000008,4634.599999999999,4406.599999999999,2.2032999999999996,0.6585,3415.0
uniform_reliability,4,repair_with_scope,1370,1463,93,52,436,344,49,48,184,568,0,6850.0,1463.0,340.8000000000015,75.74999999999784,55.19999999999983,62.0,156.3999999999954,6.0,690.1499999999945,4696.850000000006,4690.850000000006,2.3454250000000028,0.685,3150.0
uniform_reliability,5,always_verify,1683,1795,112,205,0,0,0,0,0,2000,0,8415.0,1795.0,1200.0000000000007,0.0,0.0,0.0,0.0,330.0,1200.0000000000007,5419.999999999999,5089.999999999999,2.5449999999999995,0.8415,1585.0
uniform_reliability,5,naive_trust,1683,2000,317,0,0,0,0,0,0,0,0,8415.0,2000.0,0.0,0.0,0.0,0.0,0.0,330.0,0.0,6415.0,6085.0,3.0425,0.8415,1585.0
uniform_reliability,5,reputation_only,1144,1268,124,66,666,539,0,0,0,652,0,5720.0,1268.0,391.2000000000034,0.0,0.0,0.0,0.0,234.0,391.2000000000034,4060.7999999999965,3826.7999999999965,1.9133999999999982,0.572,4280.0
uniform_reliability,5,repair,1389,1483,94,62,455,356,0,62,203,561,0,6945.0,1483.0,336.60000000000133,77.24999999999775,60.89999999999978,75.0,0.0,264.0,549.7499999999989,4912.250000000001,4648.250000000001,2.3241250000000004,0.6945,3055.0
uniform_reliability,5,repair_no_exclusion,1766,1893,127,107,0,0,0,83,210,767,0,8830.0,1893.0,460.200000000006,99.99999999999646,62.99999999999976,102.0,0.0,342.0,725.2000000000022,6211.799999999997,5869.799999999997,2.9348999999999985,0.883,1170.0
uniform_reliability,5,verify_and_retry,1766,1795,29,205,0,0,0,83,112,2000,0,8830.0,1795.0,1200.0000000000007,0.0,33.60000000000004,102.0,0.0,342.0,1335.6000000000008,5699.4,5357.4,2.6786999999999996,0.883,1170.0
uniform_reliability,5,scope_only,1632,1942,310,0,0,0,58,0,0,0,0,8160.0,1942.0,0.0,0.0,0.0,0.0,199.99999999999292,24.0,199.99999999999292,6018.000000000007,5994.000000000007,2.9970000000000034,0.816,1840.0
uniform_reliability,5,repair_no_appeal,1308,1392,84,62,546,431,0,56,140,589,0,6540.0,1392.0,353.40000000000197,72.69999999999801,41.99999999999996,68.0,0.0,252.0,536.0999999999999,4611.9,4359.9,2.17995,0.654,3460.0
uniform_reliability,5,repair_with_scope,1355,1445,90,63,446,350,46,63,200,549,0,6775.0,1445.0,329.40000000000106,75.39999999999786,59.99999999999979,76.0,155.39999999999546,24.0,696.1999999999941,4633.800000000006,4609.800000000006,2.3049000000000026,0.6775,3225.0
uniform_reliability,6,always_verify,1682,1791,109,209,0,0,0,0,0,2000,0,8410.0,1791.0,1200.0000000000007,0.0,0.0,0.0,0.0,312.0,1200.0000000000007,5418.999999999999,5106.999999999999,2.5534999999999997,0.841,1590.0
uniform_reliability,6,naive_trust,1682,2000,318,0,0,0,0,0,0,0,0,8410.0,2000.0,0.0,0.0,0.0,0.0,0.0,312.0,0.0,6410.0,6098.0,3.049,0.841,1590.0
uniform_reliability,6,reputation_only,1119,1244,125,66,690,563,0,0,0,664,0,5595.0,1244.0,398.4000000000037,0.0,0.0,0.0,0.0,234.0,398.4000000000037,3952.5999999999963,3718.5999999999963,1.8592999999999982,0.5595,4405.0
uniform_reliability,6,repair,1366,1468,102,55,477,369,0,53,213,602,0,6830.0,1468.0,361.20000000000226,76.14999999999782,63.89999999999975,71.0,0.0,270.0,572.2499999999998,4789.75,4519.75,2.259875,0.683,3170.0
uniform_reliability,6,repair_no_exclusion,1748,1885,137,115,0,0,0,66,203,819,0,8740.0,1885.0,491.4000000000072,99.99999999999646,60.89999999999978,91.0,0.0,324.0,743.3000000000035,6111.699999999996,5787.699999999996,2.8938499999999983,0.874,1260.0
uniform_reliability,6,verify_and_retry,1748,1791,43,209,0,0,0,66,109,2000,0,8740.0,1791.0,1200.0000000000007,0.0,32.700000000000045,91.0,0.0,324.0,1323.7000000000007,5625.299999999999,5301.299999999999,2.6506499999999997,0.874,1260.0
uniform_reliability,6,scope_only,1633,1943,310,0,0,0,57,0,0,0,0,8165.0,1943.0,0.0,0.0,0.0,0.0,199.99999999999292,18.0,199.99999999999292,6022.000000000007,6004.000000000007,3.0020000000000038,0.8165,1835.0
uniform_reliability,6,repair_no_appeal,1274,1365,91,57,578,458,0,50,141,632,0,6370.0,1365.0,379.20000000000294,71.0999999999981,42.299999999999955,66.0,0.0,252.0,558.600000000001,4446.399999999999,4194.399999999999,2.0971999999999995,0.637,3630.0
uniform_reliability,6,repair_with_scope,1326,1425,99,56,473,366,46,51,208,596,0,6630.0,1425.0,357.6000000000021,74.04999999999794,62.399999999999764,69.0,152.6999999999956,12.0,715.7499999999955,4489.250000000005,4477.250000000005,2.238625000000002,0.663,3370.0
uniform_reliability,7,always_verify,1693,1804,111,196,0,0,0,0,0,2000,0,8465.0,1804.0,1200.0000000000007,0.0,0.0,0.0,0.0,342.0,1200.0000000000007,5460.999999999999,5118.999999999999,2.5594999999999994,0.8465,1535.0
uniform_reliability,7,naive_trust,1693,2000,307,0,0,0,0,0,0,0,0,8465.0,2000.0,0.0,0.0,0.0,0.0,0.0,342.0,0.0,6465.0,6123.0,3.0615,0.8465,1535.0
uniform_reliability,7,reputation_only,1158,1290,132,57,653,535,0,0,0,647,0,5790.0,1290.0,388.2000000000033,0.0,0.0,0.0,0.0,252.0,388.2000000000033,4111.7999999999965,3859.7999999999965,1.9298999999999982,0.579,4210.0
uniform_reliability,7,repair,1380,1481,101,54,465,372,0,59,202,576,0,6900.0,1481.0,345.60000000000167,76.74999999999778,60.59999999999978,69.0,0.0,276.0,551.9499999999992,4867.050000000001,4591.050000000001,2.2955250000000005,0.69,3100.0
uniform_reliability,7,repair_no_exclusion,1774,1908,134,92,0,0,0,81,215,772,0,8870.0,1908.0,463.2000000000061,99.99999999999646,64.49999999999974,99.0,0.0,360.0,726.7000000000023,6235.299999999997,5875.299999999997,2.9376499999999988,0.887,1130.0
uniform_reliability,7,verify_and_retry,1774,1804,30,196,0,0,0,81,111,2000,0,8870.0,1804.0,1200.0000000000007,0.0,33.30000000000004,99.0,0.0,360.0,1332.3000000000006,5733.699999999999,5373.699999999999,2.6868499999999993,0.887,1130.0
uniform_reliability,7,scope_only,1639,1941,302,0,0,0,59,0,0,0,0,8195.0,1941.0,0.0,0.0,0.0,0.0,199.99999999999292,18.0,199.99999999999292,6054.000000000007,6036.000000000007,3.018000000000004,0.8195,1805.0
uniform_reliability,7,repair_no_appeal,1313,1408,95,53,539,433,0,53,148,595,0,6565.0,1408.0,357.0000000000021,73.049999999998,44.399999999999935,64.0,0.0,258.0,538.45,4618.55,4360.55,2.180275,0.6565,3435.0
uniform_reliability,7,repair_with_scope,1337,1436,99,56,465,372,43,57,198,565,0,6685.0,1436.0,339.0000000000014,74.5999999999979,59.39999999999979,67.0,153.49999999999557,18.0,693.4999999999947,4555.5000000000055,4537.5000000000055,2.268750000000003,0.6685,3315.0
uniform_reliability,8,always_verify,1685,1793,108,207,0,0,0,0,0,2000,0,8425.0,1793.0,1200.0000000000007,0.0,0.0,0.0,0.0,324.0,1200.0000000000007,5431.999999999999,5107.999999999999,2.5539999999999994,0.8425,1575.0
uniform_reliability,8,naive_trust,1685,2000,315,0,0,0,0,0,0,0,0,8425.0,2000.0,0.0,0.0,0.0,0.0,0.0,324.0,0.0,6425.0,6101.0,3.0505,0.8425,1575.0
uniform_reliability,8,reputation_only,1138,1274,136,66,660,547,0,0,0,657,0,5690.0,1274.0,394.2000000000035,0.0,0.0,0.0,0.0,222.0,394.2000000000035,4021.7999999999965,3799.7999999999965,1.8998999999999984,0.569,4310.0
uniform_reliability,8,repair,1369,1463,94,65,472,384,0,68,190,568,0,6845.0,1463.0,340.8000000000015,76.3999999999978,56.999999999999815,82.0,0.0,258.0,556.1999999999991,4825.800000000001,4567.800000000001,2.2839000000000005,0.6845,3155.0
uniform_reliability,8,repair_no_exclusion,1766,1888,122,112,0,0,0,81,203,794,0,8830.0,1888.0,476.4000000000066,99.99999999999646,60.89999999999978,99.0,0.0,342.0,736.3000000000029,6205.699999999997,5863.699999999997,2.9318499999999985,0.883,1170.0
uniform_reliability,8,verify_and_retry,1766,1793,27,207,0,0,0,81,108,2000,0,8830.0,1793.0,1200.0000000000007,0.0,32.40000000000005,99.0,0.0,342.0,1331.4000000000008,5705.599999999999,5363.599999999999,2.6817999999999995,0.883,1170.0
uniform_reliability,8,scope_only,1631,1936,305,0,0,0,64,0,0,0,0,8155.0,1936.0,0.0,0.0,0.0,0.0,199.99999999999292,0.0,199.99999999999292,6019.000000000007,6019.000000000007,3.0095000000000036,0.8155,1845.0
uniform_reliability,8,repair_no_appeal,1316,1410,94,61,529,433,0,64,158,589,0,6580.0,1410.0,353.40000000000197,73.54999999999797,47.399999999999906,78.0,0.0,270.0,552.3499999999998,4617.650000000001,4347.650000000001,2.1738250000000003,0.658,3420.0
uniform_reliability,8,repair_with_scope,1332,1423,91,64,462,377,51,66,185,553,0,6660.0,1423.0,331.80000000000115,74.34999999999792,55.49999999999983,78.0,153.79999999999555,0.0,693.4499999999945,4543.550000000006,4543.550000000006,2.271775000000003,0.666,3340.0
uniform_reliability,9,always_verify,1702,1807,105,193,0,0,0,0,0,2000,0,8510.0,1807.0,1200.0000000000007,0.0,0.0,0.0,0.0,360.0,1200.0000000000007,5502.999999999999,5142.999999999999,2.5714999999999995,0.851,1490.0
uniform_reliability,9,naive_trust,1702,2000,298,0,0,0,0,0,0,0,0,8510.0,2000.0,0.0,0.0,0.0,0.0,0.0,360.0,0.0,6510.0,6150.0,3.075,0.851,1490.0
uniform_reliability,9,reputation_only,1135,1261,126,64,675,567,0,0,0,650,0,5675.0,1261.0,390.00000000000335,0.0,0.0,0.0,0.0,240.0,390.00000000000335,4023.999999999997,3783.999999999997,1.8919999999999983,0.5675,4325.0
uniform_reliability,9,repair,1379,1481,102,53,466,380,0,57,204,577,0,6895.0,1481.0,346.2000000000017,76.69999999999779,61.199999999999775,71.0,0.0,312.0,555.0999999999992,4858.900000000001,4546.900000000001,2.2734500000000004,0.6895,3105.0
uniform_reliability,9,repair_no_exclusion,1773,1902,129,98,0,0,0,71,200,756,0,8865.0,1902.0,453.60000000000576,99.99999999999646,59.99999999999979,88.0,0.0,384.0,701.600000000002,6261.399999999998,5877.399999999998,2.938699999999999,0.8865,1135.0
uniform_reliability,9,verify_and_retry,1773,1807,34,193,0,0,0,71,105,2000,0,8865.0,1807.0,1200.0000000000007,0.0,31.500000000000053,88.0,0.0,384.0,1319.5000000000007,5738.499999999999,5354.499999999999,2.6772499999999995,0.8865,1135.0
uniform_reliability,9,scope_only,1646,1934,288,0,0,0,66,0,0,0,0,8230.0,1934.0,0.0,0.0,0.0,0.0,199.99999999999292,24.0,199.99999999999292,6096.000000000007,6072.000000000007,3.0360000000000036,0.823,1770.0
uniform_reliability,9,repair_no_appeal,1283,1373,90,61,566,474,0,55,145,604,0,6415.0,1373.0,362.4000000000023,71.69999999999807,43.49999999999994,68.0,0.0,294.0,545.6000000000004,4496.4,4202.4,2.1012,0.6415,3585.0
uniform_reliability,9,repair_with_scope,1331,1432,101,53,463,380,52,54,200,573,0,6655.0,1432.0,343.8000000000016,74.24999999999793,59.99999999999979,68.0,153.69999999999555,24.0,699.7499999999949,4523.2500000000055,4499.2500000000055,2.2496250000000027,0.6655,3345.0
uniform_reliability,10,always_verify,1705,1815,110,185,0,0,0,0,0,2000,0,8525.0,1815.0,1200.0000000000007,0.0,0.0,0.0,0.0,252.0,1200.0000000000007,5509.999999999999,5257.999999999999,2.6289999999999996,0.8525,1475.0
uniform_reliability,10,naive_trust,1705,2000,295,0,0,0,0,0,0,0,0,8525.0,2000.0,0.0,0.0,0.0,0.0,0.0,252.0,0.0,6525.0,6273.0,3.1365,0.8525,1475.0
uniform_reliability,10,reputation_only,1225,1340,115,58,602,480,0,0,0,632,0,6125.0,1340.0,379.20000000000294,0.0,0.0,0.0,0.0,186.0,379.20000000000294,4405.799999999997,4219.799999999997,2.1098999999999988,0.6125,3875.0
uniform_reliability,10,repair,1417,1507,90,57,436,344,0,56,189,560,0,7085.0,1507.0,336.0000000000013,78.1999999999977,56.69999999999982,74.0,0.0,240.0,544.8999999999988,5033.100000000001,4793.100000000001,2.396550000000001,0.7085,2915.0
uniform_reliability,10,repair_no_exclusion,1776,1891,115,109,0,0,0,71,186,767,0,8880.0,1891.0,460.200000000006,99.99999999999646,55.79999999999983,91.0,0.0,264.0,707.0000000000023,6281.999999999998,6017.999999999998,3.008999999999999,0.888,1120.0
uniform_reliability,10,verify_and_retry,1776,1815,39,185,0,0,0,71,110,2000,0,8880.0,1815.0,1200.0000000000007,0.0,33.00000000000004,91.0,0.0,264.0,1324.0000000000007,5740.999999999999,5476.999999999999,2.7384999999999997,0.888,1120.0
uniform_reliability,10,scope_only,1665,1951,286,0,0,0,49,0,0,0,0,8325.0,1951.0,0.0,0.0,0.0,0.0,199.99999999999292,12.0,199.99999999999292,6174.000000000007,6162.000000000007,3.0810000000000035,0.8325,1675.0
uniform_reliability,10,repair_no_appeal,1345,1426,81,58,516,414,0,54,135,585,0,6725.0,1426.0,351.0000000000019,74.19999999999793,40.49999999999997,70.0,0.0,222.0,535.6999999999998,4763.3,4541.3,2.2706500000000003,0.6725,3275.0
uniform_reliability,10,repair_with_scope,1380,1469,89,56,430,342,45,54,186,547,0,6900.0,1469.0,328.200000000001,76.24999999999781,55.79999999999983,71.0,156.99999999999537,12.0,688.249999999994,4742.750000000006,4730.750000000006,2.3653750000000033,0.69,3100.0
uniform_reliability,11,always_verify,1710,1822,112,178,0,0,0,0,0,2000,0,8550.0,1822.0,1200.0000000000007,0.0,0.0,0.0,0.0,330.0,1200.0000000000007,5527.999999999999,5197.999999999999,2.5989999999999998,0.855,1450.0
uniform_reliability,11,naive_trust,1710,2000,290,0,0,0,0,0,0,0,0,8550.0,2000.0,0.0,0.0,0.0,0.0,0.0,330.0,0.0,6550.0,6220.0,3.11,0.855,1450.0
uniform_reliability,11,reputation_only,1185,1314,129,52,634,525,0,0,0,651,0,5925.0,1314.0,390.6000000000034,0.0,0.0,0.0,0.0,240.0,390.6000000000034,4220.399999999997,3980.399999999997,1.9901999999999984,0.5925,4075.0
uniform_reliability,11,repair,1419,1515,96,52,433,347,0,56,194,558,0,7095.0,1515.0,334.80000000000126,78.34999999999769,58.199999999999804,73.0,0.0,294.0,544.3499999999988,5035.6500000000015,4741.6500000000015,2.370825000000001,0.7095,2905.0
uniform_reliability,11,repair_no_exclusion,1778,1902,124,98,0,0,0,68,192,757,0,8890.0,1902.0,454.2000000000058,99.99999999999646,57.59999999999981,91.0,0.0,354.0,702.800000000002,6285.199999999998,5931.199999999998,2.965599999999999,0.889,1110.0
uniform_reliability,11,verify_and_retry,1778,1822,44,178,0,0,0,68,112,2000,0,8890.0,1822.0,1200.0000000000007,0.0,33.60000000000004,91.0,0.0,354.0,1324.6000000000008,5743.4,5389.4,2.6946999999999997,0.889,1110.0
uniform_reliability,11,scope_only,1657,1932,275,0,0,0,68,0,0,0,0,8285.0,1932.0,0.0,0.0,0.0,0.0,199.99999999999292,12.0,199.99999999999292,6153.000000000007,6141.000000000007,3.0705000000000036,0.8285,1715.0
uniform_reliability,11,repair_no_appeal,1328,1417,89,55,528,437,0,55,144,593,0,6640.0,1417.0,355.80000000000206,73.59999999999796,43.199999999999946,72.0,0.0,282.0,544.5999999999999,4678.4,4396.4,2.1982,0.664,3360.0
uniform_reliability,11,repair_with_scope,1379,1470,91,52,421,340,57,53,186,543,0,6895.0,1470.0,325.8000000000009,76.09999999999782,55.79999999999983,67.0,157.89999999999532,12.0,682.5999999999939,4742.400000000006,4730.400000000006,2.365200000000003,0.6895,3105.0
uniform_reliability,12,always_verify,1698,1798,100,202,0,0,0,0,0,2000,0,8490.0,1798.0,1200.0000000000007,0.0,0.0,0.0,0.0,300.0,1200.0000000000007,5491.999999999999,5191.999999999999,2.5959999999999996,0.849,1510.0
uniform_reliability,12,naive_trust,1698,2000,302,0,0,0,0,0,0,0,0,8490.0,2000.0,0.0,0.0,0.0,0.0,0.0,300.0,0.0,6490.0,6190.0,3.095,0.849,1510.0
uniform_reliability,12,reputation_only,1159,1280,121,68,652,539,0,0,0,643,0,5795.0,1280.0,385.8000000000032,0.0,0.0,0.0,0.0,198.0,385.8000000000032,4129.199999999997,3931.199999999997,1.9655999999999985,0.5795,4205.0
uniform_reliability,12,repair,1404,1494,90,60,446,353,0,59,194,551,0,7020.0,1494.0,330.6000000000011,77.69999999999773,58.199999999999804,72.0,0.0,240.0,538.4999999999986,4987.500000000002,4747.500000000002,2.3737500000000007,0.702,2980.0
uniform_reliability,12,repair_no_exclusion,1772,1891,119,109,0,0,0,74,193,764,0,8860.0,1891.0,458.40000000000595,99.99999999999646,57.89999999999981,87.0,0.0,306.0,703.3000000000022,6265.699999999998,5959.699999999998,2.979849999999999,0.886,1140.0
uniform_reliability,12,verify_and_retry,1772,1798,26,202,0,0,0,74,100,2000,0,8860.0,1798.0,1200.0000000000007,0.0,30.00000000000005,87.0,0.0,306.0,1317.0000000000007,5744.999999999999,5438.999999999999,2.7194999999999996,0.886,1140.0
uniform_reliability,12,scope_only,1648,1941,293,0,0,0,59,0,0,0,0,8240.0,1941.0,0.0,0.0,0.0,0.0,199.99999999999292,0.0,199.99999999999292,6099.000000000007,6099.000000000007,3.0495000000000037,0.824,1760.0
uniform_reliability,12,repair_no_appeal,1327,1410,83,62,528,428,0,57,140,573,0,6635.0,1410.0,343.8000000000016,73.59999999999796,41.99999999999996,69.0,0.0,228.0,528.3999999999995,4696.6,4468.6,2.2343,0.6635,3365.0
uniform_reliability,12,repair_with_scope,1375,1462,87,59,434,343,45,59,191,537,0,6875.0,1462.0,322.2000000000008,76.04999999999782,57.29999999999981,72.0,156.5999999999954,0.0,684.1499999999938,4728.850000000006,4728.850000000006,2.364425000000003,0.6875,3125.0
uniform_reliability,13,always_verify,1678,1800,122,200,0,0,0,0,0,2000,0,8390.0,1800.0,1200.0000000000007,0.0,0.0,0.0,0.0,336.0,1200.0000000000007,5389.999999999999,5053.999999999999,2.5269999999999997,0.839,1610.0
uniform_reliability,13,naive_trust,1678,2000,322,0,0,0,0,0,0,0,0,8390.0,2000.0,0.0,0.0,0.0,0.0,0.0,336.0,0.0,6390.0,6054.0,3.027,0.839,1610.0
uniform_reliability,13,reputation_only,1120,1263,143,54,683,558,0,0,0,665,0,5600.0,1263.0,399.0000000000037,0.0,0.0,0.0,0.0,210.0,399.0000000000037,3937.9999999999964,3727.9999999999964,1.863999999999998,0.56,4400.0
uniform_reliability,13,repair,1380,1483,103,51,466,371,0,73,218,577,0,6900.0,1483.0,346.2000000000017,76.69999999999779,65.39999999999974,85.0,0.0,306.0,573.2999999999993,4843.700000000001,4537.700000000001,2.2688500000000005,0.69,3100.0
uniform_reliability,13,repair_no_exclusion,1770,1902,132,98,0,0,0,92,224,762,0,8850.0,1902.0,457.2000000000059,99.99999999999646,67.19999999999972,104.0,0.0,348.0,728.4000000000021,6219.599999999998,5871.599999999998,2.9357999999999986,0.885,1150.0
uniform_reliability,13,verify_and_retry,1770,1800,30,200,0,0,0,92,122,2000,0,8850.0,1800.0,1200.0000000000007,0.0,36.60000000000001,104.0,0.0,348.0,1340.6000000000006,5709.4,5361.4,2.6807,0.885,1150.0
uniform_reliability,13,scope_only,1624,1935,311,0,0,0,65,0,0,0,0,8120.0,1935.0,0.0,0.0,0.0,0.0,199.99999999999292,12.0,199.99999999999292,5985.000000000007,5973.000000000007,2.9865000000000035,0.812,1880.0
uniform_reliability,13,repair_no_appeal,1315,1411,96,50,539,433,0,70,166,600,0,6575.0,1411.0,360.0000000000022,73.049999999998,49.79999999999988,82.0,0.0,294.0,564.8500000000001,4599.15,4305.15,2.1525749999999997,0.6575,3425.0
uniform_reliability,13,repair_with_scope,1341,1443,102,48,454,360,55,71,215,569,0,6705.0,1443.0,341.4000000000015,74.54999999999791,64.49999999999974,82.0,154.5999999999955,6.0,717.0499999999947,4544.950000000005,4538.950000000005,2.2694750000000026,0.6705,3295.0
uniform_reliability,14,always_verify,1713,1809,96,191,0,0,0,0,0,2000,0,8565.0,1809.0,1200.0000000000007,0.0,0.0,0.0,0.0,336.0,1200.0000000000007,5555.999999999999,5219.999999999999,2.6099999999999994,0.8565,1435.0
uniform_reliability,14,naive_trust,1713,2000,287,0,0,0,0,0,0,0,0,8565.0,2000.0,0.0,0.0,0.0,0.0,0.0,336.0,0.0,6565.0,6229.0,3.1145,0.8565,1435.0
uniform_reliability,14,reputation_only,1257,1372,115,58,570,456,0,0,0,617,0,6285.0,1372.0,370.2000000000026,0.0,0.0,0.0,0.0,276.0,370.2000000000026,4542.799999999997,4266.799999999997,2.1333999999999986,0.6285,3715.0
uniform_reliability,14,repair,1417,1508,91,57,435,343,0,47,169,566,0,7085.0,1508.0,339.60000000000144,78.2499999999977,50.699999999999875,64.0,0.0,312.0,532.549999999999,5044.450000000001,4732.450000000001,2.3662250000000005,0.7085,2915.0
uniform_reliability,14,repair_no_exclusion,1778,1900,122,100,0,0,0,65,187,773,0,8890.0,1900.0,463.80000000000615,99.99999999999646,56.099999999999824,86.0,0.0,354.0,705.9000000000025,6284.099999999998,5930.099999999998,2.965049999999999,0.889,1110.0
uniform_reliability,14,verify_and_retry,1778,1809,31,191,0,0,0,65,96,2000,0,8890.0,1809.0,1200.0000000000007,0.0,28.800000000000047,86.0,0.0,354.0,1314.8000000000006,5766.199999999999,5412.199999999999,2.7060999999999993,0.889,1110.0
uniform_reliability,14,scope_only,1662,1944,282,0,0,0,56,0,0,0,0,8310.0,1944.0,0.0,0.0,0.0,0.0,199.99999999999292,30.0,199.99999999999292,6166.000000000007,6136.000000000007,3.0680000000000036,0.831,1690.0
uniform_reliability,14,repair_no_appeal,1378,1461,83,58,481,382,0,47,130,579,0,6890.0,1461.0,347.40000000000174,75.94999999999783,38.999999999999986,63.0,0.0,306.0,525.3499999999996,4903.650000000001,4597.650000000001,2.2988250000000003,0.689,3110.0
uniform_reliability,14,repair_with_scope,1372,1463,91,56,432,340,49,44,166,554,0,6860.0,1463.0,332.40000000000117,75.94999999999783,49.79999999999988,61.0,156.79999999999538,24.0,675.9499999999942,4721.050000000006,4697.050000000006,2.3485250000000026,0.686,3140.0
uniform_reliability,15,always_verify,1707,1805,98,195,0,0,0,0,0,2000,0,8535.0,1805.0,1200.0000000000007,0.0,0.0,0.0,0.0,330.0,1200.0000000000007,5529.999999999999,5199.999999999999,2.5999999999999996,0.8535,1465.0
uniform_reliability,15,naive_trust,1707,2000,293,0,0,0,0,0,0,0,0,8535.0,2000.0,0.0,0.0,0.0,0.0,0.0,330.0,0.0,6535.0,6205.0,3.1025,0.8535,1465.0
uniform_reliability,15,reputation_only,1199,1307,108,65,628,508,0,0,0,650,0,5995.0,1307.0,390.00000000000335,0.0,0.0,0.0,0.0,228.0,390.00000000000335,4297.999999999996,4069.9999999999964,2.0349999999999984,0.5995,4005.0
uniform_reliability,15,repair,1420,1512,92,51,437,341,0,54,196,570,0,7100.0,1512.0,342.00000000000153,78.1499999999977,58.7999999999998,68.0,0.0,264.0,546.949999999999,5041.050000000001,4777.050000000001,2.3885250000000005,0.71,2900.0
uniform_reliability,15,repair_no_exclusion,1775,1896,121,104,0,0,0,68,189,769,0,8875.0,1896.0,461.40000000000606,99.99999999999646,56.69999999999982,85.0,0.0,342.0,703.1000000000023,6275.899999999998,5933.899999999998,2.966949999999999,0.8875,1125.0
uniform_reliability,15,verify_and_retry,1775,1805,30,195,0,0,0,68,98,2000,0,8875.0,1805.0,1200.0000000000007,0.0,29.40000000000005,85.0,0.0,342.0,1314.4000000000008,5755.599999999999,5413.599999999999,2.7068,0.8875,1125.0
uniform_reliability,15,scope_only,1654,1939,285,0,0,0,61,0,0,0,0,8270.0,1939.0,0.0,0.0,0.0,0.0,199.99999999999292,12.0,199.99999999999292,6131.000000000007,6119.000000000007,3.0595000000000034,0.827,1730.0
uniform_reliability,15,repair_no_appeal,1344,1423,79,55,522,412,0,49,128,609,0,6720.0,1423.0,365.4000000000024,73.89999999999795,38.39999999999999,57.0,0.0,252.0,534.7000000000004,4762.299999999999,4510.299999999999,2.2551499999999995,0.672,3280.0
uniform_reliability,15,repair_with_scope,1385,1474,89,51,428,333,47,52,191,560,0,6925.0,1474.0,336.0000000000013,76.24999999999781,57.29999999999981,65.0,157.19999999999536,6.0,691.7499999999943,4759.2500000000055,4753.2500000000055,2.376625000000003,0.6925,3075.0
uniform_reliability,16,always_verify,1689,1812,123,188,0,0,0,0,0,2000,0,8445.0,1812.0,1200.0000000000007,0.0,0.0,0.0,0.0,318.0,1200.0000000000007,5432.999999999999,5114.999999999999,2.5574999999999997,0.8445,1555.0
uniform_reliability,16,naive_trust,1689,2000,311,0,0,0,0,0,0,0,0,8445.0,2000.0,0.0,0.0,0.0,0.0,0.0,318.0,0.0,6445.0,6127.0,3.0635,0.8445,1555.0
uniform_reliability,16,reputation_only,1197,1325,128,61,614,492,0,0,0,638,0,5985.0,1325.0,382.8000000000031,0.0,0.0,0.0,0.0,210.0,382.8000000000031,4277.199999999997,4067.199999999997,2.0335999999999985,0.5985,4015.0
uniform_reliability,16,repair,1423,1511,88,58,431,333,0,67,179,574,0,7115.0,1511.0,344.4000000000016,78.44999999999769,53.69999999999985,83.0,0.0,276.0,559.5499999999992,5044.450000000001,4768.450000000001,2.3842250000000003,0.7115,2885.0
uniform_reliability,16,repair_no_exclusion,1780,1899,119,101,0,0,0,91,210,777,0,8900.0,1899.0,466.20000000000624,99.99999999999646,62.99999999999976,111.0,0.0,342.0,740.2000000000024,6260.799999999997,5918.799999999997,2.9593999999999987,0.89,1100.0
uniform_reliability,16,verify_and_retry,1780,1812,32,188,0,0,0,91,123,2000,0,8900.0,1812.0,1200.0000000000007,0.0,36.900000000000006,111.0,0.0,342.0,1347.9000000000008,5740.099999999999,5398.099999999999,2.6990499999999997,0.89,1100.0
uniform_reliability,16,scope_only,1640,1940,300,0,0,0,60,0,0,0,0,8200.0,1940.0,0.0,0.0,0.0,0.0,199.99999999999292,24.0,199.99999999999292,6060.000000000007,6036.000000000007,3.018000000000004,0.82,1800.0
uniform_reliability,16,repair_no_appeal,1376,1458,82,61,481,379,0,66,148,584,0,6880.0,1458.0,350.40000000000185,75.94999999999783,44.399999999999935,82.0,0.0,258.0,552.7499999999997,4869.25,4611.25,2.305625,0.688,3120.0
uniform_reliability,16,repair_with_scope,1386,1472,86,58,425,328,45,64,174,563,0,6930.0,1472.0,337.8000000000014,76.4999999999978,52.19999999999986,78.0,157.49999999999534,24.0,701.9999999999943,4756.0000000000055,4732.0000000000055,2.3660000000000028,0.693,3070.0
uniform_reliability,17,always_verify,1693,1808,115,192,0,0,0,0,0,2000,0,8465.0,1808.0,1200.0000000000007,0.0,0.0,0.0,0.0,276.0,1200.0000000000007,5456.999999999999,5180.999999999999,2.5904999999999996,0.8465,1535.0
uniform_reliability,17,naive_trust,1693,2000,307,0,0,0,0,0,0,0,0,8465.0,2000.0,0.0,0.0,0.0,0.0,0.0,276.0,0.0,6465.0,6189.0,3.0945,0.8465,1535.0
uniform_reliability,17,reputation_only,1171,1295,124,66,639,522,0,0,0,641,0,5855.0,1295.0,384.60000000000315,0.0,0.0,0.0,0.0,204.0,384.60000000000315,4175.399999999997,3971.399999999997,1.9856999999999985,0.5855,4145.0
uniform_reliability,17,repair,1395,1484,89,63,453,361,0,63,188,545,0,6975.0,1484.0,327.00000000000097,77.34999999999775,56.39999999999982,75.0,0.0,222.0,535.7499999999985,4955.250000000002,4733.250000000002,2.366625000000001,0.6975,3025.0
uniform_reliability,17,repair_no_exclusion,1776,1906,130,94,0,0,0,83,213,759,0,8880.0,1906.0,455.40000000000583,99.99999999999646,63.89999999999975,99.0,0.0,288.0,718.300000000002,6255.699999999998,5967.699999999998,2.983849999999999,0.888,1120.0
uniform_reliability,17,verify_and_retry,1776,1808,32,192,0,0,0,83,115,2000,0,8880.0,1808.0,1200.0000000000007,0.0,34.50000000000003,99.0,0.0,288.0,1333.5000000000007,5738.499999999999,5450.499999999999,2.7252499999999995,0.888,1120.0
uniform_reliability,17,scope_only,1648,1947,299,0,0,0,53,0,0,0,0,8240.0,1947.0,0.0,0.0,0.0,0.0,199.99999999999292,6.0,199.99999999999292,6093.000000000007,6087.000000000007,3.0435000000000034,0.824,1760.0
uniform_reliability,17,repair_no_appeal,1330,1414,84,63,523,424,0,61,145,573,0,6650.0,1414.0,343.8000000000016,73.84999999999795,43.49999999999994,73.0,0.0,228.0,534.1499999999995,4701.85,4473.85,2.2369250000000003,0.665,3350.0
uniform_reliability,17,repair_with_scope,1364,1451,87,63,447,355,39,61,184,540,0,6820.0,1451.0,324.00000000000085,75.69999999999784,55.19999999999983,73.0,155.29999999999546,0.0,683.199999999994,4685.800000000006,4685.800000000006,2.342900000000003,0.682,3180.0
uniform_reliability,18,always_verify,1679,1807,128,193,0,0,0,0,0,2000,0,8395.0,1807.0,1200.0000000000007,0.0,0.0,0.0,0.0,270.0,1200.0000000000007,5387.999999999999,5117.999999999999,2.5589999999999997,0.8395,1605.0
uniform_reliability,18,naive_trust,1679,2000,321,0,0,0,0,0,0,0,0,8395.0,2000.0,0.0,0.0,0.0,0.0,0.0,270.0,0.0,6395.0,6125.0,3.0625,0.8395,1605.0
uniform_reliability,18,reputation_only,1149,1293,144,59,648,530,0,0,0,653,0,5745.0,1293.0,391.8000000000034,0.0,0.0,0.0,0.0,174.0,391.8000000000034,4060.1999999999966,3886.1999999999966,1.9430999999999983,0.5745,4255.0
uniform_reliability,18,repair,1407,1508,101,50,442,351,0,79,202,558,0,7035.0,1508.0,334.80000000000126,77.89999999999772,60.59999999999978,96.0,0.0,234.0,569.2999999999988,4957.700000000001,4723.700000000001,2.3618500000000004,0.7035,2965.0
uniform_reliability,18,repair_no_exclusion,1773,1897,124,103,0,0,0,94,218,754,0,8865.0,1897.0,452.4000000000057,99.99999999999646,65.39999999999974,114.0,0.0,300.0,731.8000000000019,6236.199999999998,5936.199999999998,2.968099999999999,0.8865,1135.0
uniform_reliability,18,verify_and_retry,1773,1807,34,193,0,0,0,94,128,2000,0,8865.0,1807.0,1200.0000000000007,0.0,38.39999999999999,114.0,0.0,300.0,1352.4000000000008,5705.599999999999,5405.599999999999,2.7028,0.8865,1135.0
uniform_reliability,18,scope_only,1634,1940,306,0,0,0,60,0,0,0,0,8170.0,1940.0,0.0,0.0,0.0,0.0,199.99999999999292,0.0,199.99999999999292,6030.000000000007,6030.000000000007,3.0150000000000037,0.817,1830.0
uniform_reliability,18,repair_no_appeal,1364,1461,97,51,488,391,0,76,173,568,0,6820.0,1461.0,340.8000000000015,75.59999999999785,51.899999999999864,93.0,0.0,234.0,561.2999999999992,4797.700000000001,4563.700000000001,2.2818500000000004,0.682,3180.0
uniform_reliability,18,repair_with_scope,1377,1476,99,48,430,342,46,75,196,543,0,6885.0,1476.0,325.8000000000009,76.19999999999781,58.7999999999998,91.0,156.99999999999537,0.0,708.7999999999939,4700.200000000006,4700.200000000006,2.350100000000003,0.6885,3115.0
uniform_reliability,19,always_verify,1689,1795,106,205,0,0,0,0,0,2000,0,8445.0,1795.0,1200.0000000000007,0.0,0.0,0.0,0.0,270.0,1200.0000000000007,5449.999999999999,5179.999999999999,2.5899999999999994,0.8445,1555.0
uniform_reliability,19,naive_trust,1689,2000,311,0,0,0,0,0,0,0,0,8445.0,2000.0,0.0,0.0,0.0,0.0,0.0,270.0,0.0,6445.0,6175.0,3.0875,0.8445,1555.0
uniform_reliability,19,reputation_only,1191,1308,117,70,622,498,0,0,0,623,0,5955.0,1308.0,373.80000000000274,0.0,0.0,0.0,0.0,210.0,373.80000000000274,4273.199999999997,4063.199999999997,2.0315999999999987,0.5955,4045.0
uniform_reliability,19,repair,1422,1506,84,61,433,335,0,68,186,536,0,7110.0,1506.0,321.60000000000076,78.34999999999769,55.79999999999983,80.0,0.0,246.0,535.7499999999983,5068.250000000002,4822.250000000002,2.411125000000001,0.711,2890.0
uniform_reliability,19,repair_no_exclusion,1772,1893,121,107,0,0,0,83,204,761,0,8860.0,1893.0,456.6000000000059,99.99999999999646,61.199999999999775,98.0,0.0,300.0,715.8000000000021,6251.199999999998,5951.199999999998,2.975599999999999,0.886,1140.0
uniform_reliability,19,verify_and_retry,1772,1795,23,205,0,0,0,83,106,2000,0,8860.0,1795.0,1200.0000000000007,0.0,31.800000000000054,98.0,0.0,300.0,1329.8000000000006,5735.199999999999,5435.199999999999,2.7175999999999996,0.886,1140.0
uniform_reliability,19,scope_only,1647,1943,296,0,0,0,57,0,0,0,0,8235.0,1943.0,0.0,0.0,0.0,0.0,199.99999999999292,18.0,199.99999999999292,6092.000000000007,6074.000000000007,3.0370000000000035,0.8235,1765.0
uniform_reliability,19,repair_no_appeal,1362,1436,74,65,499,391,0,64,138,567,0,6810.0,1436.0,340.20000000000147,75.04999999999788,41.39999999999996,73.0,0.0,252.0,529.6499999999993,4844.35,4592.35,2.2961750000000003,0.681,3190.0
uniform_reliability,19,repair_with_scope,1397,1477,80,59,416,324,48,66,180,522,0,6985.0,1477.0,313.20000000000044,76.79999999999778,53.999999999999844,75.0,158.3999999999953,18.0,677.3999999999934,4830.600000000007,4812.600000000007,2.4063000000000034,0.6985,3015.0
uniform_reliability,20,always_verify,1691,1790,99,210,0,0,0,0,0,2000,0,8455.0,1790.0,1200.0000000000007,0.0,0.0,0.0,0.0,354.0,1200.0000000000007,5464.999999999999,5110.999999999999,2.5554999999999994,0.8455,1545.0
uniform_reliability,20,naive_trust,1691,2000,309,0,0,0,0,0,0,0,0,8455.0,2000.0,0.0,0.0,0.0,0.0,0.0,354.0,0.0,6455.0,6101.0,3.0505,0.8455,1545.0
uniform_reliability,20,reputation_only,1123,1247,124,72,681,568,0,0,0,672,0,5615.0,1247.0,403.20000000000385,0.0,0.0,0.0,0.0,222.0,403.20000000000385,3964.799999999996,3742.799999999996,1.871399999999998,0.5615,4385.0
uniform_reliability,20,repair,1371,1468,97,62,470,381,0,61,205,587,0,6855.0,1468.0,352.2000000000019,76.4999999999978,61.49999999999977,71.0,0.0,252.0,561.1999999999995,4825.8,4573.8,2.2869,0.6855,3145.0
uniform_reliability,20,repair_no_exclusion,1770,1902,132,98,0,0,0,79,211,799,0,8850.0,1902.0,479.40000000000674,99.99999999999646,63.299999999999756,92.0,0.0,366.0,734.700000000003,6213.299999999997,5847.299999999997,2.9236499999999985,0.885,1150.0
uniform_reliability,20,verify_and_retry,1770,1790,20,210,0,0,0,79,99,2000,0,8850.0,1790.0,1200.0000000000007,0.0,29.70000000000005,92.0,0.0,366.0,1321.7000000000007,5738.299999999999,5372.299999999999,2.6861499999999996,0.885,1150.0
uniform_reliability,20,scope_only,1635,1932,297,0,0,0,68,0,0,0,0,8175.0,1932.0,0.0,0.0,0.0,0.0,199.99999999999292,18.0,199.99999999999292,6043.000000000007,6025.000000000007,3.0125000000000037,0.8175,1825.0
uniform_reliability,20,repair_no_appeal,1297,1382,85,65,553,453,0,59,144,620,0,6485.0,1382.0,372.0000000000027,72.34999999999803,43.199999999999946,67.0,0.0,234.0,554.5500000000006,4548.449999999999,4314.449999999999,2.1572249999999995,0.6485,3515.0
uniform_reliability,20,repair_with_scope,1345,1443,98,56,455,367,46,61,206,578,0,6725.0,1443.0,346.8000000000017,74.94999999999789,61.79999999999977,72.0,154.4999999999955,12.0,710.0499999999948,4571.950000000005,4559.950000000005,2.2799750000000025,0.6725,3275.0
uniform_reliability,21,always_verify,1669,1794,125,206,0,0,0,0,0,2000,0,8345.0,1794.0,1200.0000000000007,0.0,0.0,0.0,0.0,246.0,1200.0000000000007,5350.999999999999,5104.999999999999,2.5524999999999993,0.8345,1655.0
uniform_reliability,21,naive_trust,1669,2000,331,0,0,0,0,0,0,0,0,8345.0,2000.0,0.0,0.0,0.0,0.0,0.0,246.0,0.0,6345.0,6099.0,3.0495,0.8345,1655.0
uniform_reliability,21,reputation_only,1171,1298,127,64,638,498,0,0,0,657,0,5855.0,1298.0,394.2000000000035,0.0,0.0,0.0,0.0,198.0,394.2000000000035,4162.7999999999965,3964.7999999999965,1.9823999999999982,0.5855,4145.0
uniform_reliability,21,repair,1438,1522,84,58,420,312,0,81,198,546,0,7190.0,1522.0,327.600000000001,78.99999999999766,59.39999999999979,96.0,0.0,240.0,561.9999999999984,5106.000000000002,4866.000000000002,2.4330000000000007,0.719,2810.0
uniform_reliability,21,repair_no_exclusion,1763,1878,115,122,0,0,0,94,209,767,0,8815.0,1878.0,460.200000000006,99.99999999999646,62.69999999999976,113.0,0.0,270.0,735.9000000000023,6201.099999999998,5931.099999999998,2.965549999999999,0.8815,1185.0
uniform_reliability,21,verify_and_retry,1763,1794,31,206,0,0,0,94,125,2000,0,8815.0,1794.0,1200.0000000000007,0.0,37.5,113.0,0.0,270.0,1350.5000000000007,5670.499999999999,5400.499999999999,2.7002499999999996,0.8815,1185.0
uniform_reliability,21,scope_only,1634,1947,313,0,0,0,53,0,0,0,0,8170.0,1947.0,0.0,0.0,0.0,0.0,199.99999999999292,36.0,199.99999999999292,6023.000000000007,5987.000000000007,2.9935000000000036,0.817,1830.0
uniform_reliability,21,repair_no_appeal,1364,1443,79,60,497,380,0,75,154,584,0,6820.0,1443.0,350.40000000000185,75.14999999999787,46.19999999999992,88.0,0.0,222.0,559.7499999999997,4817.25,4595.25,2.297625,0.682,3180.0
uniform_reliability,21,repair_with_scope,1410,1492,82,57,411,305,40,77,192,535,0,7050.0,1492.0,321.00000000000074,77.44999999999774,57.59999999999981,92.0,158.89999999999526,36.0,706.9499999999936,4851.050000000007,4815.050000000007,2.4075250000000032,0.705,2950.0
uniform_reliability,22,always_verify,1675,1797,122,203,0,0,0,0,0,2000,0,8375.0,1797.0,1200.0000000000007,0.0,0.0,0.0,0.0,300.0,1200.0000000000007,5377.999999999999,5077.999999999999,2.5389999999999997,0.8375,1625.0
uniform_reliability,22,naive_trust,1675,2000,325,0,0,0,0,0,0,0,0,8375.0,2000.0,0.0,0.0,0.0,0.0,0.0,300.0,0.0,6375.0,6075.0,3.0375,0.8375,1625.0
uniform_reliability,22,reputation_only,1137,1261,124,75,664,538,0,0,0,649,0,5685.0,1261.0,389.40000000000333,0.0,0.0,0.0,0.0,216.0,389.40000000000333,4034.5999999999967,3818.5999999999967,1.9092999999999984,0.5685,4315.0
uniform_reliability,22,repair,1365,1455,90,70,475,377,0,67,193,563,0,6825.0,1455.0,337.8000000000014,76.24999999999781,57.89999999999981,82.0,0.0,276.0,553.949999999999,4816.050000000001,4540.050000000001,2.2700250000000004,0.6825,3175.0
uniform_reliability,22,repair_no_exclusion,1762,1891,129,109,0,0,0,87,216,790,0,8810.0,1891.0,474.00000000000654,99.99999999999646,64.79999999999974,104.0,0.0,336.0,742.8000000000027,6176.199999999997,5840.199999999997,2.9200999999999984,0.881,1190.0
uniform_reliability,22,verify_and_retry,1762,1797,35,203,0,0,0,87,122,2000,0,8810.0,1797.0,1200.0000000000007,0.0,36.60000000000001,104.0,0.0,336.0,1340.6000000000006,5672.4,5336.4,2.6681999999999997,0.881,1190.0
uniform_reliability,22,scope_only,1627,1942,315,0,0,0,58,0,0,0,0,8135.0,1942.0,0.0,0.0,0.0,0.0,199.99999999999292,12.0,199.99999999999292,5993.000000000007,5981.000000000007,2.9905000000000035,0.8135,1865.0
uniform_reliability,22,repair_no_appeal,1307,1387,80,74,539,433,0,65,145,595,0,6535.0,1387.0,357.0000000000021,73.049999999998,43.49999999999994,79.0,0.0,270.0,552.5500000000001,4595.45,4325.45,2.162725,0.6535,3465.0
uniform_reliability,22,repair_with_scope,1325,1414,89,69,469,372,48,62,187,555,0,6625.0,1414.0,333.0000000000012,74.14999999999793,56.099999999999824,77.0,153.0999999999956,6.0,693.3499999999946,4517.650000000005,4511.650000000005,2.2558250000000024,0.6625,3375.0
uniform_reliability,23,always_verify,1694,1795,101,205,0,0,0,0,0,2000,0,8470.0,1795.0,1200.0000000000007,0.0,0.0,0.0,0.0,330.0,1200.0000000000007,5474.999999999999,5144.999999999999,2.5724999999999993,0.847,1530.0
uniform_reliability,23,naive_trust,1694,2000,306,0,0,0,0,0,0,0,0,8470.0,2000.0,0.0,0.0,0.0,0.0,0.0,330.0,0.0,6470.0,6140.0,3.07,0.847,1530.0
uniform_reliability,23,reputation_only,1146,1271,125,68,661,548,0,0,0,632,0,5730.0,1271.0,379.20000000000294,0.0,0.0,0.0,0.0,222.0,379.20000000000294,4079.799999999997,3857.799999999997,1.9288999999999985,0.573,4270.0
uniform_reliability,23,repair,1393,1489,96,58,453,358,0,57,192,545,0,6965.0,1489.0,327.00000000000097,77.34999999999775,57.59999999999981,74.0,0.0,246.0,535.9499999999986,4940.050000000001,4694.050000000001,2.3470250000000004,0.6965,3035.0
uniform_reliability,23,repair_no_exclusion,1762,1896,134,104,0,0,0,68,202,771,0,8810.0,1896.0,462.6000000000061,99.99999999999646,60.59999999999978,89.0,0.0,336.0,712.2000000000023,6201.799999999997,5865.799999999997,2.9328999999999987,0.881,1190.0
uniform_reliability,23,verify_and_retry,1762,1795,33,205,0,0,0,68,101,2000,0,8810.0,1795.0,1200.0000000000007,0.0,30.30000000000005,89.0,0.0,336.0,1319.3000000000006,5695.699999999999,5359.699999999999,2.6798499999999996,0.881,1190.0
uniform_reliability,23,scope_only,1643,1940,297,0,0,0,60,0,0,0,0,8215.0,1940.0,0.0,0.0,0.0,0.0,199.99999999999292,24.0,199.99999999999292,6075.000000000007,6051.000000000007,3.0255000000000036,0.8215,1785.0
uniform_reliability,23,repair_no_appeal,1313,1398,85,64,538,437,0,56,141,577,0,6565.0,1398.0,346.2000000000017,73.09999999999799,42.299999999999955,72.0,0.0,240.0,533.5999999999997,4633.400000000001,4393.400000000001,2.1967000000000003,0.6565,3435.0
uniform_reliability,23,repair_with_scope,1351,1446,95,59,453,363,42,57,191,542,0,6755.0,1446.0,325.2000000000009,75.24999999999787,57.29999999999981,74.0,154.6999999999955,18.0,686.4499999999941,4622.550000000006,4604.550000000006,2.302275000000003,0.6755,3245.0
uniform_reliability,24,always_verify,1703,1819,116,181,0,0,0,0,0,2000,0,8515.0,1819.0,1200.0000000000007,0.0,0.0,0.0,0.0,330.0,1200.0000000000007,5495.999999999999,5165.999999999999,2.5829999999999997,0.8515,1485.0
uniform_reliability,24,naive_trust,1703,2000,297,0,0,0,0,0,0,0,0,8515.0,2000.0,0.0,0.0,0.0,0.0,0.0,330.0,0.0,6515.0,6185.0,3.0925,0.8515,1485.0
uniform_reliability,24,reputation_only,1180,1303,123,64,633,523,0,0,0,654,0,5900.0,1303.0,392.40000000000344,0.0,0.0,0.0,0.0,240.0,392.40000000000344,4204.599999999997,3964.5999999999967,1.9822999999999984,0.59,4100.0
uniform_reliability,24,repair,1408,1495,87,62,443,353,0,58,184,574,0,7040.0,1495.0,344.4000000000016,77.84999999999772,55.19999999999983,82.0,0.0,270.0,559.4499999999991,4985.550000000001,4715.550000000001,2.3577750000000006,0.704,2960.0
uniform_reliability,24,repair_no_exclusion,1777,1895,118,105,0,0,0,74,192,792,0,8885.0,1895.0,475.2000000000066,99.99999999999646,57.59999999999981,99.0,0.0,342.0,731.8000000000029,6258.199999999997,5916.199999999997,2.9580999999999986,0.8885,1115.0
uniform_reliability,24,verify_and_retry,1777,1819,42,181,0,0,0,74,116,2000,0,8885.0,1819.0,1200.0000000000007,0.0,34.800000000000026,99.0,0.0,342.0,1333.8000000000006,5732.199999999999,5390.199999999999,2.6950999999999996,0.8885,1115.0
uniform_reliability,24,scope_only,1652,1941,289,0,0,0,59,0,0,0,0,8260.0,1941.0,0.0,0.0,0.0,0.0,199.99999999999292,24.0,199.99999999999292,6119.000000000007,6095.000000000007,3.0475000000000034,0.826,1740.0
uniform_reliability,24,repair_no_appeal,1333,1418,85,60,522,424,0,54,139,605,0,6665.0,1418.0,363.00000000000233,73.89999999999795,41.69999999999996,76.0,0.0,264.0,554.6000000000003,4692.4,4428.4,2.2142,0.6665,3335.0
uniform_reliability,24,repair_with_scope,1369,1454,85,62,437,350,47,57,181,565,0,6845.0,1454.0,339.0000000000014,75.79999999999784,54.29999999999984,80.0,156.2999999999954,12.0,705.3999999999945,4685.600000000006,4673.600000000006,2.336800000000003,0.6845,3155.0
uniform_reliability,25,always_verify,1693,1816,123,184,0,0,0,0,0,2000,0,8465.0,1816.0,1200.0000000000007,0.0,0.0,0.0,0.0,312.0,1200.0000000000007,5448.999999999999,5136.999999999999,2.5684999999999993,0.8465,1535.0
uniform_reliability,25,naive_trust,1693,2000,307,0,0,0,0,0,0,0,0,8465.0,2000.0,0.0,0.0,0.0,0.0,0.0,312.0,0.0,6465.0,6153.0,3.0765,0.8465,1535.0
uniform_reliability,25,reputation_only,1143,1265,122,70,665,550,0,0,0,647,0,5715.0,1265.0,388.2000000000033,0.0,0.0,0.0,0.0,198.0,388.2000000000033,4061.7999999999965,3863.7999999999965,1.9318999999999982,0.5715,4285.0
uniform_reliability,25,repair,1328,1425,97,69,506,421,0,56,197,578,0,6640.0,1425.0,346.8000000000017,74.6999999999979,59.099999999999795,80.0,0.0,240.0,560.5999999999995,4654.400000000001,4414.400000000001,2.2072000000000003,0.664,3360.0
uniform_reliability,25,repair_no_exclusion,1763,1911,148,89,0,0,0,70,218,794,0,8815.0,1911.0,476.4000000000066,99.99999999999646,65.39999999999974,100.0,0.0,330.0,741.8000000000028,6162.199999999997,5832.199999999997,2.9160999999999984,0.8815,1185.0
uniform_reliability,25,verify_and_retry,1763,1816,53,184,0,0,0,70,123,2000,0,8815.0,1816.0,1200.0000000000007,0.0,36.900000000000006,100.0,0.0,330.0,1336.9000000000008,5662.099999999999,5332.099999999999,2.66605,0.8815,1185.0
uniform_reliability,25,scope_only,1644,1939,295,0,0,0,61,0,0,0,0,8220.0,1939.0,0.0,0.0,0.0,0.0,199.99999999999292,18.0,199.99999999999292,6081.000000000007,6063.000000000007,3.031500000000004,0.822,1780.0
uniform_reliability,25,repair_no_appeal,1267,1354,87,72,574,478,0,52,139,606,0,6335.0,1354.0,363.60000000000235,71.2999999999981,41.69999999999996,75.0,0.0,240.0,551.6000000000004,4429.4,4189.4,2.0947,0.6335,3665.0
uniform_reliability,25,repair_with_scope,1299,1394,95,67,495,411,44,54,193,566,0,6495.0,1394.0,339.60000000000144,73.049999999998,57.89999999999981,78.0,150.49999999999574,12.0,699.049999999995,4401.950000000005,4389.950000000005,2.1949750000000026,0.6495,3505.0
uniform_reliability,26,always_verify,1694,1809,115,191,0,0,0,0,0,2000,0,8470.0,1809.0,1200.0000000000007,0.0,0.0,0.0,0.0,342.0,1200.0000000000007,5460.999999999999,5118.999999999999,2.5594999999999994,0.847,1530.0
uniform_reliability,26,naive_trust,1694,2000,306,0,0,0,0,0,0,0,0,8470.0,2000.0,0.0,0.0,0.0,0.0,0.0,342.0,0.0,6470.0,6128.0,3.064,0.847,1530.0
uniform_reliability,26,reputation_only,1162,1274,112,77,649,532,0,0,0,647,0,5810.0,1274.0,388.2000000000033,0.0,0.0,0.0,0.0,264.0,388.2000000000033,4147.7999999999965,3883.7999999999965,1.9418999999999982,0.581,4190.0
uniform_reliability,26,repair,1399,1478,79,75,447,354,0,59,178,578,0,6995.0,1478.0,346.8000000000017,77.64999999999773,53.39999999999985,73.0,0.0,282.0,550.8499999999993,4966.150000000001,4684.150000000001,2.3420750000000004,0.6995,3005.0
uniform_reliability,26,repair_no_exclusion,1774,1891,117,109,0,0,0,80,197,790,0,8870.0,1891.0,474.00000000000654,99.99999999999646,59.099999999999795,100.0,0.0,342.0,733.1000000000028,6245.899999999997,5903.899999999997,2.9519499999999983,0.887,1130.0
uniform_reliability,26,verify_and_retry,1774,1809,35,191,0,0,0,80,115,2000,0,8870.0,1809.0,1200.0000000000007,0.0,34.50000000000003,100.0,0.0,342.0,1334.5000000000007,5726.499999999999,5384.499999999999,2.6922499999999996,0.887,1130.0
uniform_reliability,26,scope_only,1641,1941,300,0,0,0,59,0,0,0,0,8205.0,1941.0,0.0,0.0,0.0,0.0,199.99999999999292,24.0,199.99999999999292,6064.000000000007,6040.000000000007,3.0200000000000036,0.8205,1795.0
uniform_reliability,26,repair_no_appeal,1323,1395,72,75,530,428,0,57,129,595,0,6615.0,1395.0,357.0000000000021,73.49999999999797,38.69999999999999,71.0,0.0,282.0,540.2,4679.8,4397.8,2.1989,0.6615,3385.0
uniform_reliability,26,repair_with_scope,1355,1434,79,74,444,354,48,59,178,571,0,6775.0,1434.0,342.60000000000156,75.39999999999786,53.39999999999985,74.0,155.59999999999545,18.0,700.9999999999948,4640.0000000000055,4622.0000000000055,2.3110000000000026,0.6775,3225.0
uniform_reliability,27,always_verify,1709,1828,119,172,0,0,0,0,0,2000,0,8545.0,1828.0,1200.0000000000007,0.0,0.0,0.0,0.0,336.0,1200.0000000000007,5516.999999999999,5180.999999999999,2.5904999999999996,0.8545,1455.0
uniform_reliability,27,naive_trust,1709,2000,291,0,0,0,0,0,0,0,0,8545.0,2000.0,0.0,0.0,0.0,0.0,0.0,336.0,0.0,6545.0,6209.0,3.1045,0.8545,1455.0
uniform_reliability,27,reputation_only,1165,1297,132,47,656,544,0,0,0,662,0,5825.0,1297.0,397.2000000000036,0.0,0.0,0.0,0.0,252.0,397.2000000000036,4130.7999999999965,3878.7999999999965,1.9393999999999982,0.5825,4175.0
uniform_reliability,27,repair,1448,1543,95,44,413,327,0,66,210,564,0,7240.0,1543.0,338.4000000000014,79.34999999999764,62.99999999999976,82.0,0.0,276.0,562.7499999999987,5134.250000000001,4858.250000000001,2.4291250000000004,0.724,2760.0
uniform_reliability,27,repair_no_exclusion,1795,1913,118,87,0,0,0,86,204,736,0,8975.0,1913.0,441.6000000000053,99.99999999999646,61.199999999999775,105.0,0.0,342.0,707.8000000000015,6354.199999999999,6012.199999999999,3.0060999999999996,0.8975,1025.0
uniform_reliability,27,verify_and_retry,1795,1828,33,172,0,0,0,86,119,2000,0,8975.0,1828.0,1200.0000000000007,0.0,35.70000000000002,105.0,0.0,342.0,1340.7000000000007,5806.299999999999,5464.299999999999,2.73215,0.8975,1025.0
uniform_reliability,27,scope_only,1658,1941,283,0,0,0,59,0,0,0,0,8290.0,1941.0,0.0,0.0,0.0,0.0,199.99999999999292,30.0,199.99999999999292,6149.000000000007,6119.000000000007,3.0595000000000034,0.829,1710.0
uniform_reliability,27,repair_no_appeal,1351,1436,85,44,520,420,0,62,147,623,0,6755.0,1436.0,373.80000000000274,73.99999999999794,44.09999999999994,78.0,0.0,264.0,569.9000000000007,4749.099999999999,4485.099999999999,2.2425499999999996,0.6755,3245.0
uniform_reliability,27,repair_with_scope,1412,1504,92,44,404,321,48,65,206,548,0,7060.0,1504.0,328.80000000000103,77.39999999999775,61.79999999999977,81.0,159.59999999999522,24.0,708.5999999999938,4847.400000000006,4823.400000000006,2.411700000000003,0.706,2940.0
uniform_reliability,28,always_verify,1696,1799,103,201,0,0,0,0,0,2000,0,8480.0,1799.0,1200.0000000000007,0.0,0.0,0.0,0.0,348.0,1200.0000000000007,5480.999999999999,5132.999999999999,2.5664999999999996,0.848,1520.0
uniform_reliability,28,naive_trust,1696,2000,304,0,0,0,0,0,0,0,0,8480.0,2000.0,0.0,0.0,0.0,0.0,0.0,348.0,0.0,6480.0,6132.0,3.066,0.848,1520.0
uniform_reliability,28,reputation_only,1163,1283,120,67,650,533,0,0,0,651,0,5815.0,1283.0,390.6000000000034,0.0,0.0,0.0,0.0,246.0,390.6000000000034,4141.399999999997,3895.399999999997,1.9476999999999984,0.5815,4185.0
uniform_reliability,28,repair,1417,1504,87,61,435,342,0,63,195,575,0,7085.0,1504.0,345.00000000000165,78.2499999999977,58.4999999999998,74.0,0.0,300.0,555.7499999999991,5025.250000000001,4725.250000000001,2.3626250000000004,0.7085,2915.0
uniform_reliability,28,repair_no_exclusion,1777,1886,109,114,0,0,0,81,190,770,0,8885.0,1886.0,462.0000000000061,99.99999999999646,56.999999999999815,96.0,0.0,384.0,715.0000000000024,6283.999999999997,5899.999999999997,2.949999999999999,0.8885,1115.0
uniform_reliability,28,verify_and_retry,1777,1799,22,201,0,0,0,81,103,2000,0,8885.0,1799.0,1200.0000000000007,0.0,30.900000000000052,96.0,0.0,384.0,1326.9000000000008,5759.099999999999,5375.099999999999,2.68755,0.8885,1115.0
uniform_reliability,28,scope_only,1641,1934,293,0,0,0,66,0,0,0,0,8205.0,1934.0,0.0,0.0,0.0,0.0,199.99999999999292,18.0,199.99999999999292,6071.000000000007,6053.000000000007,3.0265000000000035,0.8205,1795.0
uniform_reliability,28,repair_no_appeal,1324,1402,78,65,533,431,0,59,137,602,0,6620.0,1402.0,361.20000000000226,73.34999999999798,41.099999999999966,70.0,0.0,276.0,545.6500000000002,4672.349999999999,4396.349999999999,2.1981749999999995,0.662,3380.0
uniform_reliability,28,repair_with_scope,1370,1453,83,64,432,342,51,58,186,572,0,6850.0,1453.0,343.2000000000016,75.84999999999783,55.79999999999983,70.0,156.79999999999538,18.0,701.6499999999946,4695.350000000006,4677.350000000006,2.338675000000003,0.685,3150.0
uniform_reliability,29,always_verify,1703,1820,117,180,0,0,0,0,0,2000,0,8515.0,1820.0,1200.0000000000007,0.0,0.0,0.0,0.0,258.0,1200.0000000000007,5494.999999999999,5236.999999999999,2.6184999999999996,0.8515,1485.0
uniform_reliability,29,naive_trust,1703,2000,297,0,0,0,0,0,0,0,0,8515.0,2000.0,0.0,0.0,0.0,0.0,0.0,258.0,0.0,6515.0,6257.0,3.1285,0.8515,1485.0
uniform_reliability,29,reputation_only,1189,1313,124,60,627,514,0,0,0,659,0,5945.0,1313.0,395.40000000000356,0.0,0.0,0.0,0.0,192.0,395.40000000000356,4236.599999999997,4044.5999999999967,2.022299999999998,0.5945,4055.0
uniform_reliability,29,repair,1435,1532,97,47,421,322,0,54,187,568,0,7175.0,1532.0,340.8000000000015,78.94999999999766,56.099999999999824,71.0,0.0,228.0,546.849999999999,5096.1500000000015,4868.1500000000015,2.434075000000001,0.7175,2825.0
uniform_reliability,29,repair_no_exclusion,1780,1907,127,93,0,0,0,77,204,763,0,8900.0,1907.0,457.8000000000059,99.99999999999646,61.199999999999775,96.0,0.0,270.0,715.0000000000022,6277.999999999998,6007.999999999998,3.003999999999999,0.89,1100.0
uniform_reliability,29,verify_and_retry,1780,1820,40,180,0,0,0,77,117,2000,0,8900.0,1820.0,1200.0000000000007,0.0,35.10000000000002,96.0,0.0,270.0,1331.1000000000008,5748.9,5478.9,2.7394499999999997,0.89,1100.0
uniform_reliability,29,scope_only,1662,1950,288,0,0,0,50,0,0,0,0,8310.0,1950.0,0.0,0.0,0.0,0.0,199.99999999999292,12.0,199.99999999999292,6160.000000000007,6148.000000000007,3.074000000000004,0.831,1690.0
uniform_reliability,29,repair_no_appeal,1352,1441,89,53,506,403,0,52,141,603,0,6760.0,1441.0,361.8000000000023,74.6999999999979,42.299999999999955,69.0,0.0,210.0,547.8000000000002,4771.2,4561.2,2.2805999999999997,0.676,3240.0
uniform_reliability,29,repair_with_scope,1409,1504,95,45,409,311,42,52,183,560,0,7045.0,1504.0,336.0000000000013,77.44999999999774,54.899999999999835,68.0,159.09999999999525,6.0,695.4499999999941,4845.550000000006,4839.550000000006,2.4197750000000027,0.7045,2955.0
uniform_reliability,30,always_verify,1695,1802,107,198,0,0,0,0,0,2000,0,8475.0,1802.0,1200.0000000000007,0.0,0.0,0.0,0.0,252.0,1200.0000000000007,5472.999999999999,5220.999999999999,2.6104999999999996,0.8475,1525.0
uniform_reliability,30,naive_trust,1695,2000,305,0,0,0,0,0,0,0,0,8475.0,2000.0,0.0,0.0,0.0,0.0,0.0,252.0,0.0,6475.0,6223.0,3.1115,0.8475,1525.0
uniform_reliability,30,reputation_only,1208,1319,111,70,611,487,0,0,0,636,0,6040.0,1319.0,381.60000000000304,0.0,0.0,0.0,0.0,186.0,381.60000000000304,4339.399999999997,4153.399999999997,2.0766999999999984,0.604,3960.0
uniform_reliability,30,repair,1400,1487,87,65,448,348,0,53,175,566,0,7000.0,1487.0,339.60000000000144,77.59999999999773,52.49999999999986,70.0,0.0,186.0,539.699999999999,4973.300000000001,4787.300000000001,2.3936500000000005,0.7,3000.0
uniform_reliability,30,repair_no_exclusion,1769,1890,121,110,0,0,0,74,195,770,0,8845.0,1890.0,462.0000000000061,99.99999999999646,58.4999999999998,95.0,0.0,264.0,715.5000000000024,6239.499999999997,5975.499999999997,2.987749999999999,0.8845,1155.0
uniform_reliability,30,verify_and_retry,1769,1802,33,198,0,0,0,74,107,2000,0,8845.0,1802.0,1200.0000000000007,0.0,32.10000000000005,95.0,0.0,264.0,1327.1000000000008,5715.9,5451.9,2.7259499999999997,0.8845,1155.0
uniform_reliability,30,scope_only,1657,1952,295,0,0,0,48,0,0,0,0,8285.0,1952.0,0.0,0.0,0.0,0.0,199.99999999999292,24.0,199.99999999999292,6133.000000000007,6109.000000000007,3.0545000000000035,0.8285,1715.0
uniform_reliability,30,repair_no_appeal,1330,1408,78,69,523,415,0,50,128,600,0,6650.0,1408.0,360.0000000000022,73.84999999999795,38.39999999999999,66.0,0.0,186.0,538.2500000000001,4703.75,4517.75,2.258875,0.665,3350.0
uniform_reliability,30,repair_with_scope,1386,1472,86,61,433,333,34,53,174,556,0,6930.0,1472.0,333.6000000000012,76.64999999999779,52.19999999999986,69.0,156.69999999999538,12.0,688.1499999999943,4769.850000000006,4757.850000000006,2.378925000000003,0.693,3070.0
uniform_reliability,31,always_verify,1683,1796,113,204,0,0,0,0,0,2000,0,8415.0,1796.0,1200.0000000000007,0.0,0.0,0.0,0.0,228.0,1200.0000000000007,5418.999999999999,5190.999999999999,2.5954999999999995,0.8415,1585.0
uniform_reliability,31,naive_trust,1683,2000,317,0,0,0,0,0,0,0,0,8415.0,2000.0,0.0,0.0,0.0,0.0,0.0,228.0,0.0,6415.0,6187.0,3.0935,0.8415,1585.0
uniform_reliability,31,reputation_only,1140,1265,125,68,667,543,0,0,0,651,0,5700.0,1265.0,390.6000000000034,0.0,0.0,0.0,0.0,168.0,390.6000000000034,4044.3999999999965,3876.3999999999965,1.9381999999999981,0.57,4300.0
uniform_reliability,31,repair,1366,1466,100,61,473,371,0,54,199,579,0,6830.0,1466.0,347.40000000000174,76.3499999999978,59.69999999999979,72.0,0.0,180.0,555.4499999999994,4808.550000000001,4628.550000000001,2.3142750000000007,0.683,3170.0
uniform_reliability,31,repair_no_exclusion,1755,1897,142,103,0,0,0,72,214,796,0,8775.0,1897.0,477.6000000000067,99.99999999999646,64.19999999999975,95.0,0.0,246.0,736.8000000000029,6141.199999999997,5895.199999999997,2.9475999999999987,0.8775,1225.0
uniform_reliability,31,verify_and_retry,1755,1796,41,204,0,0,0,72,113,2000,0,8775.0,1796.0,1200.0000000000007,0.0,33.900000000000034,95.0,0.0,246.0,1328.9000000000008,5650.099999999999,5404.099999999999,2.70205,0.8775,1225.0
uniform_reliability,31,scope_only,1647,1954,307,0,0,0,46,0,0,0,0,8235.0,1954.0,0.0,0.0,0.0,0.0,199.99999999999292,12.0,199.99999999999292,6081.000000000007,6069.000000000007,3.0345000000000035,0.8235,1765.0
uniform_reliability,31,repair_no_appeal,1281,1375,94,62,563,451,0,49,143,625,0,6405.0,1375.0,375.0000000000028,71.84999999999806,42.89999999999995,66.0,0.0,162.0,555.7500000000008,4474.249999999999,4312.249999999999,2.1561249999999994,0.6405,3595.0
uniform_reliability,31,repair_with_scope,1340,1439,99,60,467,368,34,52,196,574,0,6700.0,1439.0,344.4000000000016,74.94999999999789,58.7999999999998,69.0,153.29999999999558,6.0,700.4499999999949,4560.550000000005,4554.550000000005,2.277275000000002,0.67,3300.0
uniform_reliability,32,always_verify,1687,1794,107,206,0,0,0,0,0,2000,0,8435.0,1794.0,1200.0000000000007,0.0,0.0,0.0,0.0,324.0,1200.0000000000007,5440.999999999999,5116.999999999999,2.5584999999999996,0.8435,1565.0
uniform_reliability,32,naive_trust,1687,2000,313,0,0,0,0,0,0,0,0,8435.0,2000.0,0.0,0.0,0.0,0.0,0.0,324.0,0.0,6435.0,6111.0,3.0555,0.8435,1565.0
uniform_reliability,32,reputation_only,1101,1229,128,74,697,586,0,0,0,678,0,5505.0,1229.0,406.800000000004,0.0,0.0,0.0,0.0,216.0,406.800000000004,3869.199999999996,3653.199999999996,1.826599999999998,0.5505,4495.0
uniform_reliability,32,repair,1351,1447,96,69,484,397,0,61,199,584,0,6755.0,1447.0,350.40000000000185,75.79999999999784,59.69999999999979,78.0,0.0,258.0,563.8999999999995,4744.1,4486.1,2.24305,0.6755,3245.0
uniform_reliability,32,repair_no_exclusion,1760,1895,135,105,0,0,0,73,208,800,0,8800.0,1895.0,480.00000000000676,99.99999999999646,62.399999999999764,93.0,0.0,354.0,735.400000000003,6169.599999999997,5815.599999999997,2.907799999999998,0.88,1200.0
uniform_reliability,32,verify_and_retry,1760,1794,34,206,0,0,0,73,107,2000,0,8800.0,1794.0,1200.0000000000007,0.0,32.10000000000005,93.0,0.0,354.0,1325.1000000000008,5680.9,5326.9,2.6634499999999997,0.88,1200.0
uniform_reliability,32,scope_only,1636,1940,304,0,0,0,60,0,0,0,0,8180.0,1940.0,0.0,0.0,0.0,0.0,199.99999999999292,18.0,199.99999999999292,6040.000000000007,6022.000000000007,3.0110000000000037,0.818,1820.0
uniform_reliability,32,repair_no_appeal,1257,1343,86,76,581,483,0,53,139,637,0,6285.0,1343.0,382.20000000000306,70.94999999999811,41.69999999999996,69.0,0.0,240.0,563.8500000000012,4378.149999999999,4138.149999999999,2.0690749999999993,0.6285,3715.0
uniform_reliability,32,repair_with_scope,1321,1414,93,68,473,386,45,56,191,573,0,6605.0,1414.0,343.8000000000016,74.09999999999793,57.29999999999981,72.0,152.6999999999956,12.0,699.899999999995,4491.100000000005,4479.100000000005,2.2395500000000026,0.6605,3395.0
uniform_reliability,33,always_verify,1711,1820,109,180,0,0,0,0,0,2000,0,8555.0,1820.0,1200.0000000000007,0.0,0.0,0.0,0.0,372.0,1200.0000000000007,5534.999999999999,5162.999999999999,2.5814999999999997,0.8555,1445.0
uniform_reliability,33,naive_trust,1711,2000,289,0,0,0,0,0,0,0,0,8555.0,2000.0,0.0,0.0,0.0,0.0,0.0,372.0,0.0,6555.0,6183.0,3.0915,0.8555,1445.0
uniform_reliability,33,reputation_only,1190,1313,123,62,625,521,0,0,0,641,0,5950.0,1313.0,384.60000000000315,0.0,0.0,0.0,0.0,294.0,384.60000000000315,4252.399999999997,3958.399999999997,1.9791999999999985,0.595,4050.0
uniform_reliability,33,repair,1414,1505,91,57,438,353,0,56,188,569,0,7070.0,1505.0,341.4000000000015,78.0999999999977,56.39999999999982,74.0,0.0,342.0,549.8999999999991,5015.100000000001,4673.100000000001,2.336550000000001,0.707,2930.0
uniform_reliability,33,repair_no_exclusion,1780,1902,122,98,0,0,0,69,191,765,0,8900.0,1902.0,459.00000000000597,99.99999999999646,57.29999999999981,91.0,0.0,384.0,707.3000000000022,6290.699999999998,5906.699999999998,2.953349999999999,0.89,1100.0
uniform_reliability,33,verify_and_retry,1780,1820,40,180,0,0,0,69,109,2000,0,8900.0,1820.0,1200.0000000000007,0.0,32.700000000000045,91.0,0.0,384.0,1323.7000000000007,5756.299999999999,5372.299999999999,2.6861499999999996,0.89,1100.0
uniform_reliability,33,scope_only,1653,1933,280,0,0,0,67,0,0,0,0,8265.0,1933.0,0.0,0.0,0.0,0.0,199.99999999999292,24.0,199.99999999999292,6132.000000000007,6108.000000000007,3.054000000000004,0.8265,1735.0
uniform_reliability,33,repair_no_appeal,1344,1432,88,57,511,424,0,57,145,593,0,6720.0,1432.0,355.80000000000206,74.44999999999791,43.49999999999994,74.0,0.0,318.0,547.7499999999999,4740.25,4422.25,2.211125,0.672,3280.0
uniform_reliability,33,repair_with_scope,1371,1460,89,55,426,342,59,53,183,561,0,6855.0,1460.0,336.60000000000133,75.74999999999784,54.899999999999835,70.0,157.39999999999534,24.0,694.6499999999944,4700.350000000006,4676.350000000006,2.338175000000003,0.6855,3145.0
uniform_reliability,34,always_verify,1716,1824,108,176,0,0,0,0,0,2000,0,8580.0,1824.0,1200.0000000000007,0.0,0.0,0.0,0.0,324.0,1200.0000000000007,5555.999999999999,5231.999999999999,2.6159999999999997,0.858,1420.0
uniform_reliability,34,naive_trust,1716,2000,284,0,0,0,0,0,0,0,0,8580.0,2000.0,0.0,0.0,0.0,0.0,0.0,324.0,0.0,6580.0,6256.0,3.128,0.858,1420.0
uniform_reliability,34,reputation_only,1205,1328,123,56,616,511,0,0,0,624,0,6025.0,1328.0,374.40000000000276,0.0,0.0,0.0,0.0,204.0,374.40000000000276,4322.599999999998,4118.599999999998,2.059299999999999,0.6025,3975.0
uniform_reliability,34,repair,1409,1501,92,55,444,359,0,52,181,549,0,7045.0,1501.0,329.40000000000106,77.79999999999772,54.29999999999984,71.0,0.0,276.0,532.4999999999986,5011.500000000002,4735.500000000002,2.367750000000001,0.7045,2955.0
uniform_reliability,34,repair_no_exclusion,1791,1915,124,85,0,0,0,75,199,745,0,8955.0,1915.0,447.0000000000055,99.99999999999646,59.69999999999979,98.0,0.0,348.0,704.7000000000018,6335.299999999998,5987.299999999998,2.9936499999999993,0.8955,1045.0
uniform_reliability,34,verify_and_retry,1791,1824,33,176,0,0,0,75,108,2000,0,8955.0,1824.0,1200.0000000000007,0.0,32.40000000000005,98.0,0.0,348.0,1330.4000000000008,5800.599999999999,5452.599999999999,2.7262999999999997,0.8955,1045.0
uniform_reliability,34,scope_only,1665,1943,278,0,0,0,57,0,0,0,0,8325.0,1943.0,0.0,0.0,0.0,0.0,199.99999999999292,18.0,199.99999999999292,6182.000000000007,6164.000000000007,3.082000000000004,0.8325,1675.0
uniform_reliability,34,repair_no_appeal,1330,1418,88,57,525,430,0,44,132,576,0,6650.0,1418.0,345.60000000000167,73.74999999999795,39.59999999999998,63.0,0.0,246.0,521.9499999999996,4710.05,4464.05,2.232025,0.665,3350.0
uniform_reliability,34,repair_with_scope,1365,1455,90,57,444,360,44,49,176,547,0,6825.0,1455.0,328.200000000001,75.59999999999785,52.799999999999855,68.0,155.59999999999545,18.0,680.1999999999941,4689.800000000006,4671.800000000006,2.3359000000000028,0.6825,3175.0
uniform_reliability,35,always_verify,1702,1810,108,190,0,0,0,0,0,2000,0,8510.0,1810.0,1200.0000000000007,0.0,0.0,0.0,0.0,240.0,1200.0000000000007,5499.999999999999,5259.999999999999,2.6299999999999994,0.851,1490.0
uniform_reliability,35,naive_trust,1702,2000,298,0,0,0,0,0,0,0,0,8510.0,2000.0,0.0,0.0,0.0,0.0,0.0,240.0,0.0,6510.0,6270.0,3.135,0.851,1490.0
uniform_reliability,35,reputation_only,1188,1307,119,61,632,514,0,0,0,635,0,5940.0,1307.0,381.000000000003,0.0,0.0,0.0,0.0,162.0,381.000000000003,4251.999999999997,4089.9999999999973,2.0449999999999986,0.594,4060.0
uniform_reliability,35,repair,1403,1493,90,61,446,354,0,55,185,551,0,7015.0,1493.0,330.6000000000011,77.69999999999773,55.49999999999983,71.0,0.0,186.0,534.7999999999987,4987.200000000002,4801.200000000002,2.4006000000000007,0.7015,2985.0
uniform_reliability,35,repair_no_exclusion,1772,1904,132,96,0,0,0,70,202,774,0,8860.0,1904.0,464.4000000000062,99.99999999999646,60.59999999999978,92.0,0.0,252.0,717.0000000000024,6238.999999999997,5986.999999999997,2.9934999999999987,0.886,1140.0
uniform_reliability,35,verify_and_retry,1772,1810,38,190,0,0,0,70,108,2000,0,8860.0,1810.0,1200.0000000000007,0.0,32.40000000000005,92.0,0.0,252.0,1324.4000000000008,5725.599999999999,5473.599999999999,2.7367999999999997,0.886,1140.0
uniform_reliability,35,scope_only,1665,1954,289,0,0,0,46,0,0,0,0,8325.0,1954.0,0.0,0.0,0.0,0.0,199.99999999999292,18.0,199.99999999999292,6171.000000000007,6153.000000000007,3.076500000000004,0.8325,1675.0
uniform_reliability,35,repair_no_appeal,1341,1423,82,59,518,414,0,53,135,566,0,6705.0,1423.0,339.60000000000144,74.09999999999793,40.49999999999997,68.0,0.0,174.0,522.1999999999994,4759.800000000001,4585.800000000001,2.2929000000000004,0.6705,3295.0
uniform_reliability,35,repair_with_scope,1376,1464,88,62,443,353,31,55,183,545,0,6880.0,1464.0,327.00000000000097,76.29999999999781,54.899999999999835,71.0,155.69999999999544,18.0,684.8999999999941,4731.100000000006,4713.100000000006,2.356550000000003,0.688,3120.0
uniform_reliability,36,always_verify,1671,1789,118,211,0,0,0,0,0,2000,0,8355.0,1789.0,1200.0000000000007,0.0,0.0,0.0,0.0,318.0,1200.0000000000007,5365.999999999999,5047.999999999999,2.5239999999999996,0.8355,1645.0
uniform_reliability,36,naive_trust,1671,2000,329,0,0,0,0,0,0,0,0,8355.0,2000.0,0.0,0.0,0.0,0.0,0.0,318.0,0.0,6355.0,6037.0,3.0185,0.8355,1645.0
uniform_reliability,36,reputation_only,1130,1262,132,66,672,541,0,0,0,668,0,5650.0,1262.0,400.80000000000376,0.0,0.0,0.0,0.0,222.0,400.80000000000376,3987.199999999996,3765.199999999996,1.882599999999998,0.565,4350.0
uniform_reliability,36,repair,1400,1491,91,62,447,346,0,75,200,549,0,7000.0,1491.0,329.40000000000106,77.64999999999773,59.99999999999979,90.0,0.0,288.0,557.0499999999986,4951.950000000002,4663.950000000002,2.331975000000001,0.7,3000.0
uniform_reliability,36,repair_no_exclusion,1758,1880,122,120,0,0,0,87,209,784,0,8790.0,1880.0,470.4000000000064,99.99999999999646,62.69999999999976,108.0,0.0,354.0,741.1000000000026,6168.899999999998,5814.899999999998,2.907449999999999,0.879,1210.0
uniform_reliability,36,verify_and_retry,1758,1789,31,211,0,0,0,87,118,2000,0,8790.0,1789.0,1200.0000000000007,0.0,35.40000000000002,108.0,0.0,354.0,1343.4000000000008,5657.599999999999,5303.599999999999,2.6517999999999997,0.879,1210.0
uniform_reliability,36,scope_only,1618,1932,314,0,0,0,68,0,0,0,0,8090.0,1932.0,0.0,0.0,0.0,0.0,199.99999999999292,0.0,199.99999999999292,5958.000000000007,5958.000000000007,2.9790000000000036,0.809,1910.0
uniform_reliability,36,repair_no_appeal,1323,1406,83,65,529,419,0,71,154,579,0,6615.0,1406.0,347.40000000000174,73.54999999999797,46.19999999999992,86.0,0.0,258.0,553.1499999999996,4655.85,4397.85,2.198925,0.6615,3385.0
uniform_reliability,36,repair_with_scope,1364,1452,88,60,432,335,56,70,192,533,0,6820.0,1452.0,319.8000000000007,75.59999999999785,57.59999999999981,85.0,156.79999999999538,0.0,694.7999999999937,4673.200000000006,4673.200000000006,2.336600000000003,0.682,3180.0
uniform_reliability,37,always_verify,1700,1818,118,182,0,0,0,0,0,2000,0,8500.0,1818.0,1200.0000000000007,0.0,0.0,0.0,0.0,246.0,1200.0000000000007,5481.999999999999,5235.999999999999,2.6179999999999994,0.85,1500.0
uniform_reliability,37,naive_trust,1700,2000,300,0,0,0,0,0,0,0,0,8500.0,2000.0,0.0,0.0,0.0,0.0,0.0,246.0,0.0,6500.0,6254.0,3.127,0.85,1500.0
uniform_reliability,37,reputation_only,1206,1318,112,66,616,494,0,0,0,641,0,6030.0,1318.0,384.60000000000315,0.0,0.0,0.0,0.0,192.0,384.60000000000315,4327.399999999997,4135.399999999997,2.0676999999999985,0.603,3970.0
uniform_reliability,37,repair,1406,1494,88,63,443,350,0,56,181,555,0,7030.0,1494.0,333.0000000000012,77.84999999999772,54.29999999999984,73.0,0.0,228.0,538.1499999999987,4997.850000000001,4769.850000000001,2.384925000000001,0.703,2970.0
uniform_reliability,37,repair_no_exclusion,1775,1898,123,102,0,0,0,75,198,767,0,8875.0,1898.0,460.200000000006,99.99999999999646,59.39999999999979,99.0,0.0,258.0,718.6000000000023,6258.399999999998,6000.399999999998,3.000199999999999,0.8875,1125.0
uniform_reliability,37,verify_and_retry,1775,1818,43,182,0,0,0,75,118,2000,0,8875.0,1818.0,1200.0000000000007,0.0,35.40000000000002,99.0,0.0,258.0,1334.4000000000008,5722.599999999999,5464.599999999999,2.7322999999999995,0.8875,1125.0
uniform_reliability,37,scope_only,1661,1956,295,0,0,0,44,0,0,0,0,8305.0,1956.0,0.0,0.0,0.0,0.0,199.99999999999292,12.0,199.99999999999292,6149.000000000007,6137.000000000007,3.068500000000004,0.8305,1695.0
uniform_reliability,37,repair_no_appeal,1333,1415,82,64,521,418,0,51,133,594,0,6665.0,1415.0,356.4000000000021,73.94999999999794,39.89999999999998,66.0,0.0,210.0,536.25,4713.75,4503.75,2.251875,0.6665,3335.0
uniform_reliability,37,repair_with_scope,1376,1463,87,62,437,344,38,54,178,547,0,6880.0,1463.0,328.200000000001,76.24999999999781,53.39999999999985,70.0,156.2999999999954,12.0,684.1499999999941,4732.850000000006,4720.850000000006,2.360425000000003,0.688,3120.0
uniform_reliability,38,always_verify,1667,1795,128,205,0,0,0,0,0,2000,0,8335.0,1795.0,1200.0000000000007,0.0,0.0,0.0,0.0,264.0,1200.0000000000007,5339.999999999999,5075.999999999999,2.5379999999999994,0.8335,1665.0
uniform_reliability,38,naive_trust,1667,2000,333,0,0,0,0,0,0,0,0,8335.0,2000.0,0.0,0.0,0.0,0.0,0.0,264.0,0.0,6335.0,6071.0,3.0355,0.8335,1665.0
uniform_reliability,38,reputation_only,1133,1270,137,62,668,534,0,0,0,663,0,5665.0,1270.0,397.80000000000365,0.0,0.0,0.0,0.0,174.0,397.80000000000365,3997.199999999996,3823.199999999996,1.9115999999999982,0.5665,4335.0
uniform_reliability,38,repair,1396,1487,91,62,451,352,0,81,209,560,0,6980.0,1487.0,336.0000000000013,77.44999999999774,62.69999999999976,94.0,0.0,186.0,570.1499999999988,4922.850000000001,4736.850000000001,2.3684250000000007,0.698,3020.0
uniform_reliability,38,repair_no_exclusion,1765,1893,128,107,0,0,0,98,226,786,0,8825.0,1893.0,471.60000000000645,99.99999999999646,67.79999999999971,116.0,0.0,276.0,755.4000000000026,6176.599999999998,5900.599999999998,2.950299999999999,0.8825,1175.0
uniform_reliability,38,verify_and_retry,1765,1795,30,205,0,0,0,98,128,2000,0,8825.0,1795.0,1200.0000000000007,0.0,38.39999999999999,116.0,0.0,276.0,1354.4000000000008,5675.599999999999,5399.599999999999,2.6997999999999998,0.8825,1175.0
uniform_reliability,38,scope_only,1625,1950,325,0,0,0,50,0,0,0,0,8125.0,1950.0,0.0,0.0,0.0,0.0,199.99999999999292,12.0,199.99999999999292,5975.000000000007,5963.000000000007,2.9815000000000036,0.8125,1875.0
uniform_reliability,38,repair_no_appeal,1337,1418,81,63,519,410,0,80,161,593,0,6685.0,1418.0,355.80000000000206,74.04999999999794,48.2999999999999,91.0,0.0,174.0,569.1499999999999,4697.85,4523.85,2.261925,0.6685,3315.0
uniform_reliability,38,repair_with_scope,1378,1469,91,58,439,342,34,80,208,544,0,6890.0,1469.0,326.40000000000094,76.3499999999978,62.399999999999764,93.0,156.09999999999542,12.0,714.249999999994,4706.750000000006,4694.750000000006,2.347375000000003,0.689,3110.0
uniform_reliability,39,always_verify,1722,1830,108,170,0,0,0,0,0,2000,0,8610.0,1830.0,1200.0000000000007,0.0,0.0,0.0,0.0,282.0,1200.0000000000007,5579.999999999999,5297.999999999999,2.6489999999999996,0.861,1390.0
uniform_reliability,39,naive_trust,1722,2000,278,0,0,0,0,0,0,0,0,8610.0,2000.0,0.0,0.0,0.0,0.0,0.0,282.0,0.0,6610.0,6328.0,3.164,0.861,1390.0
uniform_reliability,39,reputation_only,1166,1301,135,50,649,556,0,0,0,643,0,5830.0,1301.0,385.8000000000032,0.0,0.0,0.0,0.0,198.0,385.8000000000032,4143.199999999997,3945.199999999997,1.9725999999999986,0.583,4170.0
uniform_reliability,39,repair,1452,1547,95,44,409,331,0,61,206,535,0,7260.0,1547.0,321.00000000000074,79.54999999999762,61.79999999999977,74.0,0.0,258.0,536.3499999999981,5176.6500000000015,4918.6500000000015,2.4593250000000006,0.726,2740.0
uniform_reliability,39,repair_no_exclusion,1798,1918,120,82,0,0,0,76,196,712,0,8990.0,1918.0,427.20000000000476,99.99999999999646,58.7999999999998,92.0,0.0,306.0,678.000000000001,6393.999999999999,6087.999999999999,3.0439999999999996,0.899,1010.0
uniform_reliability,39,verify_and_retry,1798,1830,32,170,0,0,0,76,108,2000,0,8990.0,1830.0,1200.0000000000007,0.0,32.40000000000005,92.0,0.0,306.0,1324.4000000000008,5835.599999999999,5529.599999999999,2.7647999999999997,0.899,1010.0
uniform_reliability,39,scope_only,1675,1941,266,0,0,0,59,0,0,0,0,8375.0,1941.0,0.0,0.0,0.0,0.0,199.99999999999292,0.0,199.99999999999292,6234.000000000007,6234.000000000007,3.1170000000000035,0.8375,1625.0
uniform_reliability,39,repair_no_appeal,1352,1440,88,46,514,429,0,59,147,579,0,6760.0,1440.0,347.40000000000174,74.29999999999792,44.09999999999994,70.0,0.0,246.0,535.7999999999996,4784.200000000001,4538.200000000001,2.2691000000000003,0.676,3240.0
uniform_reliability,39,repair_with_scope,1425,1519,94,39,393,316,49,58,202,525,0,7125.0,1519.0,315.0000000000005,77.89999999999772,60.59999999999978,70.0,160.69999999999516,0.0,684.1999999999932,4921.800000000007,4921.800000000007,2.460900000000003,0.7125,2875.0
accidental_failures,0,always_verify,1484,2000,516,0,0,0,0,0,0,2000,0,7420.0,2000.0,1200.0000000000007,0.0,0.0,0.0,0.0,0.0,1200.0000000000007,4219.999999999999,4219.999999999999,2.1099999999999994,0.742,2580.0
accidental_failures,0,naive_trust,1484,2000,516,0,0,0,0,0,0,0,0,7420.0,2000.0,0.0,0.0,0.0,0.0,0.0,0.0,0.0,5420.0,5420.0,2.71,0.742,2580.0
accidental_failures,0,reputation_only,846,1139,293,0,861,638,0,0,0,759,0,4230.0,1139.0,455.40000000000583,0.0,0.0,0.0,0.0,0.0,455.40000000000583,2635.599999999994,2635.599999999994,1.317799999999997,0.423,5770.0
accidental_failures,0,repair,1598,1700,102,0,300,216,0,330,432,492,0,7990.0,1700.0,295.19999999999976,84.99999999999731,129.5999999999992,412.0,0.0,0.0,921.7999999999963,5368.2000000000035,5368.2000000000035,2.6841000000000017,0.799,2010.0
accidental_failures,0,repair_no_exclusion,1880,2000,120,0,0,0,0,396,516,573,0,9400.0,2000.0,343.8000000000016,99.99999999999646,154.80000000000015,495.0,0.0,0.0,1093.5999999999983,6306.4000000000015,6306.4000000000015,3.153200000000001,0.94,600.0
accidental_failures,0,verify_and_retry,1880,2000,120,0,0,0,0,396,516,2000,0,9400.0,2000.0,1200.0000000000007,0.0,154.80000000000015,495.0,0.0,0.0,1849.8000000000009,5550.199999999999,5550.199999999999,2.7750999999999992,0.94,600.0
accidental_failures,0,scope_only,1484,2000,516,0,0,0,0,0,0,0,0,7420.0,2000.0,0.0,0.0,0.0,0.0,199.99999999999292,0.0,199.99999999999292,5220.000000000007,5220.000000000007,2.6100000000000034,0.742,2580.0
accidental_failures,0,repair_no_appeal,1598,1700,102,0,300,216,0,330,432,492,0,7990.0,1700.0,295.19999999999976,84.99999999999731,129.5999999999992,412.0,0.0,0.0,921.7999999999963,5368.2000000000035,5368.2000000000035,2.6841000000000017,0.799,2010.0
accidental_failures,0,repair_with_scope,1598,1700,102,0,300,216,0,330,432,492,0,7990.0,1700.0,295.19999999999976,84.99999999999731,129.5999999999992,412.0,169.99999999999463,0.0,1091.7999999999909,5198.200000000009,5198.200000000009,2.5991000000000044,0.799,2010.0
accidental_failures,1,always_verify,1481,2000,519,0,0,0,0,0,0,2000,0,7405.0,2000.0,1200.0000000000007,0.0,0.0,0.0,0.0,0.0,1200.0000000000007,4204.999999999999,4204.999999999999,2.1024999999999996,0.7405,2595.0
accidental_failures,1,naive_trust,1481,2000,519,0,0,0,0,0,0,0,0,7405.0,2000.0,0.0,0.0,0.0,0.0,0.0,0.0,0.0,5405.0,5405.0,2.7025,0.7405,2595.0
accidental_failures,1,reputation_only,833,1134,301,0,866,648,0,0,0,730,0,4165.0,1134.0,438.0000000000052,0.0,0.0,0.0,0.0,0.0,438.0000000000052,2592.999999999995,2592.999999999995,1.2964999999999975,0.4165,5835.0
accidental_failures,1,repair,1594,1697,103,0,303,229,0,342,445,476,0,7970.0,1697.0,285.5999999999994,84.84999999999732,133.49999999999935,424.0,0.0,0.0,927.9499999999961,5345.050000000004,5345.050000000004,2.672525000000002,0.797,2030.0
accidental_failures,1,repair_no_exclusion,1880,2000,120,0,0,0,0,399,519,569,0,9400.0,2000.0,341.4000000000015,99.99999999999646,155.7000000000002,495.0,0.0,0.0,1092.099999999998,6307.9000000000015,6307.9000000000015,3.153950000000001,0.94,600.0
accidental_failures,1,verify_and_retry,1880,2000,120,0,0,0,0,399,519,2000,0,9400.0,2000.0,1200.0000000000007,0.0,155.7000000000002,495.0,0.0,0.0,1850.700000000001,5549.299999999999,5549.299999999999,2.77465,0.94,600.0
accidental_failures,1,scope_only,1481,2000,519,0,0,0,0,0,0,0,0,7405.0,2000.0,0.0,0.0,0.0,0.0,199.99999999999292,0.0,199.99999999999292,5205.000000000007,5205.000000000007,2.6025000000000036,0.7405,2595.0
accidental_failures,1,repair_no_appeal,1594,1697,103,0,303,229,0,342,445,476,0,7970.0,1697.0,285.5999999999994,84.84999999999732,133.49999999999935,424.0,0.0,0.0,927.9499999999961,5345.050000000004,5345.050000000004,2.672525000000002,0.797,2030.0
accidental_failures,1,repair_with_scope,1594,1697,103,0,303,229,0,342,445,476,0,7970.0,1697.0,285.5999999999994,84.84999999999732,133.49999999999935,424.0,169.69999999999465,0.0,1097.6499999999908,5175.3500000000095,5175.3500000000095,2.587675000000005,0.797,2030.0
accidental_failures,2,always_verify,1484,2000,516,0,0,0,0,0,0,2000,0,7420.0,2000.0,1200.0000000000007,0.0,0.0,0.0,0.0,0.0,1200.0000000000007,4219.999999999999,4219.999999999999,2.1099999999999994,0.742,2580.0
accidental_failures,2,naive_trust,1484,2000,516,0,0,0,0,0,0,0,0,7420.0,2000.0,0.0,0.0,0.0,0.0,0.0,0.0,0.0,5420.0,5420.0,2.71,0.742,2580.0
accidental_failures,2,reputation_only,845,1139,294,0,861,639,0,0,0,740,0,4225.0,1139.0,444.0000000000054,0.0,0.0,0.0,0.0,0.0,444.0000000000054,2641.9999999999945,2641.9999999999945,1.3209999999999973,0.4225,5775.0
accidental_failures,2,repair,1594,1697,103,0,303,230,0,340,443,482,0,7970.0,1697.0,289.19999999999953,84.84999999999732,132.89999999999932,423.0,0.0,0.0,929.9499999999962,5343.050000000004,5343.050000000004,2.6715250000000017,0.797,2030.0
accidental_failures,2,repair_no_exclusion,1880,2000,120,0,0,0,0,396,516,574,0,9400.0,2000.0,344.4000000000016,99.99999999999646,154.80000000000015,490.0,0.0,0.0,1089.1999999999982,6310.800000000002,6310.800000000002,3.155400000000001,0.94,600.0
accidental_failures,2,verify_and_retry,1880,2000,120,0,0,0,0,396,516,2000,0,9400.0,2000.0,1200.0000000000007,0.0,154.80000000000015,490.0,0.0,0.0,1844.8000000000009,5555.199999999999,5555.199999999999,2.7775999999999996,0.94,600.0
accidental_failures,2,scope_only,1484,2000,516,0,0,0,0,0,0,0,0,7420.0,2000.0,0.0,0.0,0.0,0.0,199.99999999999292,0.0,199.99999999999292,5220.000000000007,5220.000000000007,2.6100000000000034,0.742,2580.0
accidental_failures,2,repair_no_appeal,1594,1697,103,0,303,230,0,340,443,482,0,7970.0,1697.0,289.19999999999953,84.84999999999732,132.89999999999932,423.0,0.0,0.0,929.9499999999962,5343.050000000004,5343.050000000004,2.6715250000000017,0.797,2030.0
accidental_failures,2,repair_with_scope,1594,1697,103,0,303,230,0,340,443,482,0,7970.0,1697.0,289.19999999999953,84.84999999999732,132.89999999999932,423.0,169.69999999999465,0.0,1099.6499999999908,5173.3500000000095,5173.3500000000095,2.586675000000005,0.797,2030.0
accidental_failures,3,always_verify,1509,2000,491,0,0,0,0,0,0,2000,0,7545.0,2000.0,1200.0000000000007,0.0,0.0,0.0,0.0,0.0,1200.0000000000007,4344.999999999999,4344.999999999999,2.1724999999999994,0.7545,2455.0
accidental_failures,3,naive_trust,1509,2000,491,0,0,0,0,0,0,0,0,7545.0,2000.0,0.0,0.0,0.0,0.0,0.0,0.0,0.0,5545.0,5545.0,2.7725,0.7545,2455.0
accidental_failures,3,reputation_only,888,1171,283,0,829,621,0,0,0,733,0,4440.0,1171.0,439.80000000000524,0.0,0.0,0.0,0.0,0.0,439.80000000000524,2829.199999999995,2829.199999999995,1.4145999999999974,0.444,5560.0
accidental_failures,3,repair,1559,1670,111,0,330,255,0,305,416,514,0,7795.0,1670.0,308.40000000000026,83.4999999999974,124.79999999999917,395.0,0.0,0.0,911.6999999999969,5213.300000000003,5213.300000000003,2.6066500000000015,0.7795,2205.0
accidental_failures,3,repair_no_exclusion,1871,2000,129,0,0,0,0,362,491,594,0,9355.0,2000.0,356.4000000000021,99.99999999999646,147.29999999999987,465.0,0.0,0.0,1068.6999999999985,6286.300000000001,6286.300000000001,3.1431500000000003,0.9355,645.0
accidental_failures,3,verify_and_retry,1871,2000,129,0,0,0,0,362,491,2000,0,9355.0,2000.0,1200.0000000000007,0.0,147.29999999999987,465.0,0.0,0.0,1812.3000000000006,5542.699999999999,5542.699999999999,2.7713499999999995,0.9355,645.0
accidental_failures,3,scope_only,1509,2000,491,0,0,0,0,0,0,0,0,7545.0,2000.0,0.0,0.0,0.0,0.0,199.99999999999292,0.0,199.99999999999292,5345.000000000007,5345.000000000007,2.6725000000000034,0.7545,2455.0
accidental_failures,3,repair_no_appeal,1559,1670,111,0,330,255,0,305,416,514,0,7795.0,1670.0,308.40000000000026,83.4999999999974,124.79999999999917,395.0,0.0,0.0,911.6999999999969,5213.300000000003,5213.300000000003,2.6066500000000015,0.7795,2205.0
accidental_failures,3,repair_with_scope,1559,1670,111,0,330,255,0,305,416,514,0,7795.0,1670.0,308.40000000000026,83.4999999999974,124.79999999999917,395.0,166.9999999999948,0.0,1078.6999999999916,5046.300000000008,5046.300000000008,2.5231500000000042,0.7795,2205.0
accidental_failures,4,always_verify,1500,2000,500,0,0,0,0,0,0,2000,0,7500.0,2000.0,1200.0000000000007,0.0,0.0,0.0,0.0,0.0,1200.0000000000007,4299.999999999999,4299.999999999999,2.1499999999999995,0.75,2500.0
accidental_failures,4,naive_trust,1500,2000,500,0,0,0,0,0,0,0,0,7500.0,2000.0,0.0,0.0,0.0,0.0,0.0,0.0,0.0,5500.0,5500.0,2.75,0.75,2500.0
accidental_failures,4,reputation_only,876,1164,288,0,836,624,0,0,0,750,0,4380.0,1164.0,450.0000000000056,0.0,0.0,0.0,0.0,0.0,450.0000000000056,2765.9999999999945,2765.9999999999945,1.3829999999999973,0.438,5620.0
accidental_failures,4,repair,1587,1693,106,0,307,221,0,308,414,489,0,7935.0,1693.0,293.3999999999997,84.64999999999733,124.19999999999918,388.0,0.0,0.0,890.2499999999962,5351.750000000004,5351.750000000004,2.675875000000002,0.7935,2065.0
accidental_failures,4,repair_no_exclusion,1870,2000,130,0,0,0,0,370,500,587,0,9350.0,2000.0,352.2000000000019,99.99999999999646,149.99999999999997,471.0,0.0,0.0,1073.1999999999985,6276.800000000001,6276.800000000001,3.1384000000000007,0.935,650.0
accidental_failures,4,verify_and_retry,1870,2000,130,0,0,0,0,370,500,2000,0,9350.0,2000.0,1200.0000000000007,0.0,149.99999999999997,471.0,0.0,0.0,1821.0000000000007,5528.999999999999,5528.999999999999,2.7644999999999995,0.935,650.0
accidental_failures,4,scope_only,1500,2000,500,0,0,0,0,0,0,0,0,7500.0,2000.0,0.0,0.0,0.0,0.0,199.99999999999292,0.0,199.99999999999292,5300.000000000007,5300.000000000007,2.6500000000000035,0.75,2500.0
accidental_failures,4,repair_no_appeal,1587,1693,106,0,307,221,0,308,414,489,0,7935.0,1693.0,293.3999999999997,84.64999999999733,124.19999999999918,388.0,0.0,0.0,890.2499999999962,5351.750000000004,5351.750000000004,2.675875000000002,0.7935,2065.0
accidental_failures,4,repair_with_scope,1587,1693,106,0,307,221,0,308,414,489,0,7935.0,1693.0,293.3999999999997,84.64999999999733,124.19999999999918,388.0,169.29999999999467,0.0,1059.5499999999909,5182.450000000009,5182.450000000009,2.5912250000000046,0.7935,2065.0
accidental_failures,5,always_verify,1478,2000,522,0,0,0,0,0,0,2000,0,7390.0,2000.0,1200.0000000000007,0.0,0.0,0.0,0.0,0.0,1200.0000000000007,4189.999999999999,4189.999999999999,2.0949999999999998,0.739,2610.0
accidental_failures,5,naive_trust,1478,2000,522,0,0,0,0,0,0,0,0,7390.0,2000.0,0.0,0.0,0.0,0.0,0.0,0.0,0.0,5390.0,5390.0,2.695,0.739,2610.0
accidental_failures,5,reputation_only,843,1138,295,0,862,635,0,0,0,733,0,4215.0,1138.0,439.80000000000524,0.0,0.0,0.0,0.0,0.0,439.80000000000524,2637.199999999995,2637.199999999995,1.3185999999999973,0.4215,5785.0
accidental_failures,5,repair,1633,1727,94,0,273,197,0,352,446,462,0,8165.0,1727.0,277.1999999999991,86.34999999999724,133.79999999999936,433.0,0.0,0.0,930.3499999999957,5507.650000000004,5507.650000000004,2.753825000000002,0.8165,1835.0
accidental_failures,5,repair_no_exclusion,1886,2000,114,0,0,0,0,408,522,533,0,9430.0,2000.0,319.8000000000007,99.99999999999646,156.60000000000022,504.0,0.0,0.0,1080.3999999999974,6349.600000000002,6349.600000000002,3.174800000000001,0.943,570.0
accidental_failures,5,verify_and_retry,1886,2000,114,0,0,0,0,408,522,2000,0,9430.0,2000.0,1200.0000000000007,0.0,156.60000000000022,504.0,0.0,0.0,1860.6000000000008,5569.4,5569.4,2.7847,0.943,570.0
accidental_failures,5,scope_only,1478,2000,522,0,0,0,0,0,0,0,0,7390.0,2000.0,0.0,0.0,0.0,0.0,199.99999999999292,0.0,199.99999999999292,5190.000000000007,5190.000000000007,2.5950000000000037,0.739,2610.0
accidental_failures,5,repair_no_appeal,1633,1727,94,0,273,197,0,352,446,462,0,8165.0,1727.0,277.1999999999991,86.34999999999724,133.79999999999936,433.0,0.0,0.0,930.3499999999957,5507.650000000004,5507.650000000004,2.753825000000002,0.8165,1835.0
accidental_failures,5,repair_with_scope,1633,1727,94,0,273,197,0,352,446,462,0,8165.0,1727.0,277.1999999999991,86.34999999999724,133.79999999999936,433.0,172.69999999999447,0.0,1103.0499999999902,5334.95000000001,5334.95000000001,2.667475000000005,0.8165,1835.0
accidental_failures,6,always_verify,1489,2000,511,0,0,0,0,0,0,2000,0,7445.0,2000.0,1200.0000000000007,0.0,0.0,0.0,0.0,0.0,1200.0000000000007,4244.999999999999,4244.999999999999,2.1224999999999996,0.7445,2555.0
accidental_failures,6,naive_trust,1489,2000,511,0,0,0,0,0,0,0,0,7445.0,2000.0,0.0,0.0,0.0,0.0,0.0,0.0,0.0,5445.0,5445.0,2.7225,0.7445,2555.0
accidental_failures,6,reputation_only,839,1136,297,0,864,650,0,0,0,755,0,4195.0,1136.0,453.00000000000574,0.0,0.0,0.0,0.0,0.0,453.00000000000574,2605.999999999994,2605.999999999994,1.302999999999997,0.4195,5805.0
accidental_failures,6,repair,1586,1691,105,0,309,221,0,318,423,505,0,7930.0,1691.0,303.00000000000006,84.54999999999734,126.89999999999915,399.0,0.0,0.0,913.4499999999965,5325.550000000004,5325.550000000004,2.662775000000002,0.793,2070.0
accidental_failures,6,repair_no_exclusion,1874,2000,126,0,0,0,0,385,511,596,0,9370.0,2000.0,357.6000000000021,99.99999999999646,153.3000000000001,481.0,0.0,0.0,1091.8999999999987,6278.100000000001,6278.100000000001,3.1390500000000006,0.937,630.0
accidental_failures,6,verify_and_retry,1874,2000,126,0,0,0,0,385,511,2000,0,9370.0,2000.0,1200.0000000000007,0.0,153.3000000000001,481.0,0.0,0.0,1834.3000000000009,5535.699999999999,5535.699999999999,2.7678499999999993,0.937,630.0
accidental_failures,6,scope_only,1489,2000,511,0,0,0,0,0,0,0,0,7445.0,2000.0,0.0,0.0,0.0,0.0,199.99999999999292,0.0,199.99999999999292,5245.000000000007,5245.000000000007,2.6225000000000036,0.7445,2555.0
accidental_failures,6,repair_no_appeal,1586,1691,105,0,309,221,0,318,423,505,0,7930.0,1691.0,303.00000000000006,84.54999999999734,126.89999999999915,399.0,0.0,0.0,913.4499999999965,5325.550000000004,5325.550000000004,2.662775000000002,0.793,2070.0
accidental_failures,6,repair_with_scope,1586,1691,105,0,309,221,0,318,423,505,0,7930.0,1691.0,303.00000000000006,84.54999999999734,126.89999999999915,399.0,169.09999999999468,0.0,1082.5499999999913,5156.450000000009,5156.450000000009,2.5782250000000047,0.793,2070.0
accidental_failures,7,always_verify,1509,2000,491,0,0,0,0,0,0,2000,0,7545.0,2000.0,1200.0000000000007,0.0,0.0,0.0,0.0,0.0,1200.0000000000007,4344.999999999999,4344.999999999999,2.1724999999999994,0.7545,2455.0
accidental_failures,7,naive_trust,1509,2000,491,0,0,0,0,0,0,0,0,7545.0,2000.0,0.0,0.0,0.0,0.0,0.0,0.0,0.0,5545.0,5545.0,2.7725,0.7545,2455.0
accidental_failures,7,reputation_only,879,1164,285,0,836,630,0,0,0,726,0,4395.0,1164.0,435.6000000000051,0.0,0.0,0.0,0.0,0.0,435.6000000000051,2795.399999999995,2795.399999999995,1.3976999999999975,0.4395,5605.0
accidental_failures,7,repair,1630,1724,94,0,276,204,0,325,419,475,0,8150.0,1724.0,284.9999999999994,86.19999999999725,125.69999999999916,404.0,0.0,0.0,900.8999999999958,5525.100000000004,5525.100000000004,2.762550000000002,0.815,1850.0
accidental_failures,7,repair_no_exclusion,1884,2000,116,0,0,0,0,375,491,557,0,9420.0,2000.0,334.20000000000124,99.99999999999646,147.29999999999987,471.0,0.0,0.0,1052.4999999999975,6367.500000000003,6367.500000000003,3.183750000000001,0.942,580.0
accidental_failures,7,verify_and_retry,1884,2000,116,0,0,0,0,375,491,2000,0,9420.0,2000.0,1200.0000000000007,0.0,147.29999999999987,471.0,0.0,0.0,1818.3000000000006,5601.699999999999,5601.699999999999,2.8008499999999996,0.942,580.0
accidental_failures,7,scope_only,1509,2000,491,0,0,0,0,0,0,0,0,7545.0,2000.0,0.0,0.0,0.0,0.0,199.99999999999292,0.0,199.99999999999292,5345.000000000007,5345.000000000007,2.6725000000000034,0.7545,2455.0
accidental_failures,7,repair_no_appeal,1630,1724,94,0,276,204,0,325,419,475,0,8150.0,1724.0,284.9999999999994,86.19999999999725,125.69999999999916,404.0,0.0,0.0,900.8999999999958,5525.100000000004,5525.100000000004,2.762550000000002,0.815,1850.0
accidental_failures,7,repair_with_scope,1630,1724,94,0,276,204,0,325,419,475,0,8150.0,1724.0,284.9999999999994,86.19999999999725,125.69999999999916,404.0,172.3999999999945,0.0,1073.2999999999902,5352.70000000001,5352.70000000001,2.676350000000005,0.815,1850.0
accidental_failures,8,always_verify,1490,2000,510,0,0,0,0,0,0,2000,0,7450.0,2000.0,1200.0000000000007,0.0,0.0,0.0,0.0,0.0,1200.0000000000007,4249.999999999999,4249.999999999999,2.1249999999999996,0.745,2550.0
accidental_failures,8,naive_trust,1490,2000,510,0,0,0,0,0,0,0,0,7450.0,2000.0,0.0,0.0,0.0,0.0,0.0,0.0,0.0,5450.0,5450.0,2.725,0.745,2550.0
accidental_failures,8,reputation_only,830,1127,297,0,873,660,0,0,0,734,0,4150.0,1127.0,440.40000000000526,0.0,0.0,0.0,0.0,0.0,440.40000000000526,2582.599999999995,2582.599999999995,1.2912999999999974,0.415,5850.0
accidental_failures,8,repair,1614,1714,100,0,286,210,0,334,434,487,0,8070.0,1714.0,292.19999999999965,85.69999999999727,130.19999999999922,415.0,0.0,0.0,923.0999999999962,5432.900000000004,5432.900000000004,2.7164500000000023,0.807,1930.0
accidental_failures,8,repair_no_exclusion,1886,2000,114,0,0,0,0,396,510,562,0,9430.0,2000.0,337.20000000000135,99.99999999999646,153.00000000000009,488.0,0.0,0.0,1078.199999999998,6351.800000000002,6351.800000000002,3.175900000000001,0.943,570.0
accidental_failures,8,verify_and_retry,1886,2000,114,0,0,0,0,396,510,2000,0,9430.0,2000.0,1200.0000000000007,0.0,153.00000000000009,488.0,0.0,0.0,1841.0000000000007,5588.999999999999,5588.999999999999,2.7944999999999998,0.943,570.0
accidental_failures,8,scope_only,1490,2000,510,0,0,0,0,0,0,0,0,7450.0,2000.0,0.0,0.0,0.0,0.0,199.99999999999292,0.0,199.99999999999292,5250.000000000007,5250.000000000007,2.6250000000000036,0.745,2550.0
accidental_failures,8,repair_no_appeal,1614,1714,100,0,286,210,0,334,434,487,0,8070.0,1714.0,292.19999999999965,85.69999999999727,130.19999999999922,415.0,0.0,0.0,923.0999999999962,5432.900000000004,5432.900000000004,2.7164500000000023,0.807,1930.0
accidental_failures,8,repair_with_scope,1614,1714,100,0,286,210,0,334,434,487,0,8070.0,1714.0,292.19999999999965,85.69999999999727,130.19999999999922,415.0,171.39999999999455,0.0,1094.4999999999907,5261.500000000009,5261.500000000009,2.6307500000000044,0.807,1930.0
accidental_failures,9,always_verify,1513,2000,487,0,0,0,0,0,0,2000,0,7565.0,2000.0,1200.0000000000007,0.0,0.0,0.0,0.0,0.0,1200.0000000000007,4364.999999999999,4364.999999999999,2.1824999999999997,0.7565,2435.0
accidental_failures,9,naive_trust,1513,2000,487,0,0,0,0,0,0,0,0,7565.0,2000.0,0.0,0.0,0.0,0.0,0.0,0.0,0.0,5565.0,5565.0,2.7825,0.7565,2435.0
accidental_failures,9,reputation_only,911,1187,276,0,813,602,0,0,0,716,0,4555.0,1187.0,429.60000000000485,0.0,0.0,0.0,0.0,0.0,429.60000000000485,2938.399999999995,2938.399999999995,1.4691999999999976,0.4555,5445.0
accidental_failures,9,repair,1605,1706,101,0,294,214,0,306,407,472,0,8025.0,1706.0,283.1999999999993,85.2999999999973,122.0999999999992,389.0,0.0,0.0,879.5999999999958,5439.400000000004,5439.400000000004,2.7197000000000022,0.8025,1975.0
accidental_failures,9,repair_no_exclusion,1882,2000,118,0,0,0,0,369,487,555,0,9410.0,2000.0,333.0000000000012,99.99999999999646,146.09999999999982,464.0,0.0,0.0,1043.0999999999974,6366.900000000002,6366.900000000002,3.183450000000001,0.941,590.0
accidental_failures,9,verify_and_retry,1882,2000,118,0,0,0,0,369,487,2000,0,9410.0,2000.0,1200.0000000000007,0.0,146.09999999999982,464.0,0.0,0.0,1810.1000000000006,5599.9,5599.9,2.79995,0.941,590.0
accidental_failures,9,scope_only,1513,2000,487,0,0,0,0,0,0,0,0,7565.0,2000.0,0.0,0.0,0.0,0.0,199.99999999999292,0.0,199.99999999999292,5365.000000000007,5365.000000000007,2.6825000000000037,0.7565,2435.0
accidental_failures,9,repair_no_appeal,1605,1706,101,0,294,214,0,306,407,472,0,8025.0,1706.0,283.1999999999993,85.2999999999973,122.0999999999992,389.0,0.0,0.0,879.5999999999958,5439.400000000004,5439.400000000004,2.7197000000000022,0.8025,1975.0
accidental_failures,9,repair_with_scope,1605,1706,101,0,294,214,0,306,407,472,0,8025.0,1706.0,283.1999999999993,85.2999999999973,122.0999999999992,389.0,170.5999999999946,0.0,1050.1999999999905,5268.800000000009,5268.800000000009,2.6344000000000047,0.8025,1975.0
accidental_failures,10,always_verify,1513,2000,487,0,0,0,0,0,0,2000,0,7565.0,2000.0,1200.0000000000007,0.0,0.0,0.0,0.0,0.0,1200.0000000000007,4364.999999999999,4364.999999999999,2.1824999999999997,0.7565,2435.0
accidental_failures,10,naive_trust,1513,2000,487,0,0,0,0,0,0,0,0,7565.0,2000.0,0.0,0.0,0.0,0.0,0.0,0.0,0.0,5565.0,5565.0,2.7825,0.7565,2435.0
accidental_failures,10,reputation_only,874,1163,289,0,837,639,0,0,0,737,0,4370.0,1163.0,442.20000000000533,0.0,0.0,0.0,0.0,0.0,442.20000000000533,2764.7999999999947,2764.7999999999947,1.3823999999999974,0.437,5630.0
accidental_failures,10,repair,1632,1727,95,0,273,213,0,332,427,487,0,8160.0,1727.0,292.19999999999965,86.34999999999724,128.09999999999914,401.0,0.0,0.0,907.649999999996,5525.350000000004,5525.350000000004,2.762675000000002,0.816,1840.0
accidental_failures,10,repair_no_exclusion,1887,2000,113,0,0,0,0,374,487,567,0,9435.0,2000.0,340.20000000000147,99.99999999999646,146.09999999999982,458.0,0.0,0.0,1044.2999999999977,6390.700000000003,6390.700000000003,3.1953500000000012,0.9435,565.0
accidental_failures,10,verify_and_retry,1887,2000,113,0,0,0,0,374,487,2000,0,9435.0,2000.0,1200.0000000000007,0.0,146.09999999999982,458.0,0.0,0.0,1804.1000000000006,5630.9,5630.9,2.81545,0.9435,565.0
accidental_failures,10,scope_only,1513,2000,487,0,0,0,0,0,0,0,0,7565.0,2000.0,0.0,0.0,0.0,0.0,199.99999999999292,0.0,199.99999999999292,5365.000000000007,5365.000000000007,2.6825000000000037,0.7565,2435.0
accidental_failures,10,repair_no_appeal,1632,1727,95,0,273,213,0,332,427,487,0,8160.0,1727.0,292.19999999999965,86.34999999999724,128.09999999999914,401.0,0.0,0.0,907.649999999996,5525.350000000004,5525.350000000004,2.762675000000002,0.816,1840.0
accidental_failures,10,repair_with_scope,1632,1727,95,0,273,213,0,332,427,487,0,8160.0,1727.0,292.19999999999965,86.34999999999724,128.09999999999914,401.0,172.69999999999447,0.0,1080.3499999999906,5352.65000000001,5352.65000000001,2.6763250000000047,0.816,1840.0
accidental_failures,11,always_verify,1524,2000,476,0,0,0,0,0,0,2000,0,7620.0,2000.0,1200.0000000000007,0.0,0.0,0.0,0.0,0.0,1200.0000000000007,4419.999999999999,4419.999999999999,2.2099999999999995,0.762,2380.0
accidental_failures,11,naive_trust,1524,2000,476,0,0,0,0,0,0,0,0,7620.0,2000.0,0.0,0.0,0.0,0.0,0.0,0.0,0.0,5620.0,5620.0,2.81,0.762,2380.0
accidental_failures,11,reputation_only,919,1195,276,0,805,605,0,0,0,706,0,4595.0,1195.0,423.6000000000046,0.0,0.0,0.0,0.0,0.0,423.6000000000046,2976.3999999999955,2976.3999999999955,1.4881999999999977,0.4595,5405.0
accidental_failures,11,repair,1630,1726,96,0,274,199,0,305,401,469,0,8150.0,1726.0,281.39999999999924,86.29999999999724,120.29999999999922,377.0,0.0,0.0,864.9999999999957,5559.000000000005,5559.000000000005,2.7795000000000023,0.815,1850.0
accidental_failures,11,repair_no_exclusion,1890,2000,110,0,0,0,0,366,476,541,0,9450.0,2000.0,324.6000000000009,99.99999999999646,142.7999999999997,448.0,0.0,0.0,1015.399999999997,6434.600000000003,6434.600000000003,3.2173000000000016,0.945,550.0
accidental_failures,11,verify_and_retry,1890,2000,110,0,0,0,0,366,476,2000,0,9450.0,2000.0,1200.0000000000007,0.0,142.7999999999997,448.0,0.0,0.0,1790.8000000000004,5659.2,5659.2,2.8296,0.945,550.0
accidental_failures,11,scope_only,1524,2000,476,0,0,0,0,0,0,0,0,7620.0,2000.0,0.0,0.0,0.0,0.0,199.99999999999292,0.0,199.99999999999292,5420.000000000007,5420.000000000007,2.7100000000000035,0.762,2380.0
accidental_failures,11,repair_no_appeal,1630,1726,96,0,274,199,0,305,401,469,0,8150.0,1726.0,281.39999999999924,86.29999999999724,120.29999999999922,377.0,0.0,0.0,864.9999999999957,5559.000000000005,5559.000000000005,2.7795000000000023,0.815,1850.0
accidental_failures,11,repair_with_scope,1630,1726,96,0,274,199,0,305,401,469,0,8150.0,1726.0,281.39999999999924,86.29999999999724,120.29999999999922,377.0,172.59999999999448,0.0,1037.5999999999901,5386.40000000001,5386.40000000001,2.693200000000005,0.815,1850.0
accidental_failures,12,always_verify,1482,2000,518,0,0,0,0,0,0,2000,0,7410.0,2000.0,1200.0000000000007,0.0,0.0,0.0,0.0,0.0,1200.0000000000007,4209.999999999999,4209.999999999999,2.1049999999999995,0.741,2590.0
accidental_failures,12,naive_trust,1482,2000,518,0,0,0,0,0,0,0,0,7410.0,2000.0,0.0,0.0,0.0,0.0,0.0,0.0,0.0,5410.0,5410.0,2.705,0.741,2590.0
accidental_failures,12,reputation_only,818,1121,303,0,879,664,0,0,0,747,0,4090.0,1121.0,448.20000000000556,0.0,0.0,0.0,0.0,0.0,448.20000000000556,2520.7999999999943,2520.7999999999943,1.260399999999997,0.409,5910.0
accidental_failures,12,repair,1576,1684,108,0,316,235,0,329,437,485,0,7880.0,1684.0,290.9999999999996,84.19999999999736,131.09999999999926,414.0,0.0,0.0,920.2999999999962,5275.7000000000035,5275.7000000000035,2.6378500000000016,0.788,2120.0
accidental_failures,12,repair_no_exclusion,1875,2000,125,0,0,0,0,393,518,578,0,9375.0,2000.0,346.8000000000017,99.99999999999646,155.40000000000018,491.0,0.0,0.0,1093.1999999999985,6281.800000000001,6281.800000000001,3.1409000000000007,0.9375,625.0
accidental_failures,12,verify_and_retry,1875,2000,125,0,0,0,0,393,518,2000,0,9375.0,2000.0,1200.0000000000007,0.0,155.40000000000018,491.0,0.0,0.0,1846.4000000000008,5528.599999999999,5528.599999999999,2.7642999999999995,0.9375,625.0
accidental_failures,12,scope_only,1482,2000,518,0,0,0,0,0,0,0,0,7410.0,2000.0,0.0,0.0,0.0,0.0,199.99999999999292,0.0,199.99999999999292,5210.000000000007,5210.000000000007,2.6050000000000035,0.741,2590.0
accidental_failures,12,repair_no_appeal,1576,1684,108,0,316,235,0,329,437,485,0,7880.0,1684.0,290.9999999999996,84.19999999999736,131.09999999999926,414.0,0.0,0.0,920.2999999999962,5275.7000000000035,5275.7000000000035,2.6378500000000016,0.788,2120.0
accidental_failures,12,repair_with_scope,1576,1684,108,0,316,235,0,329,437,485,0,7880.0,1684.0,290.9999999999996,84.19999999999736,131.09999999999926,414.0,168.39999999999472,0.0,1088.699999999991,5107.300000000009,5107.300000000009,2.5536500000000046,0.788,2120.0
accidental_failures,13,always_verify,1474,2000,526,0,0,0,0,0,0,2000,0,7370.0,2000.0,1200.0000000000007,0.0,0.0,0.0,0.0,0.0,1200.0000000000007,4169.999999999999,4169.999999999999,2.0849999999999995,0.737,2630.0
accidental_failures,13,naive_trust,1474,2000,526,0,0,0,0,0,0,0,0,7370.0,2000.0,0.0,0.0,0.0,0.0,0.0,0.0,0.0,5370.0,5370.0,2.685,0.737,2630.0
accidental_failures,13,reputation_only,842,1137,295,0,863,632,0,0,0,746,0,4210.0,1137.0,447.60000000000554,0.0,0.0,0.0,0.0,0.0,447.60000000000554,2625.3999999999946,2625.3999999999946,1.3126999999999973,0.421,5790.0
accidental_failures,13,repair,1548,1664,116,0,336,257,0,331,447,498,0,7740.0,1664.0,298.7999999999999,83.19999999999742,134.09999999999937,428.0,0.0,0.0,944.0999999999967,5131.900000000003,5131.900000000003,2.5659500000000017,0.774,2260.0
accidental_failures,13,repair_no_exclusion,1866,2000,134,0,0,0,0,392,526,594,0,9330.0,2000.0,356.4000000000021,99.99999999999646,157.80000000000027,502.0,0.0,0.0,1116.199999999999,6213.800000000001,6213.800000000001,3.1069000000000004,0.933,670.0
accidental_failures,13,verify_and_retry,1866,2000,134,0,0,0,0,392,526,2000,0,9330.0,2000.0,1200.0000000000007,0.0,157.80000000000027,502.0,0.0,0.0,1859.8000000000009,5470.199999999999,5470.199999999999,2.7350999999999996,0.933,670.0
accidental_failures,13,scope_only,1474,2000,526,0,0,0,0,0,0,0,0,7370.0,2000.0,0.0,0.0,0.0,0.0,199.99999999999292,0.0,199.99999999999292,5170.000000000007,5170.000000000007,2.5850000000000035,0.737,2630.0
accidental_failures,13,repair_no_appeal,1548,1664,116,0,336,257,0,331,447,498,0,7740.0,1664.0,298.7999999999999,83.19999999999742,134.09999999999937,428.0,0.0,0.0,944.0999999999967,5131.900000000003,5131.900000000003,2.5659500000000017,0.774,2260.0
accidental_failures,13,repair_with_scope,1548,1664,116,0,336,257,0,331,447,498,0,7740.0,1664.0,298.7999999999999,83.19999999999742,134.09999999999937,428.0,166.39999999999483,0.0,1110.4999999999916,4965.500000000008,4965.500000000008,2.4827500000000042,0.774,2260.0
accidental_failures,14,always_verify,1517,2000,483,0,0,0,0,0,0,2000,0,7585.0,2000.0,1200.0000000000007,0.0,0.0,0.0,0.0,0.0,1200.0000000000007,4384.999999999999,4384.999999999999,2.1924999999999994,0.7585,2415.0
accidental_failures,14,naive_trust,1517,2000,483,0,0,0,0,0,0,0,0,7585.0,2000.0,0.0,0.0,0.0,0.0,0.0,0.0,0.0,5585.0,5585.0,2.7925,0.7585,2415.0
accidental_failures,14,reputation_only,906,1185,279,0,815,611,0,0,0,745,0,4530.0,1185.0,447.0000000000055,0.0,0.0,0.0,0.0,0.0,447.0000000000055,2897.9999999999945,2897.9999999999945,1.4489999999999972,0.453,5470.0
accidental_failures,14,repair,1636,1729,93,0,271,201,0,320,413,490,0,8180.0,1729.0,293.9999999999997,86.44999999999723,123.89999999999918,396.0,0.0,0.0,900.3499999999962,5550.650000000004,5550.650000000004,2.7753250000000023,0.818,1820.0
accidental_failures,14,repair_no_exclusion,1891,2000,109,0,0,0,0,374,483,562,0,9455.0,2000.0,337.20000000000135,99.99999999999646,144.89999999999978,464.0,0.0,0.0,1046.0999999999976,6408.900000000002,6408.900000000002,3.2044500000000014,0.9455,545.0
accidental_failures,14,verify_and_retry,1891,2000,109,0,0,0,0,374,483,2000,0,9455.0,2000.0,1200.0000000000007,0.0,144.89999999999978,464.0,0.0,0.0,1808.9000000000005,5646.099999999999,5646.099999999999,2.82305,0.9455,545.0
accidental_failures,14,scope_only,1517,2000,483,0,0,0,0,0,0,0,0,7585.0,2000.0,0.0,0.0,0.0,0.0,199.99999999999292,0.0,199.99999999999292,5385.000000000007,5385.000000000007,2.6925000000000034,0.7585,2415.0
accidental_failures,14,repair_no_appeal,1636,1729,93,0,271,201,0,320,413,490,0,8180.0,1729.0,293.9999999999997,86.44999999999723,123.89999999999918,396.0,0.0,0.0,900.3499999999962,5550.650000000004,5550.650000000004,2.7753250000000023,0.818,1820.0
accidental_failures,14,repair_with_scope,1636,1729,93,0,271,201,0,320,413,490,0,8180.0,1729.0,293.9999999999997,86.44999999999723,123.89999999999918,396.0,172.89999999999446,0.0,1073.2499999999907,5377.750000000009,5377.750000000009,2.6888750000000043,0.818,1820.0
accidental_failures,15,always_verify,1502,2000,498,0,0,0,0,0,0,2000,0,7510.0,2000.0,1200.0000000000007,0.0,0.0,0.0,0.0,0.0,1200.0000000000007,4309.999999999999,4309.999999999999,2.1549999999999994,0.751,2490.0
accidental_failures,15,naive_trust,1502,2000,498,0,0,0,0,0,0,0,0,7510.0,2000.0,0.0,0.0,0.0,0.0,0.0,0.0,0.0,5510.0,5510.0,2.755,0.751,2490.0
accidental_failures,15,reputation_only,886,1169,283,0,831,616,0,0,0,732,0,4430.0,1169.0,439.2000000000052,0.0,0.0,0.0,0.0,0.0,439.2000000000052,2821.7999999999947,2821.7999999999947,1.4108999999999974,0.443,5570.0
accidental_failures,15,repair,1608,1707,99,0,293,216,0,322,421,479,0,8040.0,1707.0,287.39999999999947,85.3499999999973,126.29999999999916,396.0,0.0,0.0,895.0499999999959,5437.950000000004,5437.950000000004,2.718975000000002,0.804,1960.0
accidental_failures,15,repair_no_exclusion,1884,2000,116,0,0,0,0,382,498,563,0,9420.0,2000.0,337.8000000000014,99.99999999999646,149.39999999999995,468.0,0.0,0.0,1055.1999999999978,6364.800000000002,6364.800000000002,3.182400000000001,0.942,580.0
accidental_failures,15,verify_and_retry,1884,2000,116,0,0,0,0,382,498,2000,0,9420.0,2000.0,1200.0000000000007,0.0,149.39999999999995,468.0,0.0,0.0,1817.4000000000005,5602.599999999999,5602.599999999999,2.8013,0.942,580.0
accidental_failures,15,scope_only,1502,2000,498,0,0,0,0,0,0,0,0,7510.0,2000.0,0.0,0.0,0.0,0.0,199.99999999999292,0.0,199.99999999999292,5310.000000000007,5310.000000000007,2.655000000000004,0.751,2490.0
accidental_failures,15,repair_no_appeal,1608,1707,99,0,293,216,0,322,421,479,0,8040.0,1707.0,287.39999999999947,85.3499999999973,126.29999999999916,396.0,0.0,0.0,895.0499999999959,5437.950000000004,5437.950000000004,2.718975000000002,0.804,1960.0
accidental_failures,15,repair_with_scope,1608,1707,99,0,293,216,0,322,421,479,0,8040.0,1707.0,287.39999999999947,85.3499999999973,126.29999999999916,396.0,170.6999999999946,0.0,1065.7499999999905,5267.250000000009,5267.250000000009,2.6336250000000048,0.804,1960.0
accidental_failures,16,always_verify,1501,2000,499,0,0,0,0,0,0,2000,0,7505.0,2000.0,1200.0000000000007,0.0,0.0,0.0,0.0,0.0,1200.0000000000007,4304.999999999999,4304.999999999999,2.1524999999999994,0.7505,2495.0
accidental_failures,16,naive_trust,1501,2000,499,0,0,0,0,0,0,0,0,7505.0,2000.0,0.0,0.0,0.0,0.0,0.0,0.0,0.0,5505.0,5505.0,2.7525,0.7505,2495.0
accidental_failures,16,reputation_only,844,1139,295,0,861,657,0,0,0,742,0,4220.0,1139.0,445.20000000000545,0.0,0.0,0.0,0.0,0.0,445.20000000000545,2635.7999999999947,2635.7999999999947,1.3178999999999974,0.422,5780.0
accidental_failures,16,repair,1639,1731,92,0,269,207,0,345,437,467,0,8195.0,1731.0,280.1999999999992,86.54999999999723,131.09999999999926,422.0,0.0,0.0,919.8499999999957,5544.150000000004,5544.150000000004,2.7720750000000023,0.8195,1805.0
accidental_failures,16,repair_no_exclusion,1890,2000,110,0,0,0,0,389,499,551,0,9450.0,2000.0,330.6000000000011,99.99999999999646,149.69999999999996,480.0,0.0,0.0,1060.2999999999975,6389.700000000003,6389.700000000003,3.194850000000001,0.945,550.0
accidental_failures,16,verify_and_retry,1890,2000,110,0,0,0,0,389,499,2000,0,9450.0,2000.0,1200.0000000000007,0.0,149.69999999999996,480.0,0.0,0.0,1829.7000000000007,5620.299999999999,5620.299999999999,2.8101499999999997,0.945,550.0
accidental_failures,16,scope_only,1501,2000,499,0,0,0,0,0,0,0,0,7505.0,2000.0,0.0,0.0,0.0,0.0,199.99999999999292,0.0,199.99999999999292,5305.000000000007,5305.000000000007,2.652500000000004,0.7505,2495.0
accidental_failures,16,repair_no_appeal,1639,1731,92,0,269,207,0,345,437,467,0,8195.0,1731.0,280.1999999999992,86.54999999999723,131.09999999999926,422.0,0.0,0.0,919.8499999999957,5544.150000000004,5544.150000000004,2.7720750000000023,0.8195,1805.0
accidental_failures,16,repair_with_scope,1639,1731,92,0,269,207,0,345,437,467,0,8195.0,1731.0,280.1999999999992,86.54999999999723,131.09999999999926,422.0,173.09999999999445,0.0,1092.94999999999,5371.05000000001,5371.05000000001,2.685525000000005,0.8195,1805.0
accidental_failures,17,always_verify,1492,2000,508,0,0,0,0,0,0,2000,0,7460.0,2000.0,1200.0000000000007,0.0,0.0,0.0,0.0,0.0,1200.0000000000007,4259.999999999999,4259.999999999999,2.1299999999999994,0.746,2540.0
accidental_failures,17,naive_trust,1492,2000,508,0,0,0,0,0,0,0,0,7460.0,2000.0,0.0,0.0,0.0,0.0,0.0,0.0,0.0,5460.0,5460.0,2.73,0.746,2540.0
accidental_failures,17,reputation_only,871,1162,291,0,838,621,0,0,0,751,0,4355.0,1162.0,450.60000000000565,0.0,0.0,0.0,0.0,0.0,450.60000000000565,2742.399999999994,2742.399999999994,1.371199999999997,0.4355,5645.0
accidental_failures,17,repair,1668,1754,86,0,246,187,0,363,449,449,0,8340.0,1754.0,269.3999999999988,87.69999999999716,134.6999999999994,430.0,0.0,0.0,921.7999999999953,5664.200000000004,5664.200000000004,2.8321000000000023,0.834,1660.0
accidental_failures,17,repair_no_exclusion,1900,2000,100,0,0,0,0,408,508,509,0,9500.0,2000.0,305.40000000000015,99.99999999999646,152.40000000000006,485.0,0.0,0.0,1042.7999999999968,6457.2000000000035,6457.2000000000035,3.228600000000002,0.95,500.0
accidental_failures,17,verify_and_retry,1900,2000,100,0,0,0,0,408,508,2000,0,9500.0,2000.0,1200.0000000000007,0.0,152.40000000000006,485.0,0.0,0.0,1837.4000000000008,5662.599999999999,5662.599999999999,2.8312999999999997,0.95,500.0
accidental_failures,17,scope_only,1492,2000,508,0,0,0,0,0,0,0,0,7460.0,2000.0,0.0,0.0,0.0,0.0,199.99999999999292,0.0,199.99999999999292,5260.000000000007,5260.000000000007,2.6300000000000034,0.746,2540.0
accidental_failures,17,repair_no_appeal,1668,1754,86,0,246,187,0,363,449,449,0,8340.0,1754.0,269.3999999999988,87.69999999999716,134.6999999999994,430.0,0.0,0.0,921.7999999999953,5664.200000000004,5664.200000000004,2.8321000000000023,0.834,1660.0
accidental_failures,17,repair_with_scope,1668,1754,86,0,246,187,0,363,449,449,0,8340.0,1754.0,269.3999999999988,87.69999999999716,134.6999999999994,430.0,175.39999999999432,0.0,1097.1999999999896,5488.80000000001,5488.80000000001,2.744400000000005,0.834,1660.0
accidental_failures,18,always_verify,1498,2000,502,0,0,0,0,0,0,2000,0,7490.0,2000.0,1200.0000000000007,0.0,0.0,0.0,0.0,0.0,1200.0000000000007,4289.999999999999,4289.999999999999,2.1449999999999996,0.749,2510.0
accidental_failures,18,naive_trust,1498,2000,502,0,0,0,0,0,0,0,0,7490.0,2000.0,0.0,0.0,0.0,0.0,0.0,0.0,0.0,5490.0,5490.0,2.745,0.749,2510.0
accidental_failures,18,reputation_only,891,1175,284,0,825,607,0,0,0,719,0,4455.0,1175.0,431.4000000000049,0.0,0.0,0.0,0.0,0.0,431.4000000000049,2848.599999999995,2848.599999999995,1.4242999999999975,0.4455,5545.0
accidental_failures,18,repair,1651,1740,89,0,260,189,0,342,431,452,0,8255.0,1740.0,271.19999999999885,86.9999999999972,129.2999999999992,412.0,0.0,0.0,899.4999999999952,5615.500000000005,5615.500000000005,2.807750000000002,0.8255,1745.0
accidental_failures,18,repair_no_exclusion,1888,2000,112,0,0,0,0,390,502,529,0,9440.0,2000.0,317.4000000000006,99.99999999999646,150.6,479.0,0.0,0.0,1046.999999999997,6393.000000000003,6393.000000000003,3.1965000000000012,0.944,560.0
accidental_failures,18,verify_and_retry,1888,2000,112,0,0,0,0,390,502,2000,0,9440.0,2000.0,1200.0000000000007,0.0,150.6,479.0,0.0,0.0,1829.6000000000006,5610.4,5610.4,2.8051999999999997,0.944,560.0
accidental_failures,18,scope_only,1498,2000,502,0,0,0,0,0,0,0,0,7490.0,2000.0,0.0,0.0,0.0,0.0,199.99999999999292,0.0,199.99999999999292,5290.000000000007,5290.000000000007,2.6450000000000036,0.749,2510.0
accidental_failures,18,repair_no_appeal,1651,1740,89,0,260,189,0,342,431,452,0,8255.0,1740.0,271.19999999999885,86.9999999999972,129.2999999999992,412.0,0.0,0.0,899.4999999999952,5615.500000000005,5615.500000000005,2.807750000000002,0.8255,1745.0
accidental_failures,18,repair_with_scope,1651,1740,89,0,260,189,0,342,431,452,0,8255.0,1740.0,271.19999999999885,86.9999999999972,129.2999999999992,412.0,173.9999999999944,0.0,1073.4999999999895,5441.500000000011,5441.500000000011,2.7207500000000056,0.8255,1745.0
accidental_failures,19,always_verify,1480,2000,520,0,0,0,0,0,0,2000,0,7400.0,2000.0,1200.0000000000007,0.0,0.0,0.0,0.0,0.0,1200.0000000000007,4199.999999999999,4199.999999999999,2.0999999999999996,0.74,2600.0
accidental_failures,19,naive_trust,1480,2000,520,0,0,0,0,0,0,0,0,7400.0,2000.0,0.0,0.0,0.0,0.0,0.0,0.0,0.0,5400.0,5400.0,2.7,0.74,2600.0
accidental_failures,19,reputation_only,863,1154,291,0,846,617,0,0,0,737,0,4315.0,1154.0,442.20000000000533,0.0,0.0,0.0,0.0,0.0,442.20000000000533,2718.7999999999947,2718.7999999999947,1.3593999999999973,0.4315,5685.0
accidental_failures,19,repair,1634,1728,94,0,272,196,0,350,444,478,0,8170.0,1728.0,286.79999999999944,86.39999999999723,133.19999999999933,425.0,0.0,0.0,931.399999999996,5510.600000000004,5510.600000000004,2.755300000000002,0.817,1830.0
accidental_failures,19,repair_no_exclusion,1891,2000,109,0,0,0,0,411,520,555,0,9455.0,2000.0,333.0000000000012,99.99999999999646,156.0000000000002,497.0,0.0,0.0,1085.999999999998,6369.000000000002,6369.000000000002,3.1845000000000008,0.9455,545.0
accidental_failures,19,verify_and_retry,1891,2000,109,0,0,0,0,411,520,2000,0,9455.0,2000.0,1200.0000000000007,0.0,156.0000000000002,497.0,0.0,0.0,1853.000000000001,5601.999999999999,5601.999999999999,2.8009999999999997,0.9455,545.0
accidental_failures,19,scope_only,1480,2000,520,0,0,0,0,0,0,0,0,7400.0,2000.0,0.0,0.0,0.0,0.0,199.99999999999292,0.0,199.99999999999292,5200.000000000007,5200.000000000007,2.6000000000000036,0.74,2600.0
accidental_failures,19,repair_no_appeal,1634,1728,94,0,272,196,0,350,444,478,0,8170.0,1728.0,286.79999999999944,86.39999999999723,133.19999999999933,425.0,0.0,0.0,931.399999999996,5510.600000000004,5510.600000000004,2.755300000000002,0.817,1830.0
accidental_failures,19,repair_with_scope,1634,1728,94,0,272,196,0,350,444,478,0,8170.0,1728.0,286.79999999999944,86.39999999999723,133.19999999999933,425.0,172.79999999999447,0.0,1104.1999999999905,5337.800000000009,5337.800000000009,2.6689000000000047,0.817,1830.0
accidental_failures,20,always_verify,1468,2000,532,0,0,0,0,0,0,2000,0,7340.0,2000.0,1200.0000000000007,0.0,0.0,0.0,0.0,0.0,1200.0000000000007,4139.999999999999,4139.999999999999,2.0699999999999994,0.734,2660.0
accidental_failures,20,naive_trust,1468,2000,532,0,0,0,0,0,0,0,0,7340.0,2000.0,0.0,0.0,0.0,0.0,0.0,0.0,0.0,5340.0,5340.0,2.67,0.734,2660.0
accidental_failures,20,reputation_only,823,1122,299,0,878,645,0,0,0,742,0,4115.0,1122.0,445.20000000000545,0.0,0.0,0.0,0.0,0.0,445.20000000000545,2547.7999999999947,2547.7999999999947,1.2738999999999974,0.4115,5885.0
accidental_failures,20,repair,1597,1700,103,0,300,220,0,349,452,479,0,7985.0,1700.0,287.39999999999947,84.99999999999731,135.59999999999943,436.0,0.0,0.0,943.9999999999962,5341.000000000004,5341.000000000004,2.670500000000002,0.7985,2015.0
accidental_failures,20,repair_no_exclusion,1874,2000,126,0,0,0,0,406,532,580,0,9370.0,2000.0,348.00000000000176,99.99999999999646,159.60000000000034,511.0,0.0,0.0,1118.5999999999985,6251.4000000000015,6251.4000000000015,3.1257000000000006,0.937,630.0
accidental_failures,20,verify_and_retry,1874,2000,126,0,0,0,0,406,532,2000,0,9370.0,2000.0,1200.0000000000007,0.0,159.60000000000034,511.0,0.0,0.0,1870.600000000001,5499.399999999999,5499.399999999999,2.7496999999999994,0.937,630.0
accidental_failures,20,scope_only,1468,2000,532,0,0,0,0,0,0,0,0,7340.0,2000.0,0.0,0.0,0.0,0.0,199.99999999999292,0.0,199.99999999999292,5140.000000000007,5140.000000000007,2.570000000000004,0.734,2660.0
accidental_failures,20,repair_no_appeal,1597,1700,103,0,300,220,0,349,452,479,0,7985.0,1700.0,287.39999999999947,84.99999999999731,135.59999999999943,436.0,0.0,0.0,943.9999999999962,5341.000000000004,5341.000000000004,2.670500000000002,0.7985,2015.0
accidental_failures,20,repair_with_scope,1597,1700,103,0,300,220,0,349,452,479,0,7985.0,1700.0,287.39999999999947,84.99999999999731,135.59999999999943,436.0,169.99999999999463,0.0,1113.999999999991,5171.000000000009,5171.000000000009,2.5855000000000046,0.7985,2015.0
accidental_failures,21,always_verify,1485,2000,515,0,0,0,0,0,0,2000,0,7425.0,2000.0,1200.0000000000007,0.0,0.0,0.0,0.0,0.0,1200.0000000000007,4224.999999999999,4224.999999999999,2.1124999999999994,0.7425,2575.0
accidental_failures,21,naive_trust,1485,2000,515,0,0,0,0,0,0,0,0,7425.0,2000.0,0.0,0.0,0.0,0.0,0.0,0.0,0.0,5425.0,5425.0,2.7125,0.7425,2575.0
accidental_failures,21,reputation_only,882,1169,287,0,831,603,0,0,0,726,0,4410.0,1169.0,435.6000000000051,0.0,0.0,0.0,0.0,0.0,435.6000000000051,2805.399999999995,2805.399999999995,1.4026999999999976,0.441,5590.0
accidental_failures,21,repair,1639,1730,91,0,270,197,0,351,442,464,0,8195.0,1730.0,278.3999999999991,86.49999999999723,132.5999999999993,420.0,0.0,0.0,917.4999999999957,5547.500000000005,5547.500000000005,2.7737500000000024,0.8195,1805.0
accidental_failures,21,repair_no_exclusion,1895,2000,105,0,0,0,0,410,515,530,0,9475.0,2000.0,318.0000000000006,99.99999999999646,154.50000000000014,490.0,0.0,0.0,1062.4999999999973,6412.500000000003,6412.500000000003,3.206250000000001,0.9475,525.0
accidental_failures,21,verify_and_retry,1895,2000,105,0,0,0,0,410,515,2000,0,9475.0,2000.0,1200.0000000000007,0.0,154.50000000000014,490.0,0.0,0.0,1844.500000000001,5630.499999999999,5630.499999999999,2.8152499999999994,0.9475,525.0
accidental_failures,21,scope_only,1485,2000,515,0,0,0,0,0,0,0,0,7425.0,2000.0,0.0,0.0,0.0,0.0,199.99999999999292,0.0,199.99999999999292,5225.000000000007,5225.000000000007,2.612500000000004,0.7425,2575.0
accidental_failures,21,repair_no_appeal,1639,1730,91,0,270,197,0,351,442,464,0,8195.0,1730.0,278.3999999999991,86.49999999999723,132.5999999999993,420.0,0.0,0.0,917.4999999999957,5547.500000000005,5547.500000000005,2.7737500000000024,0.8195,1805.0
accidental_failures,21,repair_with_scope,1639,1730,91,0,270,197,0,351,442,464,0,8195.0,1730.0,278.3999999999991,86.49999999999723,132.5999999999993,420.0,172.99999999999446,0.0,1090.4999999999902,5374.50000000001,5374.50000000001,2.687250000000005,0.8195,1805.0
accidental_failures,22,always_verify,1472,2000,528,0,0,0,0,0,0,2000,0,7360.0,2000.0,1200.0000000000007,0.0,0.0,0.0,0.0,0.0,1200.0000000000007,4159.999999999999,4159.999999999999,2.0799999999999996,0.736,2640.0
accidental_failures,22,naive_trust,1472,2000,528,0,0,0,0,0,0,0,0,7360.0,2000.0,0.0,0.0,0.0,0.0,0.0,0.0,0.0,5360.0,5360.0,2.68,0.736,2640.0
accidental_failures,22,reputation_only,862,1150,288,0,850,610,0,0,0,725,0,4310.0,1150.0,435.00000000000506,0.0,0.0,0.0,0.0,0.0,435.00000000000506,2724.999999999995,2724.999999999995,1.3624999999999976,0.431,5690.0
accidental_failures,22,repair,1591,1694,103,0,306,220,0,339,442,492,0,7955.0,1694.0,295.19999999999976,84.69999999999733,132.5999999999993,421.0,0.0,0.0,933.4999999999964,5327.500000000004,5327.500000000004,2.6637500000000016,0.7955,2045.0
accidental_failures,22,repair_no_exclusion,1883,2000,117,0,0,0,0,411,528,563,0,9415.0,2000.0,337.8000000000014,99.99999999999646,158.4000000000003,505.0,0.0,0.0,1101.1999999999982,6313.800000000002,6313.800000000002,3.156900000000001,0.9415,585.0
accidental_failures,22,verify_and_retry,1883,2000,117,0,0,0,0,411,528,2000,0,9415.0,2000.0,1200.0000000000007,0.0,158.4000000000003,505.0,0.0,0.0,1863.400000000001,5551.5999999999985,5551.5999999999985,2.7757999999999994,0.9415,585.0
accidental_failures,22,scope_only,1472,2000,528,0,0,0,0,0,0,0,0,7360.0,2000.0,0.0,0.0,0.0,0.0,199.99999999999292,0.0,199.99999999999292,5160.000000000007,5160.000000000007,2.5800000000000036,0.736,2640.0
accidental_failures,22,repair_no_appeal,1591,1694,103,0,306,220,0,339,442,492,0,7955.0,1694.0,295.19999999999976,84.69999999999733,132.5999999999993,421.0,0.0,0.0,933.4999999999964,5327.500000000004,5327.500000000004,2.6637500000000016,0.7955,2045.0
accidental_failures,22,repair_with_scope,1591,1694,103,0,306,220,0,339,442,492,0,7955.0,1694.0,295.19999999999976,84.69999999999733,132.5999999999993,421.0,169.39999999999466,0.0,1102.899999999991,5158.1000000000095,5158.1000000000095,2.579050000000005,0.7955,2045.0
accidental_failures,23,always_verify,1456,2000,544,0,0,0,0,0,0,2000,0,7280.0,2000.0,1200.0000000000007,0.0,0.0,0.0,0.0,0.0,1200.0000000000007,4079.999999999999,4079.999999999999,2.0399999999999996,0.728,2720.0
accidental_failures,23,naive_trust,1456,2000,544,0,0,0,0,0,0,0,0,7280.0,2000.0,0.0,0.0,0.0,0.0,0.0,0.0,0.0,5280.0,5280.0,2.64,0.728,2720.0
accidental_failures,23,reputation_only,805,1112,307,0,888,651,0,0,0,726,0,4025.0,1112.0,435.6000000000051,0.0,0.0,0.0,0.0,0.0,435.6000000000051,2477.399999999995,2477.399999999995,1.2386999999999975,0.4025,5975.0
accidental_failures,23,repair,1567,1679,112,0,321,232,0,343,455,507,0,7835.0,1679.0,304.2000000000001,83.94999999999737,136.49999999999946,432.0,0.0,0.0,956.6499999999969,5199.350000000003,5199.350000000003,2.5996750000000017,0.7835,2165.0
accidental_failures,23,repair_no_exclusion,1861,2000,139,0,0,0,0,405,544,613,0,9305.0,2000.0,367.8000000000025,99.99999999999646,163.20000000000047,516.0,0.0,0.0,1146.9999999999995,6158.0,6158.0,3.079,0.9305,695.0
accidental_failures,23,verify_and_retry,1861,2000,139,0,0,0,0,405,544,2000,0,9305.0,2000.0,1200.0000000000007,0.0,163.20000000000047,516.0,0.0,0.0,1879.2000000000012,5425.799999999999,5425.799999999999,2.7128999999999994,0.9305,695.0
accidental_failures,23,scope_only,1456,2000,544,0,0,0,0,0,0,0,0,7280.0,2000.0,0.0,0.0,0.0,0.0,199.99999999999292,0.0,199.99999999999292,5080.000000000007,5080.000000000007,2.5400000000000036,0.728,2720.0
accidental_failures,23,repair_no_appeal,1567,1679,112,0,321,232,0,343,455,507,0,7835.0,1679.0,304.2000000000001,83.94999999999737,136.49999999999946,432.0,0.0,0.0,956.6499999999969,5199.350000000003,5199.350000000003,2.5996750000000017,0.7835,2165.0
accidental_failures,23,repair_with_scope,1567,1679,112,0,321,232,0,343,455,507,0,7835.0,1679.0,304.2000000000001,83.94999999999737,136.49999999999946,432.0,167.89999999999475,0.0,1124.5499999999918,5031.450000000008,5031.450000000008,2.515725000000004,0.7835,2165.0
accidental_failures,24,always_verify,1512,2000,488,0,0,0,0,0,0,2000,0,7560.0,2000.0,1200.0000000000007,0.0,0.0,0.0,0.0,0.0,1200.0000000000007,4359.999999999999,4359.999999999999,2.1799999999999997,0.756,2440.0
accidental_failures,24,naive_trust,1512,2000,488,0,0,0,0,0,0,0,0,7560.0,2000.0,0.0,0.0,0.0,0.0,0.0,0.0,0.0,5560.0,5560.0,2.78,0.756,2440.0
accidental_failures,24,reputation_only,898,1180,282,0,820,614,0,0,0,734,0,4490.0,1180.0,440.40000000000526,0.0,0.0,0.0,0.0,0.0,440.40000000000526,2869.599999999995,2869.599999999995,1.4347999999999974,0.449,5510.0
accidental_failures,24,repair,1571,1680,109,0,320,239,0,298,407,511,0,7855.0,1680.0,306.6000000000002,83.99999999999737,122.0999999999992,391.0,0.0,0.0,903.6999999999967,5271.300000000003,5271.300000000003,2.6356500000000014,0.7855,2145.0
accidental_failures,24,repair_no_exclusion,1875,2000,125,0,0,0,0,363,488,596,0,9375.0,2000.0,357.6000000000021,99.99999999999646,146.39999999999984,465.0,0.0,0.0,1068.9999999999984,6306.000000000002,6306.000000000002,3.153000000000001,0.9375,625.0
accidental_failures,24,verify_and_retry,1875,2000,125,0,0,0,0,363,488,2000,0,9375.0,2000.0,1200.0000000000007,0.0,146.39999999999984,465.0,0.0,0.0,1811.4000000000005,5563.599999999999,5563.599999999999,2.7817999999999996,0.9375,625.0
accidental_failures,24,scope_only,1512,2000,488,0,0,0,0,0,0,0,0,7560.0,2000.0,0.0,0.0,0.0,0.0,199.99999999999292,0.0,199.99999999999292,5360.000000000007,5360.000000000007,2.6800000000000037,0.756,2440.0
accidental_failures,24,repair_no_appeal,1571,1680,109,0,320,239,0,298,407,511,0,7855.0,1680.0,306.6000000000002,83.99999999999737,122.0999999999992,391.0,0.0,0.0,903.6999999999967,5271.300000000003,5271.300000000003,2.6356500000000014,0.7855,2145.0
accidental_failures,24,repair_with_scope,1571,1680,109,0,320,239,0,298,407,511,0,7855.0,1680.0,306.6000000000002,83.99999999999737,122.0999999999992,391.0,167.99999999999474,0.0,1071.6999999999914,5103.300000000008,5103.300000000008,2.551650000000004,0.7855,2145.0
accidental_failures,25,always_verify,1514,2000,486,0,0,0,0,0,0,2000,0,7570.0,2000.0,1200.0000000000007,0.0,0.0,0.0,0.0,0.0,1200.0000000000007,4369.999999999999,4369.999999999999,2.1849999999999996,0.757,2430.0
accidental_failures,25,naive_trust,1514,2000,486,0,0,0,0,0,0,0,0,7570.0,2000.0,0.0,0.0,0.0,0.0,0.0,0.0,0.0,5570.0,5570.0,2.785,0.757,2430.0
accidental_failures,25,reputation_only,860,1149,289,0,851,654,0,0,0,747,0,4300.0,1149.0,448.20000000000556,0.0,0.0,0.0,0.0,0.0,448.20000000000556,2702.7999999999943,2702.7999999999943,1.351399999999997,0.43,5700.0
accidental_failures,25,repair,1576,1685,109,0,315,242,0,304,413,506,0,7880.0,1685.0,303.6000000000001,84.24999999999736,123.89999999999918,388.0,0.0,0.0,899.7499999999966,5295.250000000004,5295.250000000004,2.647625000000002,0.788,2120.0
accidental_failures,25,repair_no_exclusion,1873,2000,127,0,0,0,0,359,486,595,0,9365.0,2000.0,357.0000000000021,99.99999999999646,145.7999999999998,459.0,0.0,0.0,1061.7999999999984,6303.200000000002,6303.200000000002,3.1516000000000006,0.9365,635.0
accidental_failures,25,verify_and_retry,1873,2000,127,0,0,0,0,359,486,2000,0,9365.0,2000.0,1200.0000000000007,0.0,145.7999999999998,459.0,0.0,0.0,1804.8000000000004,5560.2,5560.2,2.7801,0.9365,635.0
accidental_failures,25,scope_only,1514,2000,486,0,0,0,0,0,0,0,0,7570.0,2000.0,0.0,0.0,0.0,0.0,199.99999999999292,0.0,199.99999999999292,5370.000000000007,5370.000000000007,2.6850000000000036,0.757,2430.0
accidental_failures,25,repair_no_appeal,1576,1685,109,0,315,242,0,304,413,506,0,7880.0,1685.0,303.6000000000001,84.24999999999736,123.89999999999918,388.0,0.0,0.0,899.7499999999966,5295.250000000004,5295.250000000004,2.647625000000002,0.788,2120.0
accidental_failures,25,repair_with_scope,1576,1685,109,0,315,242,0,304,413,506,0,7880.0,1685.0,303.6000000000001,84.24999999999736,123.89999999999918,388.0,168.4999999999947,0.0,1068.2499999999914,5126.750000000009,5126.750000000009,2.5633750000000046,0.788,2120.0
accidental_failures,26,always_verify,1516,2000,484,0,0,0,0,0,0,2000,0,7580.0,2000.0,1200.0000000000007,0.0,0.0,0.0,0.0,0.0,1200.0000000000007,4379.999999999999,4379.999999999999,2.1899999999999995,0.758,2420.0
accidental_failures,26,naive_trust,1516,2000,484,0,0,0,0,0,0,0,0,7580.0,2000.0,0.0,0.0,0.0,0.0,0.0,0.0,0.0,5580.0,5580.0,2.79,0.758,2420.0
accidental_failures,26,reputation_only,896,1179,283,0,821,620,0,0,0,736,0,4480.0,1179.0,441.6000000000053,0.0,0.0,0.0,0.0,0.0,441.6000000000053,2859.3999999999946,2859.3999999999946,1.4296999999999973,0.448,5520.0
accidental_failures,26,repair,1613,1712,99,0,288,220,0,317,416,506,0,8065.0,1712.0,303.6000000000001,85.59999999999728,124.79999999999917,392.0,0.0,0.0,905.9999999999966,5447.000000000004,5447.000000000004,2.723500000000002,0.8065,1935.0
accidental_failures,26,repair_no_exclusion,1883,2000,117,0,0,0,0,367,484,597,0,9415.0,2000.0,358.20000000000215,99.99999999999646,145.1999999999998,458.0,0.0,0.0,1061.3999999999985,6353.600000000001,6353.600000000001,3.1768000000000005,0.9415,585.0
accidental_failures,26,verify_and_retry,1883,2000,117,0,0,0,0,367,484,2000,0,9415.0,2000.0,1200.0000000000007,0.0,145.1999999999998,458.0,0.0,0.0,1803.2000000000005,5611.799999999999,5611.799999999999,2.8059,0.9415,585.0
accidental_failures,26,scope_only,1516,2000,484,0,0,0,0,0,0,0,0,7580.0,2000.0,0.0,0.0,0.0,0.0,199.99999999999292,0.0,199.99999999999292,5380.000000000007,5380.000000000007,2.6900000000000035,0.758,2420.0
accidental_failures,26,repair_no_appeal,1613,1712,99,0,288,220,0,317,416,506,0,8065.0,1712.0,303.6000000000001,85.59999999999728,124.79999999999917,392.0,0.0,0.0,905.9999999999966,5447.000000000004,5447.000000000004,2.723500000000002,0.8065,1935.0
accidental_failures,26,repair_with_scope,1613,1712,99,0,288,220,0,317,416,506,0,8065.0,1712.0,303.6000000000001,85.59999999999728,124.79999999999917,392.0,171.19999999999456,0.0,1077.1999999999912,5275.800000000008,5275.800000000008,2.637900000000004,0.8065,1935.0
accidental_failures,27,always_verify,1517,2000,483,0,0,0,0,0,0,2000,0,7585.0,2000.0,1200.0000000000007,0.0,0.0,0.0,0.0,0.0,1200.0000000000007,4384.999999999999,4384.999999999999,2.1924999999999994,0.7585,2415.0
accidental_failures,27,naive_trust,1517,2000,483,0,0,0,0,0,0,0,0,7585.0,2000.0,0.0,0.0,0.0,0.0,0.0,0.0,0.0,5585.0,5585.0,2.7925,0.7585,2415.0
accidental_failures,27,reputation_only,870,1159,289,0,841,647,0,0,0,756,0,4350.0,1159.0,453.60000000000576,0.0,0.0,0.0,0.0,0.0,453.60000000000576,2737.399999999994,2737.399999999994,1.3686999999999971,0.435,5650.0
accidental_failures,27,repair,1637,1729,92,0,271,191,0,311,403,476,0,8185.0,1729.0,285.5999999999994,86.44999999999723,120.89999999999921,378.0,0.0,0.0,870.9499999999958,5585.050000000004,5585.050000000004,2.7925250000000017,0.8185,1815.0
accidental_failures,27,repair_no_exclusion,1884,2000,116,0,0,0,0,367,483,557,0,9420.0,2000.0,334.20000000000124,99.99999999999646,144.89999999999978,455.0,0.0,0.0,1034.0999999999974,6385.900000000002,6385.900000000002,3.192950000000001,0.942,580.0
accidental_failures,27,verify_and_retry,1884,2000,116,0,0,0,0,367,483,2000,0,9420.0,2000.0,1200.0000000000007,0.0,144.89999999999978,455.0,0.0,0.0,1799.9000000000005,5620.099999999999,5620.099999999999,2.81005,0.942,580.0
accidental_failures,27,scope_only,1517,2000,483,0,0,0,0,0,0,0,0,7585.0,2000.0,0.0,0.0,0.0,0.0,199.99999999999292,0.0,199.99999999999292,5385.000000000007,5385.000000000007,2.6925000000000034,0.7585,2415.0
accidental_failures,27,repair_no_appeal,1637,1729,92,0,271,191,0,311,403,476,0,8185.0,1729.0,285.5999999999994,86.44999999999723,120.89999999999921,378.0,0.0,0.0,870.9499999999958,5585.050000000004,5585.050000000004,2.7925250000000017,0.8185,1815.0
accidental_failures,27,repair_with_scope,1637,1729,92,0,271,191,0,311,403,476,0,8185.0,1729.0,285.5999999999994,86.44999999999723,120.89999999999921,378.0,172.89999999999446,0.0,1043.8499999999904,5412.15000000001,5412.15000000001,2.7060750000000047,0.8185,1815.0
accidental_failures,28,always_verify,1466,2000,534,0,0,0,0,0,0,2000,0,7330.0,2000.0,1200.0000000000007,0.0,0.0,0.0,0.0,0.0,1200.0000000000007,4129.999999999999,4129.999999999999,2.0649999999999995,0.733,2670.0
accidental_failures,28,naive_trust,1466,2000,534,0,0,0,0,0,0,0,0,7330.0,2000.0,0.0,0.0,0.0,0.0,0.0,0.0,0.0,5330.0,5330.0,2.665,0.733,2670.0
accidental_failures,28,reputation_only,779,1090,311,0,910,687,0,0,0,746,0,3895.0,1090.0,447.60000000000554,0.0,0.0,0.0,0.0,0.0,447.60000000000554,2357.3999999999946,2357.3999999999946,1.1786999999999974,0.3895,6105.0
accidental_failures,28,repair,1566,1677,111,0,323,232,0,332,443,525,0,7830.0,1677.0,315.0000000000005,83.84999999999738,132.89999999999932,423.0,0.0,0.0,954.7499999999973,5198.250000000003,5198.250000000003,2.5991250000000012,0.783,2170.0
accidental_failures,28,repair_no_exclusion,1859,2000,141,0,0,0,0,393,534,634,0,9295.0,2000.0,380.400000000003,99.99999999999646,160.20000000000036,508.0,0.0,0.0,1148.6,6146.4,6146.4,3.0732,0.9295,705.0
accidental_failures,28,verify_and_retry,1859,2000,141,0,0,0,0,393,534,2000,0,9295.0,2000.0,1200.0000000000007,0.0,160.20000000000036,508.0,0.0,0.0,1868.200000000001,5426.799999999999,5426.799999999999,2.7133999999999996,0.9295,705.0
accidental_failures,28,scope_only,1466,2000,534,0,0,0,0,0,0,0,0,7330.0,2000.0,0.0,0.0,0.0,0.0,199.99999999999292,0.0,199.99999999999292,5130.000000000007,5130.000000000007,2.5650000000000035,0.733,2670.0
accidental_failures,28,repair_no_appeal,1566,1677,111,0,323,232,0,332,443,525,0,7830.0,1677.0,315.0000000000005,83.84999999999738,132.89999999999932,423.0,0.0,0.0,954.7499999999973,5198.250000000003,5198.250000000003,2.5991250000000012,0.783,2170.0
accidental_failures,28,repair_with_scope,1566,1677,111,0,323,232,0,332,443,525,0,7830.0,1677.0,315.0000000000005,83.84999999999738,132.89999999999932,423.0,167.69999999999476,0.0,1122.449999999992,5030.550000000008,5030.550000000008,2.5152750000000044,0.783,2170.0
accidental_failures,29,always_verify,1485,2000,515,0,0,0,0,0,0,2000,0,7425.0,2000.0,1200.0000000000007,0.0,0.0,0.0,0.0,0.0,1200.0000000000007,4224.999999999999,4224.999999999999,2.1124999999999994,0.7425,2575.0
accidental_failures,29,naive_trust,1485,2000,515,0,0,0,0,0,0,0,0,7425.0,2000.0,0.0,0.0,0.0,0.0,0.0,0.0,0.0,5425.0,5425.0,2.7125,0.7425,2575.0
accidental_failures,29,reputation_only,848,1141,293,0,859,637,0,0,0,762,0,4240.0,1141.0,457.2000000000059,0.0,0.0,0.0,0.0,0.0,457.2000000000059,2641.7999999999943,2641.7999999999943,1.320899999999997,0.424,5760.0
accidental_failures,29,repair,1606,1708,102,0,292,224,0,345,447,482,0,8030.0,1708.0,289.19999999999953,85.39999999999729,134.09999999999937,420.0,0.0,0.0,928.6999999999962,5393.300000000004,5393.300000000004,2.6966500000000018,0.803,1970.0
accidental_failures,29,repair_no_exclusion,1882,2000,118,0,0,0,0,397,515,576,0,9410.0,2000.0,345.60000000000167,99.99999999999646,154.50000000000014,483.0,0.0,0.0,1083.0999999999983,6326.9000000000015,6326.9000000000015,3.1634500000000005,0.941,590.0
accidental_failures,29,verify_and_retry,1882,2000,118,0,0,0,0,397,515,2000,0,9410.0,2000.0,1200.0000000000007,0.0,154.50000000000014,483.0,0.0,0.0,1837.500000000001,5572.499999999999,5572.499999999999,2.7862499999999994,0.941,590.0
accidental_failures,29,scope_only,1485,2000,515,0,0,0,0,0,0,0,0,7425.0,2000.0,0.0,0.0,0.0,0.0,199.99999999999292,0.0,199.99999999999292,5225.000000000007,5225.000000000007,2.612500000000004,0.7425,2575.0
accidental_failures,29,repair_no_appeal,1606,1708,102,0,292,224,0,345,447,482,0,8030.0,1708.0,289.19999999999953,85.39999999999729,134.09999999999937,420.0,0.0,0.0,928.6999999999962,5393.300000000004,5393.300000000004,2.6966500000000018,0.803,1970.0
accidental_failures,29,repair_with_scope,1606,1708,102,0,292,224,0,345,447,482,0,8030.0,1708.0,289.19999999999953,85.39999999999729,134.09999999999937,420.0,170.79999999999458,0.0,1099.4999999999907,5222.500000000009,5222.500000000009,2.6112500000000045,0.803,1970.0
accidental_failures,30,always_verify,1498,2000,502,0,0,0,0,0,0,2000,0,7490.0,2000.0,1200.0000000000007,0.0,0.0,0.0,0.0,0.0,1200.0000000000007,4289.999999999999,4289.999999999999,2.1449999999999996,0.749,2510.0
accidental_failures,30,naive_trust,1498,2000,502,0,0,0,0,0,0,0,0,7490.0,2000.0,0.0,0.0,0.0,0.0,0.0,0.0,0.0,5490.0,5490.0,2.745,0.749,2510.0
accidental_failures,30,reputation_only,891,1176,285,0,824,607,0,0,0,719,0,4455.0,1176.0,431.4000000000049,0.0,0.0,0.0,0.0,0.0,431.4000000000049,2847.599999999995,2847.599999999995,1.4237999999999975,0.4455,5545.0
accidental_failures,30,repair,1616,1713,97,0,287,216,0,334,431,491,0,8080.0,1713.0,294.59999999999974,85.64999999999728,129.2999999999992,405.0,0.0,0.0,914.5499999999962,5452.4500000000035,5452.4500000000035,2.7262250000000017,0.808,1920.0
accidental_failures,30,repair_no_exclusion,1885,2000,115,0,0,0,0,387,502,566,0,9425.0,2000.0,339.60000000000144,99.99999999999646,150.6,472.0,0.0,0.0,1062.199999999998,6362.800000000002,6362.800000000002,3.181400000000001,0.9425,575.0
accidental_failures,30,verify_and_retry,1885,2000,115,0,0,0,0,387,502,2000,0,9425.0,2000.0,1200.0000000000007,0.0,150.6,472.0,0.0,0.0,1822.6000000000006,5602.4,5602.4,2.8011999999999997,0.9425,575.0
accidental_failures,30,scope_only,1498,2000,502,0,0,0,0,0,0,0,0,7490.0,2000.0,0.0,0.0,0.0,0.0,199.99999999999292,0.0,199.99999999999292,5290.000000000007,5290.000000000007,2.6450000000000036,0.749,2510.0
accidental_failures,30,repair_no_appeal,1616,1713,97,0,287,216,0,334,431,491,0,8080.0,1713.0,294.59999999999974,85.64999999999728,129.2999999999992,405.0,0.0,0.0,914.5499999999962,5452.4500000000035,5452.4500000000035,2.7262250000000017,0.808,1920.0
accidental_failures,30,repair_with_scope,1616,1713,97,0,287,216,0,334,431,491,0,8080.0,1713.0,294.59999999999974,85.64999999999728,129.2999999999992,405.0,171.29999999999455,0.0,1085.8499999999908,5281.150000000009,5281.150000000009,2.6405750000000046,0.808,1920.0
accidental_failures,31,always_verify,1508,2000,492,0,0,0,0,0,0,2000,0,7540.0,2000.0,1200.0000000000007,0.0,0.0,0.0,0.0,0.0,1200.0000000000007,4339.999999999999,4339.999999999999,2.1699999999999995,0.754,2460.0
accidental_failures,31,naive_trust,1508,2000,492,0,0,0,0,0,0,0,0,7540.0,2000.0,0.0,0.0,0.0,0.0,0.0,0.0,0.0,5540.0,5540.0,2.77,0.754,2460.0
accidental_failures,31,reputation_only,861,1153,292,0,847,647,0,0,0,740,0,4305.0,1153.0,444.0000000000054,0.0,0.0,0.0,0.0,0.0,444.0000000000054,2707.9999999999945,2707.9999999999945,1.3539999999999972,0.4305,5695.0
accidental_failures,31,repair,1640,1732,92,0,268,202,0,334,426,451,0,8200.0,1732.0,270.59999999999883,86.59999999999722,127.79999999999914,406.0,0.0,0.0,890.9999999999952,5577.000000000005,5577.000000000005,2.788500000000002,0.82,1800.0
accidental_failures,31,repair_no_exclusion,1892,2000,108,0,0,0,0,384,492,532,0,9460.0,2000.0,319.20000000000067,99.99999999999646,147.59999999999988,469.0,0.0,0.0,1035.799999999997,6424.200000000003,6424.200000000003,3.2121000000000013,0.946,540.0
accidental_failures,31,verify_and_retry,1892,2000,108,0,0,0,0,384,492,2000,0,9460.0,2000.0,1200.0000000000007,0.0,147.59999999999988,469.0,0.0,0.0,1816.6000000000006,5643.4,5643.4,2.8217,0.946,540.0
accidental_failures,31,scope_only,1508,2000,492,0,0,0,0,0,0,0,0,7540.0,2000.0,0.0,0.0,0.0,0.0,199.99999999999292,0.0,199.99999999999292,5340.000000000007,5340.000000000007,2.6700000000000035,0.754,2460.0
accidental_failures,31,repair_no_appeal,1640,1732,92,0,268,202,0,334,426,451,0,8200.0,1732.0,270.59999999999883,86.59999999999722,127.79999999999914,406.0,0.0,0.0,890.9999999999952,5577.000000000005,5577.000000000005,2.788500000000002,0.82,1800.0
accidental_failures,31,repair_with_scope,1640,1732,92,0,268,202,0,334,426,451,0,8200.0,1732.0,270.59999999999883,86.59999999999722,127.79999999999914,406.0,173.19999999999445,0.0,1064.1999999999896,5403.80000000001,5403.80000000001,2.701900000000005,0.82,1800.0
accidental_failures,32,always_verify,1498,2000,502,0,0,0,0,0,0,2000,0,7490.0,2000.0,1200.0000000000007,0.0,0.0,0.0,0.0,0.0,1200.0000000000007,4289.999999999999,4289.999999999999,2.1449999999999996,0.749,2510.0
accidental_failures,32,naive_trust,1498,2000,502,0,0,0,0,0,0,0,0,7490.0,2000.0,0.0,0.0,0.0,0.0,0.0,0.0,0.0,5490.0,5490.0,2.745,0.749,2510.0
accidental_failures,32,reputation_only,877,1165,288,0,835,621,0,0,0,730,0,4385.0,1165.0,438.0000000000052,0.0,0.0,0.0,0.0,0.0,438.0000000000052,2781.999999999995,2781.999999999995,1.3909999999999976,0.4385,5615.0
accidental_failures,32,repair,1645,1735,90,0,265,193,0,340,430,473,0,8225.0,1735.0,283.79999999999933,86.74999999999721,128.99999999999918,416.0,0.0,0.0,915.5499999999957,5574.450000000004,5574.450000000004,2.787225000000002,0.8225,1775.0
accidental_failures,32,repair_no_exclusion,1894,2000,106,0,0,0,0,396,502,545,0,9470.0,2000.0,327.00000000000097,99.99999999999646,150.6,485.0,0.0,0.0,1062.5999999999974,6407.400000000002,6407.400000000002,3.2037000000000013,0.947,530.0
accidental_failures,32,verify_and_retry,1894,2000,106,0,0,0,0,396,502,2000,0,9470.0,2000.0,1200.0000000000007,0.0,150.6,485.0,0.0,0.0,1835.6000000000006,5634.4,5634.4,2.8171999999999997,0.947,530.0
accidental_failures,32,scope_only,1498,2000,502,0,0,0,0,0,0,0,0,7490.0,2000.0,0.0,0.0,0.0,0.0,199.99999999999292,0.0,199.99999999999292,5290.000000000007,5290.000000000007,2.6450000000000036,0.749,2510.0
accidental_failures,32,repair_no_appeal,1645,1735,90,0,265,193,0,340,430,473,0,8225.0,1735.0,283.79999999999933,86.74999999999721,128.99999999999918,416.0,0.0,0.0,915.5499999999957,5574.450000000004,5574.450000000004,2.787225000000002,0.8225,1775.0
accidental_failures,32,repair_with_scope,1645,1735,90,0,265,193,0,340,430,473,0,8225.0,1735.0,283.79999999999933,86.74999999999721,128.99999999999918,416.0,173.49999999999443,0.0,1089.0499999999902,5400.95000000001,5400.95000000001,2.700475000000005,0.8225,1775.0
accidental_failures,33,always_verify,1520,2000,480,0,0,0,0,0,0,2000,0,7600.0,2000.0,1200.0000000000007,0.0,0.0,0.0,0.0,0.0,1200.0000000000007,4399.999999999999,4399.999999999999,2.1999999999999997,0.76,2400.0
accidental_failures,33,naive_trust,1520,2000,480,0,0,0,0,0,0,0,0,7600.0,2000.0,0.0,0.0,0.0,0.0,0.0,0.0,0.0,5600.0,5600.0,2.8,0.76,2400.0
accidental_failures,33,reputation_only,891,1176,285,0,824,629,0,0,0,746,0,4455.0,1176.0,447.60000000000554,0.0,0.0,0.0,0.0,0.0,447.60000000000554,2831.3999999999946,2831.3999999999946,1.4156999999999973,0.4455,5545.0
accidental_failures,33,repair,1633,1726,93,0,274,211,0,324,417,485,0,8165.0,1726.0,290.9999999999996,86.29999999999724,125.09999999999917,394.0,0.0,0.0,896.399999999996,5542.600000000004,5542.600000000004,2.771300000000002,0.8165,1835.0
accidental_failures,33,repair_no_exclusion,1885,2000,115,0,0,0,0,365,480,565,0,9425.0,2000.0,339.0000000000014,99.99999999999646,143.99999999999974,451.0,0.0,0.0,1033.9999999999977,6391.000000000002,6391.000000000002,3.195500000000001,0.9425,575.0
accidental_failures,33,verify_and_retry,1885,2000,115,0,0,0,0,365,480,2000,0,9425.0,2000.0,1200.0000000000007,0.0,143.99999999999974,451.0,0.0,0.0,1795.0000000000005,5630.0,5630.0,2.815,0.9425,575.0
accidental_failures,33,scope_only,1520,2000,480,0,0,0,0,0,0,0,0,7600.0,2000.0,0.0,0.0,0.0,0.0,199.99999999999292,0.0,199.99999999999292,5400.000000000007,5400.000000000007,2.7000000000000037,0.76,2400.0
accidental_failures,33,repair_no_appeal,1633,1726,93,0,274,211,0,324,417,485,0,8165.0,1726.0,290.9999999999996,86.29999999999724,125.09999999999917,394.0,0.0,0.0,896.399999999996,5542.600000000004,5542.600000000004,2.771300000000002,0.8165,1835.0
accidental_failures,33,repair_with_scope,1633,1726,93,0,274,211,0,324,417,485,0,8165.0,1726.0,290.9999999999996,86.29999999999724,125.09999999999917,394.0,172.59999999999448,0.0,1068.9999999999905,5370.000000000009,5370.000000000009,2.6850000000000045,0.8165,1835.0
accidental_failures,34,always_verify,1543,2000,457,0,0,0,0,0,0,2000,0,7715.0,2000.0,1200.0000000000007,0.0,0.0,0.0,0.0,0.0,1200.0000000000007,4514.999999999999,4514.999999999999,2.2574999999999994,0.7715,2285.0
accidental_failures,34,naive_trust,1543,2000,457,0,0,0,0,0,0,0,0,7715.0,2000.0,0.0,0.0,0.0,0.0,0.0,0.0,0.0,5715.0,5715.0,2.8575,0.7715,2285.0
accidental_failures,34,reputation_only,916,1193,277,0,807,627,0,0,0,720,0,4580.0,1193.0,432.00000000000495,0.0,0.0,0.0,0.0,0.0,432.00000000000495,2954.999999999995,2954.999999999995,1.4774999999999976,0.458,5420.0
accidental_failures,34,repair,1613,1713,100,0,287,223,0,293,393,475,0,8065.0,1713.0,284.9999999999994,85.64999999999728,117.89999999999924,375.0,0.0,0.0,863.5499999999959,5488.450000000004,5488.450000000004,2.7442250000000024,0.8065,1935.0
accidental_failures,34,repair_no_exclusion,1884,2000,116,0,0,0,0,341,457,556,0,9420.0,2000.0,333.6000000000012,99.99999999999646,137.09999999999948,437.0,0.0,0.0,1007.6999999999972,6412.300000000003,6412.300000000003,3.2061500000000014,0.942,580.0
accidental_failures,34,verify_and_retry,1884,2000,116,0,0,0,0,341,457,2000,0,9420.0,2000.0,1200.0000000000007,0.0,137.09999999999948,437.0,0.0,0.0,1774.1000000000001,5645.9,5645.9,2.8229499999999996,0.942,580.0
accidental_failures,34,scope_only,1543,2000,457,0,0,0,0,0,0,0,0,7715.0,2000.0,0.0,0.0,0.0,0.0,199.99999999999292,0.0,199.99999999999292,5515.000000000007,5515.000000000007,2.757500000000004,0.7715,2285.0
accidental_failures,34,repair_no_appeal,1613,1713,100,0,287,223,0,293,393,475,0,8065.0,1713.0,284.9999999999994,85.64999999999728,117.89999999999924,375.0,0.0,0.0,863.5499999999959,5488.450000000004,5488.450000000004,2.7442250000000024,0.8065,1935.0
accidental_failures,34,repair_with_scope,1613,1713,100,0,287,223,0,293,393,475,0,8065.0,1713.0,284.9999999999994,85.64999999999728,117.89999999999924,375.0,171.29999999999455,0.0,1034.8499999999904,5317.15000000001,5317.15000000001,2.658575000000005,0.8065,1935.0
accidental_failures,35,always_verify,1508,2000,492,0,0,0,0,0,0,2000,0,7540.0,2000.0,1200.0000000000007,0.0,0.0,0.0,0.0,0.0,1200.0000000000007,4339.999999999999,4339.999999999999,2.1699999999999995,0.754,2460.0
accidental_failures,35,naive_trust,1508,2000,492,0,0,0,0,0,0,0,0,7540.0,2000.0,0.0,0.0,0.0,0.0,0.0,0.0,0.0,5540.0,5540.0,2.77,0.754,2460.0
accidental_failures,35,reputation_only,845,1141,296,0,859,663,0,0,0,747,0,4225.0,1141.0,448.20000000000556,0.0,0.0,0.0,0.0,0.0,448.20000000000556,2635.7999999999943,2635.7999999999943,1.3178999999999972,0.4225,5775.0
accidental_failures,35,repair,1626,1721,95,0,279,213,0,331,426,460,0,8130.0,1721.0,275.99999999999903,86.04999999999725,127.79999999999914,406.0,0.0,0.0,895.8499999999955,5513.150000000004,5513.150000000004,2.756575000000002,0.813,1870.0
accidental_failures,35,repair_no_exclusion,1885,2000,115,0,0,0,0,377,492,543,0,9425.0,2000.0,325.8000000000009,99.99999999999646,147.59999999999988,466.0,0.0,0.0,1039.3999999999974,6385.600000000002,6385.600000000002,3.192800000000001,0.9425,575.0
accidental_failures,35,verify_and_retry,1885,2000,115,0,0,0,0,377,492,2000,0,9425.0,2000.0,1200.0000000000007,0.0,147.59999999999988,466.0,0.0,0.0,1813.6000000000006,5611.4,5611.4,2.8057,0.9425,575.0
accidental_failures,35,scope_only,1508,2000,492,0,0,0,0,0,0,0,0,7540.0,2000.0,0.0,0.0,0.0,0.0,199.99999999999292,0.0,199.99999999999292,5340.000000000007,5340.000000000007,2.6700000000000035,0.754,2460.0
accidental_failures,35,repair_no_appeal,1626,1721,95,0,279,213,0,331,426,460,0,8130.0,1721.0,275.99999999999903,86.04999999999725,127.79999999999914,406.0,0.0,0.0,895.8499999999955,5513.150000000004,5513.150000000004,2.756575000000002,0.813,1870.0
accidental_failures,35,repair_with_scope,1626,1721,95,0,279,213,0,331,426,460,0,8130.0,1721.0,275.99999999999903,86.04999999999725,127.79999999999914,406.0,172.0999999999945,0.0,1067.94999999999,5341.05000000001,5341.05000000001,2.670525000000005,0.813,1870.0
accidental_failures,36,always_verify,1465,2000,535,0,0,0,0,0,0,2000,0,7325.0,2000.0,1200.0000000000007,0.0,0.0,0.0,0.0,0.0,1200.0000000000007,4124.999999999999,4124.999999999999,2.0624999999999996,0.7325,2675.0
accidental_failures,36,naive_trust,1465,2000,535,0,0,0,0,0,0,0,0,7325.0,2000.0,0.0,0.0,0.0,0.0,0.0,0.0,0.0,5325.0,5325.0,2.6625,0.7325,2675.0
accidental_failures,36,reputation_only,831,1129,298,0,871,634,0,0,0,732,0,4155.0,1129.0,439.2000000000052,0.0,0.0,0.0,0.0,0.0,439.2000000000052,2586.7999999999947,2586.7999999999947,1.2933999999999974,0.4155,5845.0
accidental_failures,36,repair,1561,1673,112,0,327,242,0,338,450,495,0,7805.0,1673.0,296.99999999999983,83.64999999999739,134.9999999999994,437.0,0.0,0.0,952.6499999999967,5179.350000000003,5179.350000000003,2.5896750000000015,0.7805,2195.0
accidental_failures,36,repair_no_exclusion,1870,2000,130,0,0,0,0,405,535,587,0,9350.0,2000.0,352.2000000000019,99.99999999999646,160.50000000000037,521.0,0.0,0.0,1133.6999999999987,6216.300000000001,6216.300000000001,3.1081500000000006,0.935,650.0
accidental_failures,36,verify_and_retry,1870,2000,130,0,0,0,0,405,535,2000,0,9350.0,2000.0,1200.0000000000007,0.0,160.50000000000037,521.0,0.0,0.0,1881.5000000000011,5468.499999999999,5468.499999999999,2.7342499999999994,0.935,650.0
accidental_failures,36,scope_only,1465,2000,535,0,0,0,0,0,0,0,0,7325.0,2000.0,0.0,0.0,0.0,0.0,199.99999999999292,0.0,199.99999999999292,5125.000000000007,5125.000000000007,2.5625000000000036,0.7325,2675.0
accidental_failures,36,repair_no_appeal,1561,1673,112,0,327,242,0,338,450,495,0,7805.0,1673.0,296.99999999999983,83.64999999999739,134.9999999999994,437.0,0.0,0.0,952.6499999999967,5179.350000000003,5179.350000000003,2.5896750000000015,0.7805,2195.0
accidental_failures,36,repair_with_scope,1561,1673,112,0,327,242,0,338,450,495,0,7805.0,1673.0,296.99999999999983,83.64999999999739,134.9999999999994,437.0,167.29999999999478,0.0,1119.9499999999914,5012.050000000008,5012.050000000008,2.506025000000004,0.7805,2195.0
accidental_failures,37,always_verify,1517,2000,483,0,0,0,0,0,0,2000,0,7585.0,2000.0,1200.0000000000007,0.0,0.0,0.0,0.0,0.0,1200.0000000000007,4384.999999999999,4384.999999999999,2.1924999999999994,0.7585,2415.0
accidental_failures,37,naive_trust,1517,2000,483,0,0,0,0,0,0,0,0,7585.0,2000.0,0.0,0.0,0.0,0.0,0.0,0.0,0.0,5585.0,5585.0,2.7925,0.7585,2415.0
accidental_failures,37,reputation_only,906,1185,279,0,815,611,0,0,0,735,0,4530.0,1185.0,441.0000000000053,0.0,0.0,0.0,0.0,0.0,441.0000000000053,2903.9999999999945,2903.9999999999945,1.4519999999999973,0.453,5470.0
accidental_failures,37,repair,1597,1698,101,0,302,226,0,306,407,508,0,7985.0,1698.0,304.8000000000001,84.89999999999732,122.0999999999992,387.0,0.0,0.0,898.7999999999967,5388.2000000000035,5388.2000000000035,2.694100000000002,0.7985,2015.0
accidental_failures,37,repair_no_exclusion,1880,2000,120,0,0,0,0,363,483,580,0,9400.0,2000.0,348.00000000000176,99.99999999999646,144.89999999999978,454.0,0.0,0.0,1046.899999999998,6353.100000000002,6353.100000000002,3.176550000000001,0.94,600.0
accidental_failures,37,verify_and_retry,1880,2000,120,0,0,0,0,363,483,2000,0,9400.0,2000.0,1200.0000000000007,0.0,144.89999999999978,454.0,0.0,0.0,1798.9000000000005,5601.099999999999,5601.099999999999,2.80055,0.94,600.0
accidental_failures,37,scope_only,1517,2000,483,0,0,0,0,0,0,0,0,7585.0,2000.0,0.0,0.0,0.0,0.0,199.99999999999292,0.0,199.99999999999292,5385.000000000007,5385.000000000007,2.6925000000000034,0.7585,2415.0
accidental_failures,37,repair_no_appeal,1597,1698,101,0,302,226,0,306,407,508,0,7985.0,1698.0,304.8000000000001,84.89999999999732,122.0999999999992,387.0,0.0,0.0,898.7999999999967,5388.2000000000035,5388.2000000000035,2.694100000000002,0.7985,2015.0
accidental_failures,37,repair_with_scope,1597,1698,101,0,302,226,0,306,407,508,0,7985.0,1698.0,304.8000000000001,84.89999999999732,122.0999999999992,387.0,169.79999999999464,0.0,1068.5999999999913,5218.400000000009,5218.400000000009,2.6092000000000044,0.7985,2015.0
accidental_failures,38,always_verify,1462,2000,538,0,0,0,0,0,0,2000,0,7310.0,2000.0,1200.0000000000007,0.0,0.0,0.0,0.0,0.0,1200.0000000000007,4109.999999999999,4109.999999999999,2.0549999999999997,0.731,2690.0
accidental_failures,38,naive_trust,1462,2000,538,0,0,0,0,0,0,0,0,7310.0,2000.0,0.0,0.0,0.0,0.0,0.0,0.0,0.0,5310.0,5310.0,2.655,0.731,2690.0
accidental_failures,38,reputation_only,788,1096,308,0,904,674,0,0,0,749,0,3940.0,1096.0,449.4000000000056,0.0,0.0,0.0,0.0,0.0,449.4000000000056,2394.5999999999945,2394.5999999999945,1.1972999999999971,0.394,6060.0
accidental_failures,38,repair,1552,1665,113,0,335,255,0,345,458,510,0,7760.0,1665.0,306.00000000000017,83.24999999999741,137.3999999999995,436.0,0.0,0.0,962.6499999999971,5132.350000000003,5132.350000000003,2.5661750000000016,0.776,2240.0
accidental_failures,38,repair_no_exclusion,1877,2000,123,0,0,0,0,415,538,611,0,9385.0,2000.0,366.60000000000247,99.99999999999646,161.4000000000004,512.0,0.0,0.0,1139.9999999999993,6245.000000000001,6245.000000000001,3.1225000000000005,0.9385,615.0
accidental_failures,38,verify_and_retry,1877,2000,123,0,0,0,0,415,538,2000,0,9385.0,2000.0,1200.0000000000007,0.0,161.4000000000004,512.0,0.0,0.0,1873.400000000001,5511.5999999999985,5511.5999999999985,2.7557999999999994,0.9385,615.0
accidental_failures,38,scope_only,1462,2000,538,0,0,0,0,0,0,0,0,7310.0,2000.0,0.0,0.0,0.0,0.0,199.99999999999292,0.0,199.99999999999292,5110.000000000007,5110.000000000007,2.5550000000000037,0.731,2690.0
accidental_failures,38,repair_no_appeal,1552,1665,113,0,335,255,0,345,458,510,0,7760.0,1665.0,306.00000000000017,83.24999999999741,137.3999999999995,436.0,0.0,0.0,962.6499999999971,5132.350000000003,5132.350000000003,2.5661750000000016,0.776,2240.0
accidental_failures,38,repair_with_scope,1552,1665,113,0,335,255,0,345,458,510,0,7760.0,1665.0,306.00000000000017,83.24999999999741,137.3999999999995,436.0,166.49999999999483,0.0,1129.149999999992,4965.850000000008,4965.850000000008,2.482925000000004,0.776,2240.0
accidental_failures,39,always_verify,1512,2000,488,0,0,0,0,0,0,2000,0,7560.0,2000.0,1200.0000000000007,0.0,0.0,0.0,0.0,0.0,1200.0000000000007,4359.999999999999,4359.999999999999,2.1799999999999997,0.756,2440.0
accidental_failures,39,naive_trust,1512,2000,488,0,0,0,0,0,0,0,0,7560.0,2000.0,0.0,0.0,0.0,0.0,0.0,0.0,0.0,5560.0,5560.0,2.78,0.756,2440.0
accidental_failures,39,reputation_only,866,1154,288,0,846,646,0,0,0,733,0,4330.0,1154.0,439.80000000000524,0.0,0.0,0.0,0.0,0.0,439.80000000000524,2736.199999999995,2736.199999999995,1.3680999999999974,0.433,5670.0
accidental_failures,39,repair,1639,1731,92,0,269,208,0,335,427,462,0,8195.0,1731.0,277.1999999999991,86.54999999999723,128.09999999999914,404.0,0.0,0.0,895.8499999999955,5568.150000000004,5568.150000000004,2.7840750000000023,0.8195,1805.0
accidental_failures,39,repair_no_exclusion,1894,2000,106,0,0,0,0,382,488,534,0,9470.0,2000.0,320.4000000000007,99.99999999999646,146.39999999999984,465.0,0.0,0.0,1031.799999999997,6438.200000000003,6438.200000000003,3.2191000000000014,0.947,530.0
accidental_failures,39,verify_and_retry,1894,2000,106,0,0,0,0,382,488,2000,0,9470.0,2000.0,1200.0000000000007,0.0,146.39999999999984,465.0,0.0,0.0,1811.4000000000005,5658.599999999999,5658.599999999999,2.8293,0.947,530.0
accidental_failures,39,scope_only,1512,2000,488,0,0,0,0,0,0,0,0,7560.0,2000.0,0.0,0.0,0.0,0.0,199.99999999999292,0.0,199.99999999999292,5360.000000000007,5360.000000000007,2.6800000000000037,0.756,2440.0
accidental_failures,39,repair_no_appeal,1639,1731,92,0,269,208,0,335,427,462,0,8195.0,1731.0,277.1999999999991,86.54999999999723,128.09999999999914,404.0,0.0,0.0,895.8499999999955,5568.150000000004,5568.150000000004,2.7840750000000023,0.8195,1805.0
accidental_failures,39,repair_with_scope,1639,1731,92,0,269,208,0,335,427,462,0,8195.0,1731.0,277.1999999999991,86.54999999999723,128.09999999999914,404.0,173.09999999999445,0.0,1068.9499999999898,5395.05000000001,5395.05000000001,2.697525000000005,0.8195,1805.0
cheap_verification,0,always_verify,1114,1249,135,751,0,0,0,0,0,2000,0,5570.0,1249.0,20.000000000000327,0.0,0.0,0.0,0.0,228.0,20.000000000000327,4301.0,4073.0,2.0365,0.557,4430.0
cheap_verification,0,naive_trust,1114,2000,886,0,0,0,0,0,0,0,0,5570.0,2000.0,0.0,0.0,0.0,0.0,0.0,228.0,0.0,3570.0,3342.0,1.671,0.557,4430.0
cheap_verification,0,reputation_only,525,631,106,248,1121,589,0,0,0,711,0,2625.0,631.0,7.109999999999893,0.0,0.0,0.0,0.0,102.0,7.109999999999893,1986.89,1884.89,0.9424450000000001,0.2625,7375.0
cheap_verification,0,repair,599,695,96,263,1042,552,0,37,181,744,0,2995.0,695.0,7.439999999999886,47.899999999999416,54.29999999999984,45.0,0.0,108.0,154.63999999999913,2145.360000000001,2037.360000000001,1.0186800000000005,0.2995,7005.0
cheap_verification,0,repair_no_exclusion,1191,1392,201,608,0,0,0,77,278,1571,0,5955.0,1392.0,15.70999999999971,99.99999999999646,83.39999999999957,96.0,0.0,252.0,295.10999999999575,4267.890000000004,4015.890000000004,2.007945000000002,0.5955,4045.0
cheap_verification,0,verify_and_retry,1191,1249,58,751,0,0,0,77,135,2000,0,5955.0,1249.0,20.000000000000327,0.0,40.49999999999997,96.0,0.0,252.0,156.50000000000028,4549.5,4297.5,2.14875,0.5955,4045.0
cheap_verification,0,scope_only,1076,1938,862,0,0,0,62,0,0,0,0,5380.0,1938.0,0.0,0.0,0.0,0.0,199.99999999999292,0.0,199.99999999999292,3242.0000000000073,3242.0000000000073,1.6210000000000035,0.538,4620.0
cheap_verification,0,repair_no_appeal,589,680,91,250,1070,561,0,36,127,727,0,2945.0,680.0,7.269999999999889,46.499999999999496,38.099999999999994,43.0,0.0,108.0,134.86999999999938,2130.1300000000006,2022.1300000000006,1.0110650000000003,0.2945,7055.0
cheap_verification,0,repair_with_scope,591,686,95,259,1026,541,29,35,178,734,0,2955.0,686.0,7.339999999999888,47.24999999999945,53.39999999999985,44.0,97.39999999999874,0.0,249.38999999999794,2019.610000000002,2019.610000000002,1.009805000000001,0.2955,7045.0
cheap_verification,1,always_verify,902,1055,153,945,0,0,0,0,0,2000,0,4510.0,1055.0,20.000000000000327,0.0,0.0,0.0,0.0,96.0,20.000000000000327,3434.9999999999995,3338.9999999999995,1.6694999999999998,0.451,5490.0
cheap_verification,1,naive_trust,902,2000,1098,0,0,0,0,0,0,0,0,4510.0,2000.0,0.0,0.0,0.0,0.0,0.0,96.0,0.0,2510.0,2414.0,1.207,0.451,5490.0
cheap_verification,1,reputation_only,400,498,98,298,1204,502,0,0,0,673,0,2000.0,498.0,6.729999999999901,0.0,0.0,0.0,0.0,36.0,6.729999999999901,1495.2700000000002,1459.2700000000002,0.7296350000000001,0.2,8000.0
cheap_verification,1,repair,457,539,82,313,1148,478,0,33,153,675,0,2285.0,539.0,6.7499999999999005,42.59999999999972,45.89999999999992,41.0,0.0,66.0,136.24999999999955,1609.7500000000005,1543.7500000000005,0.7718750000000002,0.2285,7715.0
cheap_verification,1,repair_no_exclusion,977,1167,190,833,0,0,0,75,265,1641,0,4885.0,1167.0,16.409999999999766,99.99999999999646,79.4999999999996,95.0,0.0,138.0,290.9099999999958,3427.0900000000042,3289.0900000000042,1.6445450000000021,0.4885,5115.0
cheap_verification,1,verify_and_retry,977,1055,78,945,0,0,0,75,153,2000,0,4885.0,1055.0,20.000000000000327,0.0,45.89999999999992,95.0,0.0,138.0,160.90000000000026,3669.1,3531.1,1.76555,0.4885,5115.0
cheap_verification,1,scope_only,886,1944,1058,0,0,0,56,0,0,0,0,4430.0,1944.0,0.0,0.0,0.0,0.0,199.99999999999292,0.0,199.99999999999292,2286.0000000000073,2286.0000000000073,1.1430000000000036,0.443,5570.0
cheap_verification,1,repair_no_appeal,450,530,80,302,1168,486,0,34,114,666,0,2250.0,530.0,6.659999999999902,41.599999999999774,34.20000000000003,43.0,0.0,72.0,125.45999999999971,1594.5400000000002,1522.5400000000002,0.7612700000000001,0.225,7750.0
cheap_verification,1,repair_with_scope,454,534,80,309,1129,473,28,33,151,665,0,2270.0,534.0,6.649999999999903,42.14999999999974,45.299999999999926,39.0,87.09999999999933,0.0,220.1999999999989,1515.800000000001,1515.800000000001,0.7579000000000006,0.227,7730.0
cheap_verification,2,always_verify,933,1087,154,913,0,0,0,0,0,2000,0,4665.0,1087.0,20.000000000000327,0.0,0.0,0.0,0.0,150.0,20.000000000000327,3557.9999999999995,3407.9999999999995,1.7039999999999997,0.4665,5335.0
cheap_verification,2,naive_trust,933,2000,1067,0,0,0,0,0,0,0,0,4665.0,2000.0,0.0,0.0,0.0,0.0,0.0,150.0,0.0,2665.0,2515.0,1.2575,0.4665,5335.0
cheap_verification,2,reputation_only,439,538,99,287,1175,494,0,0,0,686,0,2195.0,538.0,6.859999999999898,0.0,0.0,0.0,0.0,66.0,6.859999999999898,1650.14,1584.14,0.79207,0.2195,7805.0
cheap_verification,2,repair,509,586,77,303,1111,460,0,36,151,702,0,2545.0,586.0,7.019999999999895,44.44999999999961,45.299999999999926,42.0,0.0,108.0,138.76999999999944,1820.2300000000005,1712.2300000000005,0.8561150000000002,0.2545,7455.0
cheap_verification,2,repair_no_exclusion,1011,1207,196,793,0,0,0,78,274,1640,0,5055.0,1207.0,16.399999999999764,99.99999999999646,82.19999999999958,93.0,0.0,186.0,291.5999999999958,3556.400000000004,3370.400000000004,1.685200000000002,0.5055,4945.0
cheap_verification,2,verify_and_retry,1011,1087,76,913,0,0,0,78,154,2000,0,5055.0,1087.0,20.000000000000327,0.0,46.19999999999992,93.0,0.0,186.0,159.20000000000024,3808.7999999999997,3622.7999999999997,1.8114,0.5055,4945.0
cheap_verification,2,scope_only,909,1937,1028,0,0,0,63,0,0,0,0,4545.0,1937.0,0.0,0.0,0.0,0.0,199.99999999999292,6.0,199.99999999999292,2408.0000000000073,2402.0000000000073,1.2010000000000036,0.4545,5455.0
cheap_verification,2,repair_no_appeal,498,575,77,292,1133,471,0,36,113,692,0,2490.0,575.0,6.919999999999897,43.349999999999675,33.900000000000034,42.0,0.0,102.0,126.1699999999996,1788.8300000000004,1686.8300000000004,0.8434150000000001,0.249,7510.0
cheap_verification,2,repair_with_scope,505,585,80,293,1086,443,36,32,150,693,0,2525.0,585.0,6.929999999999897,43.89999999999964,44.99999999999993,37.0,91.39999999999908,6.0,224.22999999999854,1715.7700000000013,1709.7700000000013,0.8548850000000007,0.2525,7475.0
cheap_verification,3,always_verify,994,1145,151,855,0,0,0,0,0,2000,0,4970.0,1145.0,20.000000000000327,0.0,0.0,0.0,0.0,168.0,20.000000000000327,3804.9999999999995,3636.9999999999995,1.8184999999999998,0.497,5030.0
cheap_verification,3,naive_trust,994,2000,1006,0,0,0,0,0,0,0,0,4970.0,2000.0,0.0,0.0,0.0,0.0,0.0,168.0,0.0,2970.0,2802.0,1.401,0.497,5030.0
cheap_verification,3,reputation_only,437,531,94,286,1183,557,0,0,0,696,0,2185.0,531.0,6.959999999999896,0.0,0.0,0.0,0.0,72.0,6.959999999999896,1647.0400000000002,1575.0400000000002,0.7875200000000001,0.2185,7815.0
cheap_verification,3,repair,539,617,78,292,1091,494,0,39,150,726,0,2695.0,617.0,7.25999999999989,45.449999999999555,44.99999999999993,50.0,0.0,114.0,147.70999999999938,1930.2900000000006,1816.2900000000006,0.9081450000000003,0.2695,7305.0
cheap_verification,3,repair_no_exclusion,1068,1263,195,737,0,0,0,74,269,1623,0,5340.0,1263.0,16.229999999999738,99.99999999999646,80.69999999999959,97.0,0.0,198.0,293.9299999999958,3783.0700000000043,3585.0700000000043,1.7925350000000022,0.534,4660.0
cheap_verification,3,verify_and_retry,1068,1145,77,855,0,0,0,74,151,2000,0,5340.0,1145.0,20.000000000000327,0.0,45.299999999999926,97.0,0.0,198.0,162.30000000000024,4032.7,3834.7,1.9173499999999999,0.534,4660.0
cheap_verification,3,scope_only,966,1935,969,0,0,0,65,0,0,0,0,4830.0,1935.0,0.0,0.0,0.0,0.0,199.99999999999292,0.0,199.99999999999292,2695.0000000000073,2695.0000000000073,1.3475000000000037,0.483,5170.0
cheap_verification,3,repair_no_appeal,518,596,78,283,1121,516,0,40,118,706,0,2590.0,596.0,7.059999999999894,43.94999999999964,35.40000000000002,52.0,0.0,114.0,138.40999999999954,1855.5900000000004,1741.5900000000004,0.8707950000000002,0.259,7410.0
cheap_verification,3,repair_with_scope,527,606,79,285,1076,486,33,36,148,709,0,2635.0,606.0,7.089999999999893,44.549999999999606,44.399999999999935,46.0,92.39999999999903,0.0,234.43999999999846,1794.5600000000015,1794.5600000000015,0.8972800000000007,0.2635,7365.0
cheap_verification,4,always_verify,868,1003,135,997,0,0,0,0,0,2000,0,4340.0,1003.0,20.000000000000327,0.0,0.0,0.0,0.0,174.0,20.000000000000327,3316.9999999999995,3142.9999999999995,1.5714999999999997,0.434,5660.0
cheap_verification,4,naive_trust,868,2000,1132,0,0,0,0,0,0,0,0,4340.0,2000.0,0.0,0.0,0.0,0.0,0.0,174.0,0.0,2340.0,2166.0,1.083,0.434,5660.0
cheap_verification,4,reputation_only,392,467,75,316,1217,476,0,0,0,664,0,1960.0,467.0,6.639999999999903,0.0,0.0,0.0,0.0,84.0,6.639999999999903,1486.3600000000001,1402.3600000000001,0.70118,0.196,8040.0
cheap_verification,4,repair,444,514,70,326,1160,445,0,21,134,685,0,2220.0,514.0,6.849999999999898,41.99999999999975,40.199999999999974,27.0,0.0,102.0,116.04999999999963,1589.9500000000003,1487.9500000000003,0.7439750000000002,0.222,7780.0
cheap_verification,4,repair_no_exclusion,933,1103,170,897,0,0,0,65,235,1679,0,4665.0,1103.0,16.789999999999825,99.99999999999646,70.49999999999969,83.0,0.0,186.0,270.289999999996,3291.710000000004,3105.710000000004,1.552855000000002,0.4665,5335.0
cheap_verification,4,verify_and_retry,933,1003,70,997,0,0,0,65,135,2000,0,4665.0,1003.0,20.000000000000327,0.0,40.49999999999997,83.0,0.0,186.0,143.50000000000028,3518.4999999999995,3332.4999999999995,1.6662499999999998,0.4665,5335.0
cheap_verification,4,scope_only,839,1936,1097,0,0,0,64,0,0,0,0,4195.0,1936.0,0.0,0.0,0.0,0.0,199.99999999999292,0.0,199.99999999999292,2059.0000000000073,2059.0000000000073,1.0295000000000036,0.4195,5805.0
cheap_verification,4,repair_no_appeal,421,485,64,318,1197,467,0,20,84,669,0,2105.0,485.0,6.689999999999902,40.14999999999986,25.20000000000004,25.0,0.0,90.0,97.0399999999998,1522.9600000000003,1432.9600000000003,0.7164800000000001,0.2105,7895.0
cheap_verification,4,repair_with_scope,437,506,69,319,1142,434,33,21,133,674,0,2185.0,506.0,6.739999999999901,41.249999999999794,39.89999999999998,27.0,85.7999999999994,0.0,200.68999999999906,1478.3100000000009,1478.3100000000009,0.7391550000000005,0.2185,7815.0
cheap_verification,5,always_verify,894,1043,149,957,0,0,0,0,0,2000,0,4470.0,1043.0,20.000000000000327,0.0,0.0,0.0,0.0,156.0,20.000000000000327,3406.9999999999995,3250.9999999999995,1.6254999999999997,0.447,5530.0
cheap_verification,5,naive_trust,894,2000,1106,0,0,0,0,0,0,0,0,4470.0,2000.0,0.0,0.0,0.0,0.0,0.0,156.0,0.0,2470.0,2314.0,1.157,0.447,5530.0
cheap_verification,5,reputation_only,400,488,88,295,1217,494,0,0,0,646,0,2000.0,488.0,6.459999999999907,0.0,0.0,0.0,0.0,54.0,6.459999999999907,1505.5400000000002,1451.5400000000002,0.7257700000000001,0.2,8000.0
cheap_verification,5,repair,484,571,87,299,1130,444,0,34,168,671,0,2420.0,571.0,6.709999999999901,43.499999999999666,50.39999999999988,40.0,0.0,84.0,140.60999999999945,1708.3900000000006,1624.3900000000006,0.8121950000000002,0.242,7580.0
cheap_verification,5,repair_no_exclusion,977,1162,185,838,0,0,0,83,268,1639,0,4885.0,1162.0,16.389999999999763,99.99999999999646,80.3999999999996,102.0,0.0,168.0,298.7899999999958,3424.210000000004,3256.210000000004,1.6281050000000021,0.4885,5115.0
cheap_verification,5,verify_and_retry,977,1043,66,957,0,0,0,83,149,2000,0,4885.0,1043.0,20.000000000000327,0.0,44.69999999999993,102.0,0.0,168.0,166.70000000000027,3675.2999999999997,3507.2999999999997,1.75365,0.4885,5115.0
cheap_verification,5,scope_only,870,1942,1072,0,0,0,58,0,0,0,0,4350.0,1942.0,0.0,0.0,0.0,0.0,199.99999999999292,12.0,199.99999999999292,2208.0000000000073,2196.0000000000073,1.0980000000000036,0.435,5650.0
cheap_verification,5,repair_no_appeal,452,529,77,293,1178,470,0,28,105,647,0,2260.0,529.0,6.4699999999999065,41.0999999999998,31.500000000000053,34.0,0.0,66.0,113.06999999999977,1617.9300000000003,1551.9300000000003,0.7759650000000001,0.226,7740.0
cheap_verification,5,repair_with_scope,485,571,86,294,1111,428,24,31,164,660,0,2425.0,571.0,6.599999999999904,43.24999999999968,49.19999999999989,38.0,88.89999999999922,6.0,225.9499999999987,1628.0500000000013,1622.0500000000013,0.8110250000000007,0.2425,7575.0
cheap_verification,6,always_verify,1012,1164,152,836,0,0,0,0,0,2000,0,5060.0,1164.0,20.000000000000327,0.0,0.0,0.0,0.0,156.0,20.000000000000327,3875.9999999999995,3719.9999999999995,1.8599999999999999,0.506,4940.0
cheap_verification,6,naive_trust,1012,2000,988,0,0,0,0,0,0,0,0,5060.0,2000.0,0.0,0.0,0.0,0.0,0.0,156.0,0.0,3060.0,2904.0,1.452,0.506,4940.0
cheap_verification,6,reputation_only,438,532,94,278,1190,574,0,0,0,685,0,2190.0,532.0,6.849999999999898,0.0,0.0,0.0,0.0,66.0,6.849999999999898,1651.15,1585.15,0.792575,0.219,7810.0
cheap_verification,6,repair,526,615,89,287,1098,514,0,28,175,716,0,2630.0,615.0,7.159999999999892,45.099999999999575,52.49999999999986,41.0,0.0,96.0,145.75999999999934,1869.2400000000007,1773.2400000000007,0.8866200000000003,0.263,7370.0
cheap_verification,6,repair_no_exclusion,1078,1286,208,714,0,0,0,66,274,1612,0,5390.0,1286.0,16.11999999999972,99.99999999999646,82.19999999999958,91.0,0.0,168.0,289.31999999999573,3814.6800000000044,3646.6800000000044,1.8233400000000022,0.539,4610.0
cheap_verification,6,verify_and_retry,1078,1164,86,836,0,0,0,66,152,2000,0,5390.0,1164.0,20.000000000000327,0.0,45.59999999999992,91.0,0.0,168.0,156.60000000000025,4069.3999999999996,3901.3999999999996,1.9506999999999999,0.539,4610.0
cheap_verification,6,scope_only,987,1943,956,0,0,0,57,0,0,0,0,4935.0,1943.0,0.0,0.0,0.0,0.0,199.99999999999292,6.0,199.99999999999292,2792.0000000000073,2786.0000000000073,1.3930000000000036,0.4935,5065.0
cheap_verification,6,repair_no_appeal,494,576,82,277,1147,543,0,25,107,689,0,2470.0,576.0,6.8899999999998975,42.649999999999714,32.10000000000005,38.0,0.0,96.0,119.63999999999966,1774.3600000000004,1678.3600000000004,0.8391800000000001,0.247,7530.0
cheap_verification,6,repair_with_scope,514,606,92,281,1086,508,27,26,176,704,0,2570.0,606.0,7.039999999999894,44.34999999999962,52.799999999999855,39.0,91.39999999999908,0.0,234.58999999999844,1729.4100000000017,1729.4100000000017,0.8647050000000008,0.257,7430.0
cheap_verification,7,always_verify,736,896,160,1104,0,0,0,0,0,2000,0,3680.0,896.0,20.000000000000327,0.0,0.0,0.0,0.0,174.0,20.000000000000327,2763.9999999999995,2589.9999999999995,1.2949999999999997,0.368,6320.0
cheap_verification,7,naive_trust,736,2000,1264,0,0,0,0,0,0,0,0,3680.0,2000.0,0.0,0.0,0.0,0.0,0.0,174.0,0.0,1680.0,1506.0,0.753,0.368,6320.0
cheap_verification,7,reputation_only,308,399,91,324,1277,428,0,0,0,627,0,1540.0,399.0,6.269999999999911,0.0,0.0,0.0,0.0,108.0,6.269999999999911,1134.73,1026.73,0.513365,0.154,8460.0
cheap_verification,7,repair,369,448,79,337,1215,389,0,22,143,645,0,1845.0,448.0,6.449999999999907,39.24999999999991,42.89999999999995,29.0,0.0,102.0,117.59999999999977,1279.4000000000003,1177.4000000000003,0.5887000000000001,0.1845,8155.0
cheap_verification,7,repair_no_exclusion,817,985,168,1015,0,0,0,81,249,1705,0,4085.0,985.0,17.049999999999866,99.99999999999646,74.69999999999965,99.0,0.0,192.0,290.74999999999596,2809.250000000004,2617.250000000004,1.3086250000000021,0.4085,5915.0
cheap_verification,7,verify_and_retry,817,896,79,1104,0,0,0,81,160,2000,0,4085.0,896.0,20.000000000000327,0.0,47.9999999999999,99.0,0.0,192.0,167.00000000000023,3022.0,2830.0,1.415,0.4085,5915.0
cheap_verification,7,scope_only,708,1941,1233,0,0,0,59,0,0,0,0,3540.0,1941.0,0.0,0.0,0.0,0.0,199.99999999999292,6.0,199.99999999999292,1399.000000000007,1393.000000000007,0.6965000000000036,0.354,6460.0
cheap_verification,7,repair_no_appeal,357,430,73,330,1240,401,0,22,95,630,0,1785.0,430.0,6.29999999999991,37.99999999999998,28.500000000000046,31.0,0.0,108.0,103.79999999999994,1251.2,1143.2,0.5716,0.1785,8215.0
cheap_verification,7,repair_with_scope,356,435,79,334,1208,385,23,21,142,635,0,1780.0,435.0,6.349999999999909,38.44999999999995,42.59999999999995,28.0,79.19999999999978,6.0,194.5999999999996,1150.4000000000003,1144.4000000000003,0.5722000000000002,0.178,8220.0
cheap_verification,8,always_verify,891,1035,144,965,0,0,0,0,0,2000,0,4455.0,1035.0,20.000000000000327,0.0,0.0,0.0,0.0,150.0,20.000000000000327,3399.9999999999995,3249.9999999999995,1.6249999999999998,0.4455,5545.0
cheap_verification,8,naive_trust,891,2000,1109,0,0,0,0,0,0,0,0,4455.0,2000.0,0.0,0.0,0.0,0.0,0.0,150.0,0.0,2455.0,2305.0,1.1525,0.4455,5545.0
cheap_verification,8,reputation_only,398,500,102,292,1208,493,0,0,0,679,0,1990.0,500.0,6.7899999999999,0.0,0.0,0.0,0.0,72.0,6.7899999999999,1483.21,1411.21,0.705605,0.199,8010.0
cheap_verification,8,repair,469,553,84,307,1140,457,0,35,147,693,0,2345.0,553.0,6.929999999999897,42.999999999999694,44.09999999999994,45.0,0.0,90.0,139.02999999999952,1652.9700000000005,1562.9700000000005,0.7814850000000002,0.2345,7655.0
cheap_verification,8,repair_no_exclusion,972,1141,169,859,0,0,0,81,250,1666,0,4860.0,1141.0,16.659999999999805,99.99999999999646,74.99999999999964,99.0,0.0,168.0,290.65999999999593,3428.3400000000042,3260.3400000000042,1.6301700000000021,0.486,5140.0
cheap_verification,8,verify_and_retry,972,1035,63,965,0,0,0,81,144,2000,0,4860.0,1035.0,20.000000000000327,0.0,43.199999999999946,99.0,0.0,168.0,162.20000000000027,3662.7999999999997,3494.7999999999997,1.7473999999999998,0.486,5140.0
cheap_verification,8,scope_only,866,1936,1070,0,0,0,64,0,0,0,0,4330.0,1936.0,0.0,0.0,0.0,0.0,199.99999999999292,0.0,199.99999999999292,2194.0000000000073,2194.0000000000073,1.0970000000000035,0.433,5670.0
cheap_verification,8,repair_no_appeal,456,538,82,297,1165,469,0,34,116,683,0,2280.0,538.0,6.829999999999899,41.749999999999766,34.800000000000026,46.0,0.0,96.0,129.37999999999968,1612.6200000000003,1516.6200000000003,0.7583100000000002,0.228,7720.0
cheap_verification,8,repair_with_scope,468,545,77,307,1121,448,27,36,141,684,0,2340.0,545.0,6.839999999999899,42.59999999999972,42.299999999999955,43.0,87.89999999999928,0.0,222.63999999999885,1572.360000000001,1572.360000000001,0.7861800000000005,0.234,7660.0
cheap_verification,9,always_verify,872,1019,147,981,0,0,0,0,0,2000,0,4360.0,1019.0,20.000000000000327,0.0,0.0,0.0,0.0,186.0,20.000000000000327,3320.9999999999995,3134.9999999999995,1.5674999999999997,0.436,5640.0
cheap_verification,9,naive_trust,872,2000,1128,0,0,0,0,0,0,0,0,4360.0,2000.0,0.0,0.0,0.0,0.0,0.0,186.0,0.0,2360.0,2174.0,1.087,0.436,5640.0
cheap_verification,9,reputation_only,376,470,94,296,1234,496,0,0,0,657,0,1880.0,470.0,6.569999999999904,0.0,0.0,0.0,0.0,90.0,6.569999999999904,1403.43,1313.43,0.656715,0.188,8120.0
cheap_verification,9,repair,451,537,86,306,1157,450,0,29,160,680,0,2255.0,537.0,6.7999999999998995,42.14999999999974,47.9999999999999,35.0,0.0,96.0,131.94999999999953,1586.0500000000004,1490.0500000000004,0.7450250000000002,0.2255,7745.0
cheap_verification,9,repair_no_exclusion,943,1123,180,877,0,0,0,71,251,1664,0,4715.0,1123.0,16.6399999999998,99.99999999999646,75.29999999999964,88.0,0.0,210.0,279.9399999999959,3312.060000000004,3102.060000000004,1.5510300000000021,0.4715,5285.0
cheap_verification,9,verify_and_retry,943,1019,76,981,0,0,0,71,147,2000,0,4715.0,1019.0,20.000000000000327,0.0,44.09999999999994,88.0,0.0,210.0,152.10000000000025,3543.8999999999996,3333.8999999999996,1.6669499999999997,0.4715,5285.0
cheap_verification,9,scope_only,843,1934,1091,0,0,0,66,0,0,0,0,4215.0,1934.0,0.0,0.0,0.0,0.0,199.99999999999292,12.0,199.99999999999292,2081.0000000000073,2069.0000000000073,1.0345000000000035,0.4215,5785.0
cheap_verification,9,repair_no_appeal,429,509,80,298,1193,473,0,30,110,662,0,2145.0,509.0,6.619999999999903,40.349999999999845,33.00000000000004,36.0,0.0,96.0,115.96999999999979,1520.0300000000002,1424.0300000000002,0.7120150000000001,0.2145,7855.0
cheap_verification,9,repair_with_scope,446,535,89,298,1140,438,27,26,160,671,0,2230.0,535.0,6.709999999999901,41.64999999999977,47.9999999999999,33.0,85.99999999999939,6.0,215.35999999999896,1479.640000000001,1473.640000000001,0.7368200000000005,0.223,7770.0
cheap_verification,10,always_verify,959,1104,145,896,0,0,0,0,0,2000,0,4795.0,1104.0,20.000000000000327,0.0,0.0,0.0,0.0,150.0,20.000000000000327,3670.9999999999995,3520.9999999999995,1.7604999999999997,0.4795,5205.0
cheap_verification,10,naive_trust,959,2000,1041,0,0,0,0,0,0,0,0,4795.0,2000.0,0.0,0.0,0.0,0.0,0.0,150.0,0.0,2795.0,2645.0,1.3225,0.4795,5205.0
cheap_verification,10,reputation_only,446,544,98,280,1176,513,0,0,0,680,0,2230.0,544.0,6.7999999999998995,0.0,0.0,0.0,0.0,54.0,6.7999999999998995,1679.2,1625.2,0.8126,0.223,7770.0
cheap_verification,10,repair,514,607,93,285,1108,476,0,31,167,708,0,2570.0,607.0,7.0799999999998935,44.5999999999996,50.09999999999988,41.0,0.0,72.0,142.77999999999938,1820.2200000000007,1748.2200000000007,0.8741100000000004,0.257,7430.0
cheap_verification,10,repair_no_exclusion,1030,1216,186,784,0,0,0,71,257,1614,0,5150.0,1216.0,16.139999999999723,99.99999999999646,77.09999999999962,91.0,0.0,162.0,284.2399999999958,3649.7600000000043,3487.7600000000043,1.743880000000002,0.515,4850.0
cheap_verification,10,verify_and_retry,1030,1104,74,896,0,0,0,71,145,2000,0,5150.0,1104.0,20.000000000000327,0.0,43.49999999999994,91.0,0.0,162.0,154.50000000000028,3891.4999999999995,3729.4999999999995,1.8647499999999997,0.515,4850.0
cheap_verification,10,scope_only,935,1951,1016,0,0,0,49,0,0,0,0,4675.0,1951.0,0.0,0.0,0.0,0.0,199.99999999999292,6.0,199.99999999999292,2524.0000000000073,2518.0000000000073,1.2590000000000037,0.4675,5325.0
cheap_verification,10,repair_no_appeal,477,562,85,281,1157,509,0,27,112,689,0,2385.0,562.0,6.8899999999998975,42.14999999999974,33.60000000000004,37.0,0.0,60.0,119.63999999999967,1703.3600000000004,1643.3600000000004,0.8216800000000002,0.2385,7615.0
cheap_verification,10,repair_with_scope,505,597,92,283,1097,472,23,30,165,698,0,2525.0,597.0,6.979999999999896,43.99999999999964,49.499999999999886,40.0,90.29999999999914,0.0,230.77999999999855,1697.2200000000014,1697.2200000000014,0.8486100000000006,0.2525,7475.0
cheap_verification,11,always_verify,877,1040,163,960,0,0,0,0,0,2000,0,4385.0,1040.0,20.000000000000327,0.0,0.0,0.0,0.0,174.0,20.000000000000327,3324.9999999999995,3150.9999999999995,1.5754999999999997,0.4385,5615.0
cheap_verification,11,naive_trust,877,2000,1123,0,0,0,0,0,0,0,0,4385.0,2000.0,0.0,0.0,0.0,0.0,0.0,174.0,0.0,2385.0,2211.0,1.1055,0.4385,5615.0
cheap_verification,11,reputation_only,384,476,92,301,1223,493,0,0,0,674,0,1920.0,476.0,6.739999999999901,0.0,0.0,0.0,0.0,102.0,6.739999999999901,1437.26,1335.26,0.66763,0.192,8080.0
cheap_verification,11,repair,471,558,87,305,1137,435,0,29,158,686,0,2355.0,558.0,6.859999999999898,43.149999999999686,47.399999999999906,38.0,0.0,114.0,135.40999999999948,1661.5900000000006,1547.5900000000006,0.7737950000000003,0.2355,7645.0
cheap_verification,11,repair_no_exclusion,945,1135,190,865,0,0,0,68,258,1645,0,4725.0,1135.0,16.449999999999772,99.99999999999646,77.39999999999962,91.0,0.0,198.0,284.8499999999959,3305.150000000004,3107.150000000004,1.5535750000000021,0.4725,5275.0
cheap_verification,11,verify_and_retry,945,1040,95,960,0,0,0,68,163,2000,0,4725.0,1040.0,20.000000000000327,0.0,48.89999999999989,91.0,0.0,198.0,159.9000000000002,3525.1,3327.1,1.6635499999999999,0.4725,5275.0
cheap_verification,11,scope_only,849,1932,1083,0,0,0,68,0,0,0,0,4245.0,1932.0,0.0,0.0,0.0,0.0,199.99999999999292,6.0,199.99999999999292,2113.0000000000073,2107.0000000000073,1.0535000000000037,0.4245,5755.0
cheap_verification,11,repair_no_appeal,438,517,79,301,1182,466,0,27,106,672,0,2190.0,517.0,6.719999999999901,40.899999999999814,31.800000000000054,39.0,0.0,108.0,118.41999999999977,1554.5800000000002,1446.5800000000002,0.7232900000000001,0.219,7810.0
cheap_verification,11,repair_with_scope,457,545,88,301,1127,431,27,27,157,675,0,2285.0,545.0,6.7499999999999005,42.299999999999734,47.09999999999991,36.0,87.29999999999932,6.0,219.44999999999885,1520.550000000001,1514.550000000001,0.7572750000000006,0.2285,7715.0
cheap_verification,12,always_verify,817,962,145,1038,0,0,0,0,0,2000,0,4085.0,962.0,20.000000000000327,0.0,0.0,0.0,0.0,156.0,20.000000000000327,3102.9999999999995,2946.9999999999995,1.4734999999999998,0.4085,5915.0
cheap_verification,12,naive_trust,817,2000,1183,0,0,0,0,0,0,0,0,4085.0,2000.0,0.0,0.0,0.0,0.0,0.0,156.0,0.0,2085.0,1929.0,0.9645,0.4085,5915.0
cheap_verification,12,reputation_only,383,472,89,302,1226,434,0,0,0,643,0,1915.0,472.0,6.429999999999907,0.0,0.0,0.0,0.0,78.0,6.429999999999907,1436.5700000000002,1358.5700000000002,0.679285,0.1915,8085.0
cheap_verification,12,repair,468,544,76,313,1143,384,0,35,156,669,0,2340.0,544.0,6.689999999999902,42.8499999999997,46.79999999999991,44.0,0.0,84.0,140.33999999999952,1655.6600000000005,1571.6600000000005,0.7858300000000003,0.234,7660.0
cheap_verification,12,repair_no_exclusion,891,1054,163,946,0,0,0,74,237,1661,0,4455.0,1054.0,16.609999999999797,99.99999999999646,71.09999999999968,87.0,0.0,162.0,274.70999999999594,3126.290000000004,2964.290000000004,1.482145000000002,0.4455,5545.0
cheap_verification,12,verify_and_retry,891,962,71,1038,0,0,0,74,145,2000,0,4455.0,962.0,20.000000000000327,0.0,43.49999999999994,87.0,0.0,162.0,150.50000000000028,3342.4999999999995,3180.4999999999995,1.5902499999999997,0.4455,5545.0
cheap_verification,12,scope_only,791,1941,1150,0,0,0,59,0,0,0,0,3955.0,1941.0,0.0,0.0,0.0,0.0,199.99999999999292,0.0,199.99999999999292,1814.000000000007,1814.000000000007,0.9070000000000035,0.3955,6045.0
cheap_verification,12,repair_no_appeal,444,516,72,304,1180,405,0,32,104,650,0,2220.0,516.0,6.499999999999906,40.99999999999981,31.200000000000053,40.0,0.0,90.0,118.69999999999976,1585.3000000000002,1495.3000000000002,0.74765,0.222,7780.0
cheap_verification,12,repair_with_scope,463,543,80,303,1125,373,29,34,159,656,0,2315.0,543.0,6.559999999999905,42.299999999999734,47.6999999999999,43.0,87.4999999999993,0.0,227.05999999999884,1544.9400000000012,1544.9400000000012,0.7724700000000005,0.2315,7685.0
cheap_verification,13,always_verify,967,1120,153,880,0,0,0,0,0,2000,0,4835.0,1120.0,20.000000000000327,0.0,0.0,0.0,0.0,198.0,20.000000000000327,3694.9999999999995,3496.9999999999995,1.7484999999999997,0.4835,5165.0
cheap_verification,13,naive_trust,967,2000,1033,0,0,0,0,0,0,0,0,4835.0,2000.0,0.0,0.0,0.0,0.0,0.0,198.0,0.0,2835.0,2637.0,1.3185,0.4835,5165.0
cheap_verification,13,reputation_only,451,568,117,263,1169,516,0,0,0,697,0,2255.0,568.0,6.969999999999896,0.0,0.0,0.0,0.0,84.0,6.969999999999896,1680.0300000000002,1596.0300000000002,0.7980150000000001,0.2255,7745.0
cheap_verification,13,repair,548,646,98,273,1081,461,0,42,182,730,0,2740.0,646.0,7.299999999999889,45.94999999999953,54.59999999999984,48.0,0.0,102.0,155.84999999999926,1938.1500000000008,1836.1500000000008,0.9180750000000004,0.274,7260.0
cheap_verification,13,repair_no_exclusion,1059,1250,191,750,0,0,0,92,283,1618,0,5295.0,1250.0,16.17999999999973,99.99999999999646,84.89999999999955,104.0,0.0,210.0,305.0799999999957,3739.920000000004,3529.920000000004,1.764960000000002,0.5295,4705.0
cheap_verification,13,verify_and_retry,1059,1120,61,880,0,0,0,92,153,2000,0,5295.0,1120.0,20.000000000000327,0.0,45.89999999999992,104.0,0.0,210.0,169.90000000000026,4005.1,3795.1,1.8975499999999998,0.5295,4705.0
cheap_verification,13,scope_only,936,1935,999,0,0,0,65,0,0,0,0,4680.0,1935.0,0.0,0.0,0.0,0.0,199.99999999999292,12.0,199.99999999999292,2545.0000000000073,2533.0000000000073,1.2665000000000037,0.468,5320.0
cheap_verification,13,repair_no_appeal,533,625,92,266,1109,477,0,43,135,714,0,2665.0,625.0,7.139999999999892,44.549999999999606,40.49999999999997,49.0,0.0,102.0,141.18999999999946,1898.8100000000006,1796.8100000000006,0.8984050000000003,0.2665,7335.0
cheap_verification,13,repair_with_scope,529,625,96,272,1072,464,31,40,178,718,0,2645.0,625.0,7.179999999999891,44.84999999999959,53.39999999999985,46.0,92.799999999999,6.0,244.22999999999834,1775.7700000000016,1769.7700000000016,0.8848850000000008,0.2645,7355.0
cheap_verification,14,always_verify,954,1076,122,924,0,0,0,0,0,2000,0,4770.0,1076.0,20.000000000000327,0.0,0.0,0.0,0.0,180.0,20.000000000000327,3673.9999999999995,3493.9999999999995,1.7469999999999997,0.477,5230.0
cheap_verification,14,naive_trust,954,2000,1046,0,0,0,0,0,0,0,0,4770.0,2000.0,0.0,0.0,0.0,0.0,0.0,180.0,0.0,2770.0,2590.0,1.295,0.477,5230.0
cheap_verification,14,reputation_only,487,582,95,278,1140,467,0,0,0,704,0,2435.0,582.0,7.039999999999894,0.0,0.0,0.0,0.0,78.0,7.039999999999894,1845.96,1767.96,0.88398,0.2435,7565.0
cheap_verification,14,repair,536,622,86,290,1088,446,0,28,145,719,0,2680.0,622.0,7.189999999999891,45.59999999999955,43.49999999999994,36.0,0.0,102.0,132.2899999999994,1925.7100000000005,1823.7100000000005,0.9118550000000002,0.268,7320.0
cheap_verification,14,repair_no_exclusion,1019,1187,168,813,0,0,0,65,233,1647,0,5095.0,1187.0,16.469999999999775,99.99999999999646,69.8999999999997,86.0,0.0,198.0,272.3699999999959,3635.630000000004,3437.630000000004,1.7188150000000022,0.5095,4905.0
cheap_verification,14,verify_and_retry,1019,1076,57,924,0,0,0,65,122,2000,0,5095.0,1076.0,20.000000000000327,0.0,36.60000000000001,86.0,0.0,198.0,142.60000000000034,3876.3999999999996,3678.3999999999996,1.8391999999999997,0.5095,4905.0
cheap_verification,14,scope_only,928,1944,1016,0,0,0,56,0,0,0,0,4640.0,1944.0,0.0,0.0,0.0,0.0,199.99999999999292,24.0,199.99999999999292,2496.0000000000073,2472.0000000000073,1.2360000000000035,0.464,5360.0
cheap_verification,14,repair_no_appeal,528,608,80,285,1107,455,0,29,109,714,0,2640.0,608.0,7.139999999999892,44.6499999999996,32.700000000000045,37.0,0.0,96.0,121.48999999999954,1910.5100000000004,1814.5100000000004,0.9072550000000003,0.264,7360.0
cheap_verification,14,repair_with_scope,528,615,87,283,1075,441,27,26,144,704,0,2640.0,615.0,7.039999999999894,44.89999999999959,43.199999999999946,33.0,92.49999999999902,18.0,220.63999999999845,1804.3600000000015,1786.3600000000015,0.8931800000000008,0.264,7360.0
cheap_verification,15,always_verify,1041,1178,137,822,0,0,0,0,0,2000,0,5205.0,1178.0,20.000000000000327,0.0,0.0,0.0,0.0,150.0,20.000000000000327,4006.9999999999995,3856.9999999999995,1.9284999999999999,0.5205,4795.0
cheap_verification,15,naive_trust,1041,2000,959,0,0,0,0,0,0,0,0,5205.0,2000.0,0.0,0.0,0.0,0.0,0.0,150.0,0.0,3205.0,3055.0,1.5275,0.5205,4795.0
cheap_verification,15,reputation_only,462,549,87,281,1170,579,0,0,0,689,0,2310.0,549.0,6.8899999999998975,0.0,0.0,0.0,0.0,66.0,6.8899999999998975,1754.1100000000001,1688.1100000000001,0.8440550000000001,0.231,7690.0
cheap_verification,15,repair,554,633,79,286,1081,519,0,32,161,713,0,2770.0,633.0,7.129999999999892,45.94999999999953,48.2999999999999,40.0,0.0,72.0,141.3799999999993,1995.6200000000008,1923.6200000000008,0.9618100000000004,0.277,7230.0
cheap_verification,15,repair_no_exclusion,1109,1281,172,719,0,0,0,68,240,1615,0,5545.0,1281.0,16.149999999999725,99.99999999999646,71.99999999999967,85.0,0.0,162.0,273.1499999999959,3990.850000000004,3828.850000000004,1.914425000000002,0.5545,4455.0
cheap_verification,15,verify_and_retry,1109,1178,69,822,0,0,0,68,137,2000,0,5545.0,1178.0,20.000000000000327,0.0,41.099999999999966,85.0,0.0,162.0,146.1000000000003,4220.9,4058.8999999999996,2.0294499999999998,0.5545,4455.0
cheap_verification,15,scope_only,1016,1939,923,0,0,0,61,0,0,0,0,5080.0,1939.0,0.0,0.0,0.0,0.0,199.99999999999292,0.0,199.99999999999292,2941.0000000000073,2941.0000000000073,1.4705000000000037,0.508,4920.0
cheap_verification,15,repair_no_appeal,526,601,75,275,1124,545,0,30,105,698,0,2630.0,601.0,6.979999999999896,43.79999999999965,31.500000000000053,35.0,0.0,78.0,117.2799999999996,1911.7200000000005,1833.7200000000005,0.9168600000000002,0.263,7370.0
cheap_verification,15,repair_with_scope,549,630,81,279,1067,512,24,32,163,703,0,2745.0,630.0,7.0299999999998946,45.449999999999555,48.89999999999989,40.0,93.29999999999897,0.0,234.6799999999983,1880.3200000000018,1880.3200000000018,0.9401600000000009,0.2745,7255.0
cheap_verification,16,always_verify,1070,1227,157,773,0,0,0,0,0,2000,0,5350.0,1227.0,20.000000000000327,0.0,0.0,0.0,0.0,222.0,20.000000000000327,4103.0,3881.0,1.9405,0.535,4650.0
cheap_verification,16,naive_trust,1070,2000,930,0,0,0,0,0,0,0,0,5350.0,2000.0,0.0,0.0,0.0,0.0,0.0,222.0,0.0,3350.0,3128.0,1.564,0.535,4650.0
cheap_verification,16,reputation_only,498,612,114,257,1131,572,0,0,0,697,0,2490.0,612.0,6.969999999999896,0.0,0.0,0.0,0.0,102.0,6.969999999999896,1871.0300000000002,1769.0300000000002,0.884515,0.249,7510.0
cheap_verification,16,repair,594,689,95,264,1047,520,0,44,163,728,0,2970.0,689.0,7.279999999999889,47.64999999999943,48.89999999999989,56.0,0.0,126.0,159.82999999999922,2121.170000000001,1995.170000000001,0.9975850000000005,0.297,7030.0
cheap_verification,16,repair_no_exclusion,1161,1348,187,652,0,0,0,91,278,1589,0,5805.0,1348.0,15.889999999999706,99.99999999999646,83.39999999999957,111.0,0.0,246.0,310.28999999999576,4146.710000000005,3900.7100000000046,1.9503550000000023,0.5805,4195.0
cheap_verification,16,verify_and_retry,1161,1227,66,773,0,0,0,91,157,2000,0,5805.0,1227.0,20.000000000000327,0.0,47.09999999999991,111.0,0.0,246.0,178.10000000000025,4399.9,4153.9,2.0769499999999996,0.5805,4195.0
cheap_verification,16,scope_only,1035,1940,905,0,0,0,60,0,0,0,0,5175.0,1940.0,0.0,0.0,0.0,0.0,199.99999999999292,12.0,199.99999999999292,3035.0000000000073,3023.0000000000073,1.5115000000000036,0.5175,4825.0
cheap_verification,16,repair_no_appeal,579,668,89,262,1070,538,0,47,136,715,0,2895.0,668.0,7.149999999999892,46.499999999999496,40.79999999999997,59.0,0.0,114.0,153.44999999999936,2073.5500000000006,1959.5500000000006,0.9797750000000003,0.2895,7105.0
cheap_verification,16,repair_with_scope,573,668,95,262,1041,520,29,43,162,715,0,2865.0,668.0,7.149999999999892,46.499999999999496,48.599999999999895,54.0,95.89999999999883,6.0,252.1499999999981,1944.850000000002,1938.850000000002,0.969425000000001,0.2865,7135.0
cheap_verification,17,always_verify,1009,1159,150,841,0,0,0,0,0,2000,0,5045.0,1159.0,20.000000000000327,0.0,0.0,0.0,0.0,156.0,20.000000000000327,3865.9999999999995,3709.9999999999995,1.8549999999999998,0.5045,4955.0
cheap_verification,17,naive_trust,1009,2000,991,0,0,0,0,0,0,0,0,5045.0,2000.0,0.0,0.0,0.0,0.0,0.0,156.0,0.0,3045.0,2889.0,1.4445,0.5045,4955.0
cheap_verification,17,reputation_only,465,577,112,265,1158,544,0,0,0,692,0,2325.0,577.0,6.919999999999897,0.0,0.0,0.0,0.0,90.0,6.919999999999897,1741.0800000000002,1651.0800000000002,0.82554,0.2325,7675.0
cheap_verification,17,repair,545,635,90,281,1084,504,0,40,166,720,0,2725.0,635.0,7.199999999999891,45.799999999999535,49.79999999999988,49.0,0.0,96.0,151.7999999999993,1938.2000000000007,1842.2000000000007,0.9211000000000004,0.2725,7275.0
cheap_verification,17,repair_no_exclusion,1092,1272,180,728,0,0,0,83,263,1619,0,5460.0,1272.0,16.18999999999973,99.99999999999646,78.89999999999961,99.0,0.0,168.0,294.0899999999958,3893.9100000000044,3725.9100000000044,1.8629550000000021,0.546,4540.0
cheap_verification,17,verify_and_retry,1092,1159,67,841,0,0,0,83,150,2000,0,5460.0,1159.0,20.000000000000327,0.0,44.99999999999993,99.0,0.0,168.0,164.00000000000026,4137.0,3969.0,1.9845,0.546,4540.0
cheap_verification,17,scope_only,984,1947,963,0,0,0,53,0,0,0,0,4920.0,1947.0,0.0,0.0,0.0,0.0,199.99999999999292,6.0,199.99999999999292,2773.0000000000073,2767.0000000000073,1.3835000000000037,0.492,5080.0
cheap_verification,17,repair_no_appeal,524,607,83,276,1117,524,0,39,122,705,0,2620.0,607.0,7.049999999999894,44.14999999999963,36.60000000000001,47.0,0.0,102.0,134.79999999999953,1878.2000000000005,1776.2000000000005,0.8881000000000002,0.262,7380.0
cheap_verification,17,repair_with_scope,535,623,88,279,1071,500,27,40,164,716,0,2675.0,623.0,7.159999999999892,45.099999999999575,49.19999999999989,49.0,92.899999999999,0.0,243.35999999999837,1808.6400000000017,1808.6400000000017,0.9043200000000009,0.2675,7325.0
cheap_verification,18,always_verify,1057,1214,157,786,0,0,0,0,0,2000,0,5285.0,1214.0,20.000000000000327,0.0,0.0,0.0,0.0,180.0,20.000000000000327,4050.9999999999995,3870.9999999999995,1.9354999999999998,0.5285,4715.0
cheap_verification,18,naive_trust,1057,2000,943,0,0,0,0,0,0,0,0,5285.0,2000.0,0.0,0.0,0.0,0.0,0.0,180.0,0.0,3285.0,3105.0,1.5525,0.5285,4715.0
cheap_verification,18,reputation_only,481,595,114,262,1143,576,0,0,0,715,0,2405.0,595.0,7.149999999999892,0.0,0.0,0.0,0.0,84.0,7.149999999999892,1802.8500000000001,1718.8500000000001,0.8594250000000001,0.2405,7595.0
cheap_verification,18,repair,610,711,101,254,1035,505,0,58,181,721,0,3050.0,711.0,7.209999999999891,48.249999999999396,54.29999999999984,69.0,0.0,114.0,178.75999999999914,2160.2400000000007,2046.2400000000007,1.0231200000000003,0.305,6950.0
cheap_verification,18,repair_no_exclusion,1151,1341,190,659,0,0,0,94,284,1542,0,5755.0,1341.0,15.419999999999716,99.99999999999646,85.19999999999955,114.0,0.0,210.0,314.61999999999574,4099.380000000005,3889.3800000000047,1.9446900000000023,0.5755,4245.0
cheap_verification,18,verify_and_retry,1151,1214,63,786,0,0,0,94,157,2000,0,5755.0,1214.0,20.000000000000327,0.0,47.09999999999991,114.0,0.0,210.0,181.10000000000025,4359.9,4149.9,2.07495,0.5755,4245.0
cheap_verification,18,scope_only,1027,1940,913,0,0,0,60,0,0,0,0,5135.0,1940.0,0.0,0.0,0.0,0.0,199.99999999999292,0.0,199.99999999999292,2995.0000000000073,2995.0000000000073,1.4975000000000036,0.5135,4865.0
cheap_verification,18,repair_no_appeal,587,678,91,259,1063,524,0,54,145,714,0,2935.0,678.0,7.139999999999892,46.849999999999476,43.49999999999994,65.0,0.0,120.0,162.4899999999993,2094.5100000000007,1974.5100000000007,0.9872550000000003,0.2935,7065.0
cheap_verification,18,repair_with_scope,599,702,103,247,1022,494,29,52,177,707,0,2995.0,702.0,7.069999999999894,47.44999999999944,53.09999999999985,62.0,97.79999999999872,0.0,267.4199999999979,2025.5800000000022,2025.5800000000022,1.0127900000000012,0.2995,7005.0
cheap_verification,19,always_verify,1011,1153,142,847,0,0,0,0,0,2000,0,5055.0,1153.0,20.000000000000327,0.0,0.0,0.0,0.0,144.0,20.000000000000327,3881.9999999999995,3737.9999999999995,1.8689999999999998,0.5055,4945.0
cheap_verification,19,naive_trust,1011,2000,989,0,0,0,0,0,0,0,0,5055.0,2000.0,0.0,0.0,0.0,0.0,0.0,144.0,0.0,3055.0,2911.0,1.4555,0.5055,4945.0
cheap_verification,19,reputation_only,470,568,98,277,1155,541,0,0,0,689,0,2350.0,568.0,6.8899999999998975,0.0,0.0,0.0,0.0,60.0,6.8899999999998975,1775.1100000000001,1715.1100000000001,0.8575550000000001,0.235,7650.0
cheap_verification,19,repair,528,619,91,285,1096,513,0,30,155,715,0,2640.0,619.0,7.149999999999892,45.19999999999957,46.499999999999915,38.0,0.0,78.0,136.84999999999937,1884.1500000000005,1806.1500000000005,0.9030750000000003,0.264,7360.0
cheap_verification,19,repair_no_exclusion,1094,1275,181,725,0,0,0,83,264,1610,0,5470.0,1275.0,16.099999999999717,99.99999999999646,79.1999999999996,98.0,0.0,174.0,293.2999999999958,3901.7000000000044,3727.7000000000044,1.8638500000000022,0.547,4530.0
cheap_verification,19,verify_and_retry,1094,1153,59,847,0,0,0,83,142,2000,0,5470.0,1153.0,20.000000000000327,0.0,42.59999999999995,98.0,0.0,174.0,160.60000000000028,4156.4,3982.3999999999996,1.9911999999999999,0.547,4530.0
cheap_verification,19,scope_only,990,1943,953,0,0,0,57,0,0,0,0,4950.0,1943.0,0.0,0.0,0.0,0.0,199.99999999999292,18.0,199.99999999999292,2807.0000000000073,2789.0000000000073,1.3945000000000036,0.495,5050.0
cheap_verification,19,repair_no_appeal,510,593,83,280,1127,529,0,28,111,702,0,2550.0,593.0,7.019999999999895,43.64999999999966,33.30000000000004,34.0,0.0,72.0,117.96999999999959,1839.0300000000004,1767.0300000000004,0.8835150000000002,0.255,7450.0
cheap_verification,19,repair_with_scope,521,608,87,285,1082,509,25,30,151,702,0,2605.0,608.0,7.019999999999895,44.6499999999996,45.299999999999926,36.0,91.79999999999906,6.0,224.76999999999848,1772.2300000000016,1766.2300000000016,0.8831150000000008,0.2605,7395.0
cheap_verification,20,always_verify,944,1088,144,912,0,0,0,0,0,2000,0,4720.0,1088.0,20.000000000000327,0.0,0.0,0.0,0.0,150.0,20.000000000000327,3611.9999999999995,3461.9999999999995,1.7309999999999999,0.472,5280.0
cheap_verification,20,naive_trust,944,2000,1056,0,0,0,0,0,0,0,0,4720.0,2000.0,0.0,0.0,0.0,0.0,0.0,150.0,0.0,2720.0,2570.0,1.285,0.472,5280.0
cheap_verification,20,reputation_only,427,512,85,295,1193,517,0,0,0,694,0,2135.0,512.0,6.9399999999998965,0.0,0.0,0.0,0.0,78.0,6.9399999999998965,1616.0600000000002,1538.0600000000002,0.7690300000000001,0.2135,7865.0
cheap_verification,20,repair,513,601,88,290,1109,461,0,30,165,702,0,2565.0,601.0,7.019999999999895,44.549999999999606,49.499999999999886,36.0,0.0,90.0,137.0699999999994,1826.9300000000005,1736.9300000000005,0.8684650000000003,0.2565,7435.0
cheap_verification,20,repair_no_exclusion,1023,1208,185,792,0,0,0,79,264,1645,0,5115.0,1208.0,16.449999999999772,99.99999999999646,79.1999999999996,92.0,0.0,162.0,287.6499999999958,3619.350000000004,3457.350000000004,1.728675000000002,0.5115,4885.0
cheap_verification,20,verify_and_retry,1023,1088,65,912,0,0,0,79,144,2000,0,5115.0,1088.0,20.000000000000327,0.0,43.199999999999946,92.0,0.0,162.0,155.20000000000027,3871.7999999999997,3709.7999999999997,1.8548999999999998,0.5115,4885.0
cheap_verification,20,scope_only,920,1932,1012,0,0,0,68,0,0,0,0,4600.0,1932.0,0.0,0.0,0.0,0.0,199.99999999999292,6.0,199.99999999999292,2468.0000000000073,2462.0000000000073,1.2310000000000036,0.46,5400.0
cheap_verification,20,repair_no_appeal,476,543,67,299,1158,496,0,28,95,695,0,2380.0,543.0,6.949999999999896,42.099999999999746,28.500000000000046,33.0,0.0,84.0,110.54999999999968,1726.4500000000003,1642.4500000000003,0.8212250000000001,0.238,7620.0
cheap_verification,20,repair_with_scope,522,613,91,277,1081,440,29,32,170,697,0,2610.0,613.0,6.969999999999896,44.49999999999961,50.99999999999987,39.0,91.89999999999905,6.0,233.36999999999844,1763.6300000000015,1757.6300000000015,0.8788150000000008,0.261,7390.0
cheap_verification,21,always_verify,889,1051,162,949,0,0,0,0,0,2000,0,4445.0,1051.0,20.000000000000327,0.0,0.0,0.0,0.0,138.0,20.000000000000327,3373.9999999999995,3235.9999999999995,1.6179999999999999,0.4445,5555.0
cheap_verification,21,naive_trust,889,2000,1111,0,0,0,0,0,0,0,0,4445.0,2000.0,0.0,0.0,0.0,0.0,0.0,138.0,0.0,2445.0,2307.0,1.1535,0.4445,5555.0
cheap_verification,21,reputation_only,410,513,103,290,1197,479,0,0,0,678,0,2050.0,513.0,6.7799999999999,0.0,0.0,0.0,0.0,48.0,6.7799999999999,1530.22,1482.22,0.74111,0.205,7950.0
cheap_verification,21,repair,491,576,85,300,1124,439,0,41,159,698,0,2455.0,576.0,6.979999999999896,43.79999999999965,47.6999999999999,52.0,0.0,60.0,150.47999999999945,1728.5200000000004,1668.5200000000004,0.8342600000000002,0.2455,7545.0
cheap_verification,21,repair_no_exclusion,983,1153,170,847,0,0,0,94,264,1643,0,4915.0,1153.0,16.42999999999977,99.99999999999646,79.1999999999996,113.0,0.0,162.0,308.62999999999585,3453.370000000004,3291.370000000004,1.645685000000002,0.4915,5085.0
cheap_verification,21,verify_and_retry,983,1051,68,949,0,0,0,94,162,2000,0,4915.0,1051.0,20.000000000000327,0.0,48.599999999999895,113.0,0.0,162.0,181.60000000000022,3682.3999999999996,3520.3999999999996,1.7601999999999998,0.4915,5085.0
cheap_verification,21,scope_only,867,1947,1080,0,0,0,53,0,0,0,0,4335.0,1947.0,0.0,0.0,0.0,0.0,199.99999999999292,6.0,199.99999999999292,2188.0000000000073,2182.0000000000073,1.0910000000000037,0.4335,5665.0
cheap_verification,21,repair_no_appeal,475,554,79,296,1150,452,0,38,117,690,0,2375.0,554.0,6.899999999999897,42.49999999999972,35.10000000000002,49.0,0.0,66.0,133.49999999999963,1687.5000000000005,1621.5000000000005,0.8107500000000002,0.2375,7625.0
cheap_verification,21,repair_with_scope,490,573,83,298,1109,431,20,40,156,694,0,2450.0,573.0,6.9399999999998965,43.54999999999966,46.79999999999991,50.0,89.09999999999921,0.0,236.38999999999868,1640.6100000000013,1640.6100000000013,0.8203050000000006,0.245,7550.0
cheap_verification,22,always_verify,929,1093,164,907,0,0,0,0,0,2000,0,4645.0,1093.0,20.000000000000327,0.0,0.0,0.0,0.0,162.0,20.000000000000327,3531.9999999999995,3369.9999999999995,1.6849999999999998,0.4645,5355.0
cheap_verification,22,naive_trust,929,2000,1071,0,0,0,0,0,0,0,0,4645.0,2000.0,0.0,0.0,0.0,0.0,0.0,162.0,0.0,2645.0,2483.0,1.2415,0.4645,5355.0
cheap_verification,22,reputation_only,416,507,91,295,1198,513,0,0,0,685,0,2080.0,507.0,6.849999999999898,0.0,0.0,0.0,0.0,108.0,6.849999999999898,1566.15,1458.15,0.729075,0.208,7920.0
cheap_verification,22,repair,484,562,78,306,1132,474,0,29,143,707,0,2420.0,562.0,7.069999999999894,43.39999999999967,42.89999999999995,38.0,0.0,108.0,131.36999999999952,1726.6300000000006,1618.6300000000006,0.8093150000000002,0.242,7580.0
cheap_verification,22,repair_no_exclusion,1016,1202,186,798,0,0,0,87,273,1652,0,5080.0,1202.0,16.519999999999783,99.99999999999646,81.89999999999958,104.0,0.0,198.0,302.4199999999958,3575.580000000004,3377.580000000004,1.688790000000002,0.508,4920.0
cheap_verification,22,verify_and_retry,1016,1093,77,907,0,0,0,87,164,2000,0,5080.0,1093.0,20.000000000000327,0.0,49.19999999999989,104.0,0.0,198.0,173.20000000000022,3813.7999999999997,3615.7999999999997,1.8078999999999998,0.508,4920.0
cheap_verification,22,scope_only,904,1942,1038,0,0,0,58,0,0,0,0,4520.0,1942.0,0.0,0.0,0.0,0.0,199.99999999999292,12.0,199.99999999999292,2378.0000000000073,2366.0000000000073,1.1830000000000036,0.452,5480.0
cheap_verification,22,repair_no_appeal,466,536,70,304,1160,491,0,28,98,693,0,2330.0,536.0,6.929999999999897,41.99999999999975,29.40000000000005,36.0,0.0,108.0,114.3299999999997,1679.6700000000003,1571.6700000000003,0.7858350000000002,0.233,7670.0
cheap_verification,22,repair_with_scope,472,546,74,306,1123,470,25,27,137,703,0,2360.0,546.0,7.0299999999998946,42.59999999999972,41.099999999999966,37.0,87.69999999999929,6.0,215.42999999999887,1598.570000000001,1592.570000000001,0.7962850000000006,0.236,7640.0
cheap_verification,23,always_verify,955,1094,139,906,0,0,0,0,0,2000,0,4775.0,1094.0,20.000000000000327,0.0,0.0,0.0,0.0,204.0,20.000000000000327,3660.9999999999995,3456.9999999999995,1.7284999999999997,0.4775,5225.0
cheap_verification,23,naive_trust,955,2000,1045,0,0,0,0,0,0,0,0,4775.0,2000.0,0.0,0.0,0.0,0.0,0.0,204.0,0.0,2775.0,2571.0,1.2855,0.4775,5225.0
cheap_verification,23,reputation_only,439,537,98,283,1180,516,0,0,0,679,0,2195.0,537.0,6.7899999999999,0.0,0.0,0.0,0.0,84.0,6.7899999999999,1651.21,1567.21,0.783605,0.2195,7805.0
cheap_verification,23,repair,518,603,85,294,1103,472,0,35,159,706,0,2590.0,603.0,7.059999999999894,44.84999999999959,47.6999999999999,40.0,0.0,96.0,139.6099999999994,1847.3900000000006,1751.3900000000006,0.8756950000000002,0.259,7410.0
cheap_verification,23,repair_no_exclusion,1023,1207,184,793,0,0,0,68,252,1639,0,5115.0,1207.0,16.389999999999763,99.99999999999646,75.59999999999964,89.0,0.0,210.0,280.98999999999586,3627.0100000000043,3417.0100000000043,1.7085050000000022,0.5115,4885.0
cheap_verification,23,verify_and_retry,1023,1094,71,906,0,0,0,68,139,2000,0,5115.0,1094.0,20.000000000000327,0.0,41.69999999999996,89.0,0.0,210.0,150.70000000000027,3870.2999999999997,3660.2999999999997,1.83015,0.5115,4885.0
cheap_verification,23,scope_only,924,1940,1016,0,0,0,60,0,0,0,0,4620.0,1940.0,0.0,0.0,0.0,0.0,199.99999999999292,18.0,199.99999999999292,2480.0000000000073,2462.0000000000073,1.2310000000000036,0.462,5380.0
cheap_verification,23,repair_no_appeal,502,582,80,283,1135,490,0,37,117,696,0,2510.0,582.0,6.959999999999896,43.24999999999968,35.10000000000002,42.0,0.0,96.0,127.3099999999996,1800.6900000000005,1704.6900000000005,0.8523450000000002,0.251,7490.0
cheap_verification,23,repair_with_scope,509,590,81,291,1089,467,30,36,156,698,0,2545.0,590.0,6.979999999999896,44.049999999999635,46.79999999999991,42.0,91.0999999999991,6.0,230.92999999999853,1724.0700000000015,1718.0700000000015,0.8590350000000008,0.2545,7455.0
cheap_verification,24,always_verify,921,1071,150,929,0,0,0,0,0,2000,0,4605.0,1071.0,20.000000000000327,0.0,0.0,0.0,0.0,162.0,20.000000000000327,3513.9999999999995,3351.9999999999995,1.6759999999999997,0.4605,5395.0
cheap_verification,24,naive_trust,921,2000,1079,0,0,0,0,0,0,0,0,4605.0,2000.0,0.0,0.0,0.0,0.0,0.0,162.0,0.0,2605.0,2443.0,1.2215,0.4605,5395.0
cheap_verification,24,reputation_only,428,523,95,286,1191,493,0,0,0,673,0,2140.0,523.0,6.729999999999901,0.0,0.0,0.0,0.0,54.0,6.729999999999901,1610.2700000000002,1556.2700000000002,0.7781350000000001,0.214,7860.0
cheap_verification,24,repair,496,579,83,299,1122,451,0,26,148,687,0,2480.0,579.0,6.869999999999898,43.89999999999964,44.399999999999935,36.0,0.0,54.0,131.16999999999948,1769.8300000000006,1715.8300000000006,0.8579150000000003,0.248,7520.0
cheap_verification,24,repair_no_exclusion,995,1180,185,820,0,0,0,74,259,1637,0,4975.0,1180.0,16.36999999999976,99.99999999999646,77.69999999999962,99.0,0.0,174.0,293.06999999999584,3501.930000000004,3327.930000000004,1.663965000000002,0.4975,5025.0
cheap_verification,24,verify_and_retry,995,1071,76,929,0,0,0,74,150,2000,0,4975.0,1071.0,20.000000000000327,0.0,44.99999999999993,99.0,0.0,174.0,164.00000000000026,3739.9999999999995,3565.9999999999995,1.7829999999999997,0.4975,5025.0
cheap_verification,24,scope_only,895,1941,1046,0,0,0,59,0,0,0,0,4475.0,1941.0,0.0,0.0,0.0,0.0,199.99999999999292,6.0,199.99999999999292,2334.0000000000073,2328.0000000000073,1.1640000000000037,0.4475,5525.0
cheap_verification,24,repair_no_appeal,481,561,80,286,1153,464,0,24,104,671,0,2405.0,561.0,6.709999999999901,42.34999999999973,31.200000000000053,35.0,0.0,54.0,115.25999999999968,1728.7400000000002,1674.7400000000002,0.8373700000000002,0.2405,7595.0
cheap_verification,24,repair_with_scope,505,584,79,295,1099,439,22,33,151,686,0,2525.0,584.0,6.859999999999898,43.94999999999964,45.299999999999926,44.0,90.09999999999916,0.0,230.20999999999862,1710.7900000000013,1710.7900000000013,0.8553950000000007,0.2525,7475.0
cheap_verification,25,always_verify,936,1094,158,906,0,0,0,0,0,2000,0,4680.0,1094.0,20.000000000000327,0.0,0.0,0.0,0.0,162.0,20.000000000000327,3565.9999999999995,3403.9999999999995,1.7019999999999997,0.468,5320.0
cheap_verification,25,naive_trust,936,2000,1064,0,0,0,0,0,0,0,0,4680.0,2000.0,0.0,0.0,0.0,0.0,0.0,162.0,0.0,2680.0,2518.0,1.259,0.468,5320.0
cheap_verification,25,reputation_only,448,539,91,285,1176,488,0,0,0,668,0,2240.0,539.0,6.679999999999902,0.0,0.0,0.0,0.0,54.0,6.679999999999902,1694.3200000000002,1640.3200000000002,0.8201600000000001,0.224,7760.0
cheap_verification,25,repair,524,613,89,283,1104,436,0,24,157,695,0,2620.0,613.0,6.949999999999896,44.79999999999959,47.09999999999991,36.0,0.0,66.0,134.8499999999994,1872.1500000000005,1806.1500000000005,0.9030750000000003,0.262,7380.0
cheap_verification,25,repair_no_exclusion,1006,1199,193,801,0,0,0,70,263,1631,0,5030.0,1199.0,16.30999999999975,99.99999999999646,78.89999999999961,100.0,0.0,180.0,295.20999999999583,3535.790000000004,3355.790000000004,1.6778950000000021,0.503,4970.0
cheap_verification,25,verify_and_retry,1006,1094,88,906,0,0,0,70,158,2000,0,5030.0,1094.0,20.000000000000327,0.0,47.399999999999906,100.0,0.0,180.0,167.40000000000023,3768.6,3588.6,1.7943,0.503,4970.0
cheap_verification,25,scope_only,909,1939,1030,0,0,0,61,0,0,0,0,4545.0,1939.0,0.0,0.0,0.0,0.0,199.99999999999292,0.0,199.99999999999292,2406.0000000000073,2406.0000000000073,1.2030000000000036,0.4545,5455.0
cheap_verification,25,repair_no_appeal,492,567,75,288,1145,468,0,24,99,675,0,2460.0,567.0,6.7499999999999005,42.74999999999971,29.70000000000005,35.0,0.0,66.0,114.19999999999966,1778.8000000000004,1712.8000000000004,0.8564000000000002,0.246,7540.0
cheap_verification,25,repair_with_scope,517,606,89,279,1093,433,22,24,157,684,0,2585.0,606.0,6.839999999999899,44.24999999999962,47.09999999999991,37.0,90.69999999999912,0.0,225.88999999999857,1753.1100000000015,1753.1100000000015,0.8765550000000008,0.2585,7415.0
cheap_verification,26,always_verify,1003,1160,157,840,0,0,0,0,0,2000,0,5015.0,1160.0,20.000000000000327,0.0,0.0,0.0,0.0,204.0,20.000000000000327,3834.9999999999995,3630.9999999999995,1.8154999999999997,0.5015,4985.0
cheap_verification,26,naive_trust,1003,2000,997,0,0,0,0,0,0,0,0,5015.0,2000.0,0.0,0.0,0.0,0.0,0.0,204.0,0.0,3015.0,2811.0,1.4055,0.5015,4985.0
cheap_verification,26,reputation_only,469,571,102,270,1159,534,0,0,0,700,0,2345.0,571.0,6.999999999999895,0.0,0.0,0.0,0.0,102.0,6.999999999999895,1767.0,1665.0,0.8325,0.2345,7655.0
cheap_verification,26,repair,555,645,90,279,1076,489,0,41,171,732,0,2775.0,645.0,7.319999999999888,46.19999999999951,51.29999999999987,46.0,0.0,96.0,150.81999999999928,1979.1800000000007,1883.1800000000007,0.9415900000000004,0.2775,7225.0
cheap_verification,26,repair_no_exclusion,1083,1273,190,727,0,0,0,80,270,1621,0,5415.0,1273.0,16.209999999999734,99.99999999999646,80.99999999999959,100.0,0.0,204.0,297.2099999999958,3844.790000000004,3640.790000000004,1.820395000000002,0.5415,4585.0
cheap_verification,26,verify_and_retry,1083,1160,77,840,0,0,0,80,157,2000,0,5415.0,1160.0,20.000000000000327,0.0,47.09999999999991,100.0,0.0,204.0,167.10000000000025,4087.8999999999996,3883.8999999999996,1.9419499999999998,0.5415,4585.0
cheap_verification,26,scope_only,972,1941,969,0,0,0,59,0,0,0,0,4860.0,1941.0,0.0,0.0,0.0,0.0,199.99999999999292,18.0,199.99999999999292,2719.0000000000073,2701.0000000000073,1.3505000000000036,0.486,5140.0
cheap_verification,26,repair_no_appeal,549,636,87,264,1100,496,0,42,129,718,0,2745.0,636.0,7.179999999999891,44.99999999999958,38.69999999999999,48.0,0.0,102.0,138.87999999999946,1970.1200000000006,1868.1200000000006,0.9340600000000003,0.2745,7255.0
cheap_verification,26,repair_with_scope,537,626,89,279,1072,492,23,41,170,723,0,2685.0,626.0,7.22999999999989,45.24999999999957,50.99999999999987,46.0,92.799999999999,6.0,242.27999999999832,1816.7200000000016,1810.7200000000016,0.9053600000000008,0.2685,7315.0
cheap_verification,27,always_verify,949,1111,162,889,0,0,0,0,0,2000,0,4745.0,1111.0,20.000000000000327,0.0,0.0,0.0,0.0,198.0,20.000000000000327,3613.9999999999995,3415.9999999999995,1.7079999999999997,0.4745,5255.0
cheap_verification,27,naive_trust,949,2000,1051,0,0,0,0,0,0,0,0,4745.0,2000.0,0.0,0.0,0.0,0.0,0.0,198.0,0.0,2745.0,2547.0,1.2735,0.4745,5255.0
cheap_verification,27,reputation_only,417,521,104,281,1198,532,0,0,0,686,0,2085.0,521.0,6.859999999999898,0.0,0.0,0.0,0.0,60.0,6.859999999999898,1557.14,1497.14,0.7485700000000001,0.2085,7915.0
cheap_verification,27,repair,513,600,87,295,1105,474,0,38,174,707,0,2565.0,600.0,7.069999999999894,44.749999999999595,52.19999999999986,47.0,0.0,84.0,151.01999999999936,1813.9800000000007,1729.9800000000007,0.8649900000000004,0.2565,7435.0
cheap_verification,27,repair_no_exclusion,1035,1219,184,781,0,0,0,86,270,1612,0,5175.0,1219.0,16.11999999999972,99.99999999999646,80.99999999999959,105.0,0.0,204.0,302.1199999999958,3653.880000000004,3449.880000000004,1.7249400000000021,0.5175,4825.0
cheap_verification,27,verify_and_retry,1035,1111,76,889,0,0,0,86,162,2000,0,5175.0,1111.0,20.000000000000327,0.0,48.599999999999895,105.0,0.0,204.0,173.60000000000022,3890.3999999999996,3686.3999999999996,1.8431999999999997,0.5175,4825.0
cheap_verification,27,scope_only,918,1941,1023,0,0,0,59,0,0,0,0,4590.0,1941.0,0.0,0.0,0.0,0.0,199.99999999999292,12.0,199.99999999999292,2449.0000000000073,2437.0000000000073,1.2185000000000037,0.459,5410.0
cheap_verification,27,repair_no_appeal,490,569,79,286,1145,493,0,34,113,690,0,2450.0,569.0,6.899999999999897,42.74999999999971,33.900000000000034,43.0,0.0,72.0,126.54999999999964,1754.4500000000003,1682.4500000000003,0.8412250000000001,0.245,7550.0
cheap_verification,27,repair_with_scope,505,587,82,296,1095,470,22,36,167,695,0,2525.0,587.0,6.949999999999896,44.14999999999963,50.09999999999988,44.0,90.49999999999913,12.0,235.69999999999854,1702.3000000000015,1690.3000000000015,0.8451500000000007,0.2525,7475.0
cheap_verification,28,always_verify,722,890,168,1110,0,0,0,0,0,2000,0,3610.0,890.0,20.000000000000327,0.0,0.0,0.0,0.0,126.0,20.000000000000327,2699.9999999999995,2573.9999999999995,1.2869999999999997,0.361,6390.0
cheap_verification,28,naive_trust,722,2000,1278,0,0,0,0,0,0,0,0,3610.0,2000.0,0.0,0.0,0.0,0.0,0.0,126.0,0.0,1610.0,1484.0,0.742,0.361,6390.0
cheap_verification,28,reputation_only,302,385,83,335,1280,420,0,0,0,640,0,1510.0,385.0,6.399999999999908,0.0,0.0,0.0,0.0,60.0,6.399999999999908,1118.6000000000001,1058.6000000000001,0.5293000000000001,0.151,8490.0
cheap_verification,28,repair,371,433,62,357,1210,388,0,37,144,674,0,1855.0,433.0,6.739999999999901,39.49999999999989,43.199999999999946,45.0,0.0,78.0,134.43999999999974,1287.5600000000002,1209.5600000000002,0.6047800000000001,0.1855,8145.0
cheap_verification,28,repair_no_exclusion,803,969,166,1031,0,0,0,81,247,1740,0,4015.0,969.0,17.39999999999992,99.99999999999646,74.09999999999965,96.0,0.0,162.0,287.499999999996,2758.500000000004,2596.500000000004,1.2982500000000021,0.4015,5985.0
cheap_verification,28,verify_and_retry,803,890,87,1110,0,0,0,81,168,2000,0,4015.0,890.0,20.000000000000327,0.0,50.39999999999988,96.0,0.0,162.0,166.4000000000002,2958.6,2796.6,1.3982999999999999,0.4015,5985.0
cheap_verification,28,scope_only,702,1934,1232,0,0,0,66,0,0,0,0,3510.0,1934.0,0.0,0.0,0.0,0.0,199.99999999999292,6.0,199.99999999999292,1376.000000000007,1370.000000000007,0.6850000000000035,0.351,6490.0
cheap_verification,28,repair_no_appeal,353,407,54,349,1244,407,0,38,92,658,0,1765.0,407.0,6.579999999999904,37.79999999999999,27.600000000000044,46.0,0.0,78.0,117.97999999999993,1240.02,1162.02,0.58101,0.1765,8235.0
cheap_verification,28,repair_with_scope,377,446,69,340,1189,371,25,36,150,667,0,1885.0,446.0,6.669999999999902,39.299999999999905,44.99999999999993,44.0,81.09999999999967,6.0,216.0699999999994,1222.9300000000005,1216.9300000000005,0.6084650000000003,0.1885,8115.0
cheap_verification,29,always_verify,1068,1220,152,780,0,0,0,0,0,2000,0,5340.0,1220.0,20.000000000000327,0.0,0.0,0.0,0.0,180.0,20.000000000000327,4100.0,3920.0,1.96,0.534,4660.0
cheap_verification,29,naive_trust,1068,2000,932,0,0,0,0,0,0,0,0,5340.0,2000.0,0.0,0.0,0.0,0.0,0.0,180.0,0.0,3340.0,3160.0,1.58,0.534,4660.0
cheap_verification,29,reputation_only,508,617,109,255,1128,560,0,0,0,727,0,2540.0,617.0,7.269999999999889,0.0,0.0,0.0,0.0,90.0,7.269999999999889,1915.73,1825.73,0.912865,0.254,7460.0
cheap_verification,29,repair,613,713,100,255,1032,493,0,38,174,730,0,3065.0,713.0,7.299999999999889,48.39999999999939,52.19999999999986,49.0,0.0,102.0,156.89999999999912,2195.100000000001,2093.100000000001,1.0465500000000003,0.3065,6935.0
cheap_verification,29,repair_no_exclusion,1145,1339,194,661,0,0,0,77,271,1593,0,5725.0,1339.0,15.929999999999705,99.99999999999646,81.29999999999959,96.0,0.0,192.0,293.22999999999575,4092.770000000004,3900.770000000004,1.950385000000002,0.5725,4275.0
cheap_verification,29,verify_and_retry,1145,1220,75,780,0,0,0,77,152,2000,0,5725.0,1220.0,20.000000000000327,0.0,45.59999999999992,96.0,0.0,192.0,161.60000000000025,4343.4,4151.4,2.0757,0.5725,4275.0
cheap_verification,29,scope_only,1040,1950,910,0,0,0,50,0,0,0,0,5200.0,1950.0,0.0,0.0,0.0,0.0,199.99999999999292,12.0,199.99999999999292,3050.0000000000073,3038.0000000000073,1.5190000000000037,0.52,4800.0
cheap_verification,29,repair_no_appeal,587,677,90,253,1070,516,0,35,125,719,0,2935.0,677.0,7.189999999999891,46.499999999999496,37.5,45.0,0.0,90.0,136.18999999999937,2121.8100000000004,2031.8100000000004,1.0159050000000003,0.2935,7065.0
cheap_verification,29,repair_with_scope,604,701,97,254,1019,486,26,37,170,717,0,3020.0,701.0,7.169999999999892,47.749999999999424,50.99999999999987,47.0,98.0999999999987,6.0,251.01999999999788,2067.9800000000023,2061.9800000000023,1.0309900000000012,0.302,6980.0
cheap_verification,30,always_verify,979,1122,143,878,0,0,0,0,0,2000,0,4895.0,1122.0,20.000000000000327,0.0,0.0,0.0,0.0,120.0,20.000000000000327,3752.9999999999995,3632.9999999999995,1.8164999999999998,0.4895,5105.0
cheap_verification,30,naive_trust,979,2000,1021,0,0,0,0,0,0,0,0,4895.0,2000.0,0.0,0.0,0.0,0.0,0.0,120.0,0.0,2895.0,2775.0,1.3875,0.4895,5105.0
cheap_verification,30,reputation_only,452,552,100,279,1169,527,0,0,0,698,0,2260.0,552.0,6.979999999999896,0.0,0.0,0.0,0.0,54.0,6.979999999999896,1701.0200000000002,1647.0200000000002,0.8235100000000001,0.226,7740.0
cheap_verification,30,repair,516,604,88,292,1104,489,0,26,149,721,0,2580.0,604.0,7.209999999999891,44.79999999999959,44.69999999999993,36.0,0.0,42.0,132.7099999999994,1843.2900000000006,1801.2900000000006,0.9006450000000004,0.258,7420.0
cheap_verification,30,repair_no_exclusion,1053,1236,183,764,0,0,0,74,257,1638,0,5265.0,1236.0,16.37999999999976,99.99999999999646,77.09999999999962,95.0,0.0,132.0,288.47999999999587,3740.520000000004,3608.520000000004,1.804260000000002,0.5265,4735.0
cheap_verification,30,verify_and_retry,1053,1122,69,878,0,0,0,74,143,2000,0,5265.0,1122.0,20.000000000000327,0.0,42.89999999999995,95.0,0.0,132.0,157.90000000000026,3985.1,3853.1,1.92655,0.5265,4735.0
cheap_verification,30,scope_only,959,1952,993,0,0,0,48,0,0,0,0,4795.0,1952.0,0.0,0.0,0.0,0.0,199.99999999999292,0.0,199.99999999999292,2643.0000000000073,2643.0000000000073,1.3215000000000037,0.4795,5205.0
cheap_verification,30,repair_no_appeal,488,574,86,284,1142,516,0,25,111,708,0,2440.0,574.0,7.0799999999998935,42.8999999999997,33.30000000000004,36.0,0.0,54.0,119.27999999999963,1746.7200000000003,1692.7200000000003,0.8463600000000001,0.244,7560.0
cheap_verification,30,repair_with_scope,516,602,86,289,1093,482,16,26,147,718,0,2580.0,602.0,7.179999999999891,44.549999999999606,44.09999999999994,36.0,90.69999999999912,0.0,222.52999999999855,1755.4700000000014,1755.4700000000014,0.8777350000000007,0.258,7420.0
cheap_verification,31,always_verify,812,977,165,1023,0,0,0,0,0,2000,0,4060.0,977.0,20.000000000000327,0.0,0.0,0.0,0.0,132.0,20.000000000000327,3062.9999999999995,2930.9999999999995,1.4654999999999998,0.406,5940.0
cheap_verification,31,naive_trust,812,2000,1188,0,0,0,0,0,0,0,0,4060.0,2000.0,0.0,0.0,0.0,0.0,0.0,132.0,0.0,2060.0,1928.0,0.964,0.406,5940.0
cheap_verification,31,reputation_only,389,488,99,290,1222,423,0,0,0,655,0,1945.0,488.0,6.549999999999905,0.0,0.0,0.0,0.0,78.0,6.549999999999905,1450.45,1372.45,0.686225,0.1945,8055.0
cheap_verification,31,repair,464,556,92,300,1144,378,0,30,167,682,0,2320.0,556.0,6.819999999999899,42.799999999999706,50.09999999999988,40.0,0.0,90.0,139.7199999999995,1624.2800000000004,1534.2800000000004,0.7671400000000003,0.232,7680.0
cheap_verification,31,repair_no_exclusion,884,1078,194,922,0,0,0,72,266,1686,0,4420.0,1078.0,16.859999999999836,99.99999999999646,79.7999999999996,95.0,0.0,150.0,291.6599999999959,3050.3400000000042,2900.3400000000042,1.4501700000000022,0.442,5580.0
cheap_verification,31,verify_and_retry,884,977,93,1023,0,0,0,72,165,2000,0,4420.0,977.0,20.000000000000327,0.0,49.499999999999886,95.0,0.0,150.0,164.50000000000023,3278.5,3128.5,1.56425,0.442,5580.0
cheap_verification,31,scope_only,792,1954,1162,0,0,0,46,0,0,0,0,3960.0,1954.0,0.0,0.0,0.0,0.0,199.99999999999292,12.0,199.99999999999292,1806.000000000007,1794.000000000007,0.8970000000000036,0.396,6040.0
cheap_verification,31,repair_no_appeal,441,524,83,295,1181,400,0,29,112,669,0,2205.0,524.0,6.689999999999902,40.94999999999981,33.60000000000004,40.0,0.0,84.0,121.23999999999975,1559.7600000000002,1475.7600000000002,0.7378800000000001,0.2205,7795.0
cheap_verification,31,repair_with_scope,451,542,91,300,1139,378,19,27,163,672,0,2255.0,542.0,6.719999999999901,42.099999999999746,48.89999999999989,36.0,86.09999999999938,6.0,219.8199999999989,1493.1800000000012,1487.1800000000012,0.7435900000000006,0.2255,7745.0
cheap_verification,32,always_verify,712,861,149,1139,0,0,0,0,0,2000,0,3560.0,861.0,20.000000000000327,0.0,0.0,0.0,0.0,162.0,20.000000000000327,2678.9999999999995,2516.9999999999995,1.2584999999999997,0.356,6440.0
cheap_verification,32,naive_trust,712,2000,1288,0,0,0,0,0,0,0,0,3560.0,2000.0,0.0,0.0,0.0,0.0,0.0,162.0,0.0,1560.0,1398.0,0.699,0.356,6440.0
cheap_verification,32,reputation_only,323,402,79,332,1266,389,0,0,0,636,0,1615.0,402.0,6.359999999999909,0.0,0.0,0.0,0.0,60.0,6.359999999999909,1206.64,1146.64,0.57332,0.1615,8385.0
cheap_verification,32,repair,382,441,59,355,1204,362,0,32,133,662,0,1910.0,441.0,6.619999999999903,39.799999999999876,39.89999999999998,36.0,0.0,72.0,122.31999999999975,1346.6800000000003,1274.6800000000003,0.6373400000000001,0.191,8090.0
cheap_verification,32,repair_no_exclusion,785,951,166,1049,0,0,0,73,239,1724,0,3925.0,951.0,17.239999999999895,99.99999999999646,71.69999999999968,93.0,0.0,192.0,281.939999999996,2692.060000000004,2500.060000000004,1.250030000000002,0.3925,6075.0
cheap_verification,32,verify_and_retry,785,861,76,1139,0,0,0,73,149,2000,0,3925.0,861.0,20.000000000000327,0.0,44.69999999999993,93.0,0.0,192.0,157.70000000000027,2906.2999999999997,2714.2999999999997,1.3571499999999999,0.3925,6075.0
cheap_verification,32,scope_only,688,1940,1252,0,0,0,60,0,0,0,0,3440.0,1940.0,0.0,0.0,0.0,0.0,199.99999999999292,18.0,199.99999999999292,1300.000000000007,1282.000000000007,0.6410000000000036,0.344,6560.0
cheap_verification,32,repair_no_appeal,369,422,53,346,1232,371,0,28,81,648,0,1845.0,422.0,6.479999999999906,38.399999999999956,24.300000000000036,32.0,0.0,60.0,101.1799999999999,1321.8200000000002,1261.8200000000002,0.6309100000000001,0.1845,8155.0
cheap_verification,32,repair_with_scope,375,434,59,352,1191,357,23,30,131,655,0,1875.0,434.0,6.549999999999905,39.299999999999905,39.29999999999998,36.0,80.89999999999968,0.0,202.04999999999947,1238.9500000000005,1238.9500000000005,0.6194750000000002,0.1875,8125.0
cheap_verification,33,always_verify,1042,1193,151,807,0,0,0,0,0,2000,0,5210.0,1193.0,20.000000000000327,0.0,0.0,0.0,0.0,234.0,20.000000000000327,3996.9999999999995,3762.9999999999995,1.8814999999999997,0.521,4790.0
cheap_verification,33,naive_trust,1042,2000,958,0,0,0,0,0,0,0,0,5210.0,2000.0,0.0,0.0,0.0,0.0,0.0,234.0,0.0,3210.0,2976.0,1.488,0.521,4790.0
cheap_verification,33,reputation_only,479,600,121,251,1149,563,0,0,0,700,0,2395.0,600.0,6.999999999999895,0.0,0.0,0.0,0.0,102.0,6.999999999999895,1788.0,1686.0,0.843,0.2395,7605.0
cheap_verification,33,repair,576,683,107,257,1060,504,0,38,186,723,0,2880.0,683.0,7.22999999999989,46.99999999999947,55.79999999999983,52.0,0.0,126.0,162.02999999999918,2034.9700000000007,1908.9700000000007,0.9544850000000004,0.288,7120.0
cheap_verification,33,repair_no_exclusion,1111,1312,201,688,0,0,0,69,270,1583,0,5555.0,1312.0,15.829999999999707,99.99999999999646,80.99999999999959,91.0,0.0,246.0,287.8299999999958,3955.170000000004,3709.170000000004,1.8545850000000021,0.5555,4445.0
cheap_verification,33,verify_and_retry,1111,1193,82,807,0,0,0,69,151,2000,0,5555.0,1193.0,20.000000000000327,0.0,45.299999999999926,91.0,0.0,246.0,156.30000000000024,4205.7,3959.7,1.9798499999999999,0.5555,4445.0
cheap_verification,33,scope_only,1006,1933,927,0,0,0,67,0,0,0,0,5030.0,1933.0,0.0,0.0,0.0,0.0,199.99999999999292,18.0,199.99999999999292,2897.0000000000073,2879.0000000000073,1.4395000000000036,0.503,4970.0
cheap_verification,33,repair_no_appeal,541,639,98,257,1104,538,0,37,135,711,0,2705.0,639.0,7.109999999999893,44.79999999999959,40.49999999999997,49.0,0.0,120.0,141.40999999999946,1924.5900000000006,1804.5900000000006,0.9022950000000003,0.2705,7295.0
cheap_verification,33,repair_with_scope,568,671,103,255,1038,491,36,35,179,710,0,2840.0,671.0,7.099999999999893,46.29999999999951,53.69999999999985,48.0,96.19999999999881,18.0,251.29999999999805,1917.7000000000019,1899.7000000000019,0.949850000000001,0.284,7160.0
cheap_verification,34,always_verify,1073,1210,137,790,0,0,0,0,0,2000,0,5365.0,1210.0,20.000000000000327,0.0,0.0,0.0,0.0,168.0,20.000000000000327,4135.0,3967.0,1.9835,0.5365,4635.0
cheap_verification,34,naive_trust,1073,2000,927,0,0,0,0,0,0,0,0,5365.0,2000.0,0.0,0.0,0.0,0.0,0.0,168.0,0.0,3365.0,3197.0,1.5985,0.5365,4635.0
cheap_verification,34,reputation_only,491,596,105,268,1136,582,0,0,0,703,0,2455.0,596.0,7.0299999999998946,0.0,0.0,0.0,0.0,72.0,7.0299999999998946,1851.97,1779.97,0.889985,0.2455,7545.0
cheap_verification,34,repair,575,662,87,274,1064,531,0,33,157,723,0,2875.0,662.0,7.22999999999989,46.79999999999948,47.09999999999991,44.0,0.0,102.0,145.12999999999928,2067.870000000001,1965.8700000000008,0.9829350000000004,0.2875,7125.0
cheap_verification,34,repair_no_exclusion,1148,1335,187,665,0,0,0,75,262,1600,0,5740.0,1335.0,15.999999999999703,99.99999999999646,78.59999999999961,98.0,0.0,192.0,292.59999999999576,4112.400000000004,3920.400000000004,1.9602000000000022,0.574,4260.0
cheap_verification,34,verify_and_retry,1148,1210,62,790,0,0,0,75,137,2000,0,5740.0,1210.0,20.000000000000327,0.0,41.099999999999966,98.0,0.0,192.0,159.1000000000003,4370.9,4178.9,2.08945,0.574,4260.0
cheap_verification,34,scope_only,1047,1943,896,0,0,0,57,0,0,0,0,5235.0,1943.0,0.0,0.0,0.0,0.0,199.99999999999292,12.0,199.99999999999292,3092.0000000000073,3080.0000000000073,1.5400000000000036,0.5235,4765.0
cheap_verification,34,repair_no_appeal,552,635,83,272,1093,550,0,29,112,716,0,2760.0,635.0,7.159999999999892,45.34999999999956,33.60000000000004,40.0,0.0,90.0,126.10999999999949,1998.8900000000006,1908.8900000000006,0.9544450000000003,0.276,7240.0
cheap_verification,34,repair_with_scope,562,649,87,271,1057,531,23,32,156,716,0,2810.0,649.0,7.159999999999892,45.999999999999524,46.79999999999991,43.0,94.29999999999892,6.0,237.25999999999826,1923.7400000000018,1917.7400000000018,0.9588700000000009,0.281,7190.0
cheap_verification,35,always_verify,901,1050,149,950,0,0,0,0,0,2000,0,4505.0,1050.0,20.000000000000327,0.0,0.0,0.0,0.0,150.0,20.000000000000327,3434.9999999999995,3284.9999999999995,1.6424999999999998,0.4505,5495.0
cheap_verification,35,naive_trust,901,2000,1099,0,0,0,0,0,0,0,0,4505.0,2000.0,0.0,0.0,0.0,0.0,0.0,150.0,0.0,2505.0,2355.0,1.1775,0.4505,5495.0
cheap_verification,35,reputation_only,393,492,99,296,1212,508,0,0,0,671,0,1965.0,492.0,6.709999999999901,0.0,0.0,0.0,0.0,90.0,6.709999999999901,1466.2900000000002,1376.2900000000002,0.6881450000000001,0.1965,8035.0
cheap_verification,35,repair,455,534,79,316,1150,468,0,22,141,691,0,2275.0,534.0,6.909999999999897,42.49999999999972,42.299999999999955,31.0,0.0,90.0,122.70999999999958,1618.2900000000004,1528.2900000000004,0.7641450000000002,0.2275,7725.0
cheap_verification,35,repair_no_exclusion,971,1161,190,839,0,0,0,70,260,1671,0,4855.0,1161.0,16.709999999999813,99.99999999999646,77.99999999999962,92.0,0.0,162.0,286.7099999999959,3407.290000000004,3245.290000000004,1.6226450000000021,0.4855,5145.0
cheap_verification,35,verify_and_retry,971,1050,79,950,0,0,0,70,149,2000,0,4855.0,1050.0,20.000000000000327,0.0,44.69999999999993,92.0,0.0,162.0,156.70000000000027,3648.2999999999997,3486.2999999999997,1.7431499999999998,0.4855,5145.0
cheap_verification,35,scope_only,878,1954,1076,0,0,0,46,0,0,0,0,4390.0,1954.0,0.0,0.0,0.0,0.0,199.99999999999292,12.0,199.99999999999292,2236.0000000000073,2224.0000000000073,1.1120000000000037,0.439,5610.0
cheap_verification,35,repair_no_appeal,432,515,83,301,1184,491,0,22,105,670,0,2160.0,515.0,6.699999999999902,40.79999999999982,31.500000000000053,31.0,0.0,96.0,109.99999999999977,1535.0000000000002,1439.0000000000002,0.7195000000000001,0.216,7840.0
cheap_verification,35,repair_with_scope,442,517,75,317,1142,466,24,20,135,686,0,2210.0,517.0,6.859999999999898,41.69999999999977,40.49999999999997,28.0,85.7999999999994,6.0,202.85999999999905,1490.140000000001,1484.140000000001,0.7420700000000005,0.221,7790.0
cheap_verification,36,always_verify,1008,1150,142,850,0,0,0,0,0,2000,0,5040.0,1150.0,20.000000000000327,0.0,0.0,0.0,0.0,198.0,20.000000000000327,3869.9999999999995,3671.9999999999995,1.8359999999999999,0.504,4960.0
cheap_verification,36,naive_trust,1008,2000,992,0,0,0,0,0,0,0,0,5040.0,2000.0,0.0,0.0,0.0,0.0,0.0,198.0,0.0,3040.0,2842.0,1.421,0.504,4960.0
cheap_verification,36,reputation_only,429,524,95,289,1187,579,0,0,0,686,0,2145.0,524.0,6.859999999999898,0.0,0.0,0.0,0.0,84.0,6.859999999999898,1614.14,1530.14,0.76507,0.2145,7855.0
cheap_verification,36,repair,514,595,81,297,1108,533,0,39,154,714,0,2570.0,595.0,7.139999999999892,44.5999999999996,46.19999999999992,44.0,0.0,102.0,141.9399999999994,1833.0600000000006,1731.0600000000006,0.8655300000000004,0.257,7430.0
cheap_verification,36,repair_no_exclusion,1095,1277,182,723,0,0,0,87,269,1616,0,5475.0,1277.0,16.159999999999727,99.99999999999646,80.69999999999959,108.0,0.0,234.0,304.8599999999958,3893.140000000004,3659.140000000004,1.829570000000002,0.5475,4525.0
cheap_verification,36,verify_and_retry,1095,1150,55,850,0,0,0,87,142,2000,0,5475.0,1150.0,20.000000000000327,0.0,42.59999999999995,108.0,0.0,234.0,170.60000000000028,4154.4,3920.3999999999996,1.9601999999999997,0.5475,4525.0
cheap_verification,36,scope_only,975,1932,957,0,0,0,68,0,0,0,0,4875.0,1932.0,0.0,0.0,0.0,0.0,199.99999999999292,0.0,199.99999999999292,2743.0000000000073,2743.0000000000073,1.3715000000000037,0.4875,5125.0
cheap_verification,36,repair_no_appeal,500,576,76,291,1133,547,0,39,115,700,0,2500.0,576.0,6.999999999999895,43.349999999999675,34.50000000000003,44.0,0.0,102.0,128.8499999999996,1795.1500000000003,1693.1500000000003,0.8465750000000002,0.25,7500.0
cheap_verification,36,repair_with_scope,508,585,77,295,1090,524,30,38,149,698,0,2540.0,585.0,6.979999999999896,43.99999999999964,44.69999999999993,42.0,90.9999999999991,0.0,228.67999999999856,1726.3200000000015,1726.3200000000015,0.8631600000000008,0.254,7460.0
cheap_verification,37,always_verify,1002,1157,155,843,0,0,0,0,0,2000,0,5010.0,1157.0,20.000000000000327,0.0,0.0,0.0,0.0,156.0,20.000000000000327,3832.9999999999995,3676.9999999999995,1.8384999999999998,0.501,4990.0
cheap_verification,37,naive_trust,1002,2000,998,0,0,0,0,0,0,0,0,5010.0,2000.0,0.0,0.0,0.0,0.0,0.0,156.0,0.0,3010.0,2854.0,1.427,0.501,4990.0
cheap_verification,37,reputation_only,489,588,99,269,1143,513,0,0,0,695,0,2445.0,588.0,6.949999999999896,0.0,0.0,0.0,0.0,84.0,6.949999999999896,1850.0500000000002,1766.0500000000002,0.8830250000000001,0.2445,7555.0
cheap_verification,37,repair,552,640,88,281,1079,481,0,31,156,705,0,2760.0,640.0,7.049999999999894,46.04999999999952,46.79999999999991,42.0,0.0,90.0,141.89999999999932,1978.1000000000006,1888.1000000000006,0.9440500000000003,0.276,7240.0
cheap_verification,37,repair_no_exclusion,1077,1271,194,729,0,0,0,75,269,1587,0,5385.0,1271.0,15.869999999999706,99.99999999999646,80.69999999999959,99.0,0.0,168.0,295.56999999999573,3818.4300000000044,3650.4300000000044,1.8252150000000023,0.5385,4615.0
cheap_verification,37,verify_and_retry,1077,1157,80,843,0,0,0,75,155,2000,0,5385.0,1157.0,20.000000000000327,0.0,46.499999999999915,99.0,0.0,168.0,165.50000000000023,4062.5,3894.5,1.94725,0.5385,4615.0
cheap_verification,37,scope_only,978,1956,978,0,0,0,44,0,0,0,0,4890.0,1956.0,0.0,0.0,0.0,0.0,199.99999999999292,12.0,199.99999999999292,2734.0000000000073,2722.0000000000073,1.3610000000000035,0.489,5110.0
cheap_verification,37,repair_no_appeal,525,605,80,278,1117,502,0,25,105,701,0,2625.0,605.0,7.009999999999895,44.14999999999963,31.500000000000053,35.0,0.0,90.0,117.65999999999957,1902.3400000000004,1812.3400000000004,0.9061700000000001,0.2625,7375.0
cheap_verification,37,repair_with_scope,540,628,88,278,1071,480,23,31,156,693,0,2700.0,628.0,6.929999999999897,45.299999999999564,46.79999999999991,40.0,92.899999999999,6.0,231.92999999999836,1840.0700000000015,1834.0700000000015,0.9170350000000007,0.27,7300.0
cheap_verification,38,always_verify,977,1148,171,852,0,0,0,0,0,2000,0,4885.0,1148.0,20.000000000000327,0.0,0.0,0.0,0.0,144.0,20.000000000000327,3716.9999999999995,3572.9999999999995,1.7864999999999998,0.4885,5115.0
cheap_verification,38,naive_trust,977,2000,1023,0,0,0,0,0,0,0,0,4885.0,2000.0,0.0,0.0,0.0,0.0,0.0,144.0,0.0,2885.0,2741.0,1.3705,0.4885,5115.0
cheap_verification,38,reputation_only,439,546,107,278,1176,538,0,0,0,690,0,2195.0,546.0,6.899999999999897,0.0,0.0,0.0,0.0,48.0,6.899999999999897,1642.1000000000001,1594.1000000000001,0.79705,0.2195,7805.0
cheap_verification,38,repair,513,601,88,293,1106,509,0,45,170,709,0,2565.0,601.0,7.089999999999893,44.6999999999996,50.99999999999987,51.0,0.0,60.0,153.78999999999937,1810.2100000000007,1750.2100000000007,0.8751050000000004,0.2565,7435.0
cheap_verification,38,repair_no_exclusion,1075,1271,196,729,0,0,0,98,294,1626,0,5375.0,1271.0,16.259999999999742,99.99999999999646,88.19999999999952,116.0,0.0,156.0,320.4599999999957,3783.5400000000045,3627.5400000000045,1.8137700000000023,0.5375,4625.0
cheap_verification,38,verify_and_retry,1075,1148,73,852,0,0,0,98,171,2000,0,5375.0,1148.0,20.000000000000327,0.0,51.29999999999987,116.0,0.0,156.0,187.30000000000018,4039.7,3883.7,1.9418499999999999,0.5375,4625.0
cheap_verification,38,scope_only,955,1950,995,0,0,0,50,0,0,0,0,4775.0,1950.0,0.0,0.0,0.0,0.0,199.99999999999292,12.0,199.99999999999292,2625.0000000000073,2613.0000000000073,1.3065000000000035,0.4775,5225.0
cheap_verification,38,repair_no_appeal,501,585,84,285,1130,521,0,45,129,695,0,2505.0,585.0,6.949999999999896,43.499999999999666,38.69999999999999,51.0,0.0,60.0,140.14999999999955,1779.8500000000004,1719.8500000000004,0.8599250000000002,0.2505,7495.0
cheap_verification,38,repair_with_scope,511,597,86,292,1094,505,17,45,168,708,0,2555.0,597.0,7.0799999999998935,44.44999999999961,50.39999999999988,51.0,90.59999999999913,12.0,243.52999999999852,1714.4700000000014,1702.4700000000014,0.8512350000000007,0.2555,7445.0
cheap_verification,39,always_verify,940,1080,140,920,0,0,0,0,0,2000,0,4700.0,1080.0,20.000000000000327,0.0,0.0,0.0,0.0,150.0,20.000000000000327,3599.9999999999995,3449.9999999999995,1.7249999999999999,0.47,5300.0
cheap_verification,39,naive_trust,940,2000,1060,0,0,0,0,0,0,0,0,4700.0,2000.0,0.0,0.0,0.0,0.0,0.0,150.0,0.0,2700.0,2550.0,1.275,0.47,5300.0
cheap_verification,39,reputation_only,399,492,93,295,1213,541,0,0,0,670,0,1995.0,492.0,6.699999999999902,0.0,0.0,0.0,0.0,54.0,6.699999999999902,1496.3000000000002,1442.3000000000002,0.7211500000000001,0.1995,8005.0
cheap_verification,39,repair,526,606,80,298,1096,455,0,41,171,686,0,2630.0,606.0,6.859999999999898,45.19999999999957,51.29999999999987,48.0,0.0,84.0,151.35999999999933,1872.6400000000008,1788.6400000000008,0.8943200000000003,0.263,7370.0
cheap_verification,39,repair_no_exclusion,1016,1199,183,801,0,0,0,76,259,1595,0,5080.0,1199.0,15.949999999999704,99.99999999999646,77.69999999999962,92.0,0.0,174.0,285.64999999999577,3595.350000000004,3421.350000000004,1.710675000000002,0.508,4920.0
cheap_verification,39,verify_and_retry,1016,1080,64,920,0,0,0,76,140,2000,0,5080.0,1080.0,20.000000000000327,0.0,41.99999999999996,92.0,0.0,174.0,154.00000000000028,3845.9999999999995,3671.9999999999995,1.8359999999999999,0.508,4920.0
cheap_verification,39,scope_only,915,1941,1026,0,0,0,59,0,0,0,0,4575.0,1941.0,0.0,0.0,0.0,0.0,199.99999999999292,0.0,199.99999999999292,2434.0000000000073,2434.0000000000073,1.2170000000000036,0.4575,5425.0
cheap_verification,39,repair_no_appeal,479,550,71,293,1157,500,0,39,110,670,0,2395.0,550.0,6.699999999999902,42.14999999999974,33.00000000000004,46.0,0.0,78.0,127.84999999999968,1717.1500000000003,1639.1500000000003,0.8195750000000002,0.2395,7605.0
cheap_verification,39,repair_with_scope,518,603,85,288,1083,448,26,38,173,681,0,2590.0,603.0,6.809999999999899,44.549999999999606,51.899999999999864,44.0,91.69999999999906,0.0,238.95999999999844,1748.0400000000016,1748.0400000000016,0.8740200000000008,0.259,7410.0
poor_evidence,0,always_verify,1665,1943,278,57,0,0,0,0,0,2000,0,8325.0,1943.0,1200.0000000000007,0.0,0.0,0.0,0.0,324.0,1200.0000000000007,5181.999999999999,4857.999999999999,2.4289999999999994,0.8325,1675.0
poor_evidence,0,naive_trust,1665,2000,335,0,0,0,0,0,0,0,0,8325.0,2000.0,0.0,0.0,0.0,0.0,0.0,324.0,0.0,6325.0,6001.0,3.0005,0.8325,1675.0
poor_evidence,0,reputation_only,1121,1299,178,17,684,544,0,0,0,665,0,5605.0,1299.0,399.0000000000037,0.0,0.0,0.0,0.0,228.0,399.0000000000037,3906.9999999999964,3678.9999999999964,1.8394999999999981,0.5605,4395.0
poor_evidence,0,repair,1153,1329,176,17,654,518,0,6,230,661,0,5765.0,1329.0,396.6000000000036,67.29999999999832,68.9999999999997,22.0,0.0,228.0,554.9000000000017,3881.0999999999985,3653.0999999999985,1.8265499999999992,0.5765,4235.0
poor_evidence,0,repair_no_exclusion,1672,1969,297,31,0,0,0,7,304,953,0,8360.0,1969.0,571.8000000000102,99.99999999999646,91.19999999999949,29.0,0.0,324.0,792.0000000000061,5598.999999999994,5274.999999999994,2.6374999999999966,0.836,1640.0
poor_evidence,0,verify_and_retry,1672,1943,271,57,0,0,0,7,278,2000,0,8360.0,1943.0,1200.0000000000007,0.0,83.39999999999957,29.0,0.0,324.0,1312.4000000000003,5104.599999999999,4780.599999999999,2.3903,0.836,1640.0
poor_evidence,0,scope_only,1653,1987,334,0,0,0,13,0,0,0,0,8265.0,1987.0,0.0,0.0,0.0,0.0,199.99999999999292,252.0,199.99999999999292,6078.000000000007,5826.000000000007,2.913000000000004,0.8265,1735.0
poor_evidence,0,repair_no_appeal,1130,1305,175,17,678,541,0,6,181,666,0,5650.0,1305.0,399.6000000000037,66.09999999999839,54.29999999999984,22.0,0.0,234.0,542.0000000000019,3802.999999999998,3568.999999999998,1.784499999999999,0.565,4350.0
poor_evidence,0,repair_with_scope,1146,1322,176,16,651,515,11,6,230,656,0,5730.0,1322.0,393.6000000000035,66.89999999999834,68.9999999999997,22.0,134.89999999999662,168.0,686.3999999999982,3721.6000000000017,3553.6000000000017,1.7768000000000008,0.573,4270.0
poor_evidence,1,always_verify,1584,1904,320,96,0,0,0,0,0,2000,0,7920.0,1904.0,1200.0000000000007,0.0,0.0,0.0,0.0,198.0,1200.0000000000007,4815.999999999999,4617.999999999999,2.3089999999999997,0.792,2080.0
poor_evidence,1,naive_trust,1584,2000,416,0,0,0,0,0,0,0,0,7920.0,2000.0,0.0,0.0,0.0,0.0,0.0,198.0,0.0,5920.0,5722.0,2.861,0.792,2080.0
poor_evidence,1,reputation_only,1087,1273,186,32,695,497,0,0,0,635,0,5435.0,1273.0,381.000000000003,0.0,0.0,0.0,0.0,120.0,381.000000000003,3780.999999999997,3660.999999999997,1.8304999999999985,0.5435,4565.0
poor_evidence,1,repair,1097,1284,187,31,685,490,0,3,228,629,0,5485.0,1284.0,377.4000000000029,65.74999999999841,68.39999999999971,21.0,0.0,120.0,532.550000000001,3668.449999999999,3548.449999999999,1.7742249999999995,0.5485,4515.0
poor_evidence,1,repair_no_exclusion,1590,1928,338,72,0,0,0,6,344,1029,0,7950.0,1928.0,617.4000000000119,99.99999999999646,103.19999999999938,30.0,0.0,198.0,850.6000000000078,5171.399999999992,4973.399999999992,2.4866999999999964,0.795,2050.0
poor_evidence,1,verify_and_retry,1590,1904,314,96,0,0,0,6,320,2000,0,7950.0,1904.0,1200.0000000000007,0.0,95.99999999999945,30.0,0.0,198.0,1326.0000000000002,4720.0,4522.0,2.261,0.795,2050.0
poor_evidence,1,scope_only,1574,1981,407,0,0,0,19,0,0,0,0,7870.0,1981.0,0.0,0.0,0.0,0.0,199.99999999999292,138.0,199.99999999999292,5689.000000000007,5551.000000000007,2.7755000000000036,0.787,2130.0
poor_evidence,1,repair_no_appeal,1093,1278,185,31,691,494,0,3,188,634,0,5465.0,1278.0,380.400000000003,65.44999999999843,56.39999999999982,21.0,0.0,120.0,523.2500000000013,3663.7499999999986,3543.7499999999986,1.7718749999999994,0.5465,4535.0
poor_evidence,1,repair_with_scope,1102,1287,185,29,673,479,11,3,226,623,0,5510.0,1287.0,373.80000000000274,65.7999999999984,67.79999999999971,18.0,132.69999999999675,84.0,658.0999999999976,3564.9000000000024,3480.9000000000024,1.7404500000000012,0.551,4490.0
poor_evidence,2,always_verify,1603,1920,317,80,0,0,0,0,0,2000,0,8015.0,1920.0,1200.0000000000007,0.0,0.0,0.0,0.0,300.0,1200.0000000000007,4894.999999999999,4594.999999999999,2.2974999999999994,0.8015,1985.0
poor_evidence,2,naive_trust,1603,2000,397,0,0,0,0,0,0,0,0,8015.0,2000.0,0.0,0.0,0.0,0.0,0.0,300.0,0.0,6015.0,5715.0,2.8575,0.8015,1985.0
poor_evidence,2,reputation_only,1069,1260,191,24,716,534,0,0,0,647,0,5345.0,1260.0,388.2000000000033,0.0,0.0,0.0,0.0,222.0,388.2000000000033,3696.7999999999965,3474.7999999999965,1.7373999999999983,0.5345,4655.0
poor_evidence,2,repair,1110,1299,189,24,677,500,0,7,234,633,0,5550.0,1299.0,379.80000000000297,66.14999999999839,70.19999999999969,19.0,0.0,222.0,535.150000000001,3715.849999999999,3493.849999999999,1.7469249999999994,0.555,4450.0
poor_evidence,2,repair_no_exclusion,1615,1945,330,55,0,0,0,12,342,985,0,8075.0,1945.0,591.0000000000109,99.99999999999646,102.59999999999938,29.0,0.0,306.0,822.6000000000067,5307.399999999993,5001.399999999993,2.5006999999999966,0.8075,1925.0
poor_evidence,2,verify_and_retry,1615,1920,305,80,0,0,0,12,317,2000,0,8075.0,1920.0,1200.0000000000007,0.0,95.09999999999945,29.0,0.0,306.0,1324.1000000000001,4830.9,4524.9,2.26245,0.8075,1925.0
poor_evidence,2,scope_only,1592,1986,394,0,0,0,14,0,0,0,0,7960.0,1986.0,0.0,0.0,0.0,0.0,199.99999999999292,234.0,199.99999999999292,5774.000000000007,5540.000000000007,2.7700000000000036,0.796,2040.0
poor_evidence,2,repair_no_appeal,1089,1275,186,24,701,521,0,7,193,639,0,5445.0,1275.0,383.4000000000031,64.94999999999845,57.89999999999981,19.0,0.0,228.0,525.2500000000014,3644.7499999999986,3416.7499999999986,1.7083749999999993,0.5445,4555.0
poor_evidence,2,repair_with_scope,1102,1290,188,24,674,498,12,6,232,631,0,5510.0,1290.0,378.6000000000029,65.69999999999841,69.5999999999997,17.0,132.59999999999675,162.0,663.4999999999977,3556.5000000000023,3394.5000000000023,1.697250000000001,0.551,4490.0
poor_evidence,3,always_verify,1611,1930,319,70,0,0,0,0,0,2000,0,8055.0,1930.0,1200.0000000000007,0.0,0.0,0.0,0.0,318.0,1200.0000000000007,4924.999999999999,4606.999999999999,2.3034999999999997,0.8055,1945.0
poor_evidence,3,naive_trust,1611,2000,389,0,0,0,0,0,0,0,0,8055.0,2000.0,0.0,0.0,0.0,0.0,0.0,318.0,0.0,6055.0,5737.0,2.8685,0.8055,1945.0
poor_evidence,3,reputation_only,1110,1285,175,30,685,501,0,0,0,635,0,5550.0,1285.0,381.000000000003,0.0,0.0,0.0,0.0,216.0,381.000000000003,3883.999999999997,3667.999999999997,1.8339999999999983,0.555,4450.0
poor_evidence,3,repair,1126,1301,175,30,669,488,0,3,211,633,0,5630.0,1301.0,379.80000000000297,66.54999999999836,63.299999999999756,16.0,0.0,204.0,525.6500000000011,3803.349999999999,3599.349999999999,1.7996749999999995,0.563,4370.0
poor_evidence,3,repair_no_exclusion,1616,1954,338,46,0,0,0,5,343,982,0,8080.0,1954.0,589.2000000000108,99.99999999999646,102.89999999999938,25.0,0.0,318.0,817.1000000000067,5308.899999999993,4990.899999999993,2.495449999999997,0.808,1920.0
poor_evidence,3,verify_and_retry,1616,1930,314,70,0,0,0,5,319,2000,0,8080.0,1930.0,1200.0000000000007,0.0,95.69999999999945,25.0,0.0,318.0,1320.7,4829.3,4511.3,2.25565,0.808,1920.0
poor_evidence,3,scope_only,1598,1984,386,0,0,0,16,0,0,0,0,7990.0,1984.0,0.0,0.0,0.0,0.0,199.99999999999292,240.0,199.99999999999292,5806.000000000007,5566.000000000007,2.7830000000000035,0.799,2010.0
poor_evidence,3,repair_no_appeal,1114,1288,174,30,682,500,0,3,177,638,0,5570.0,1288.0,382.8000000000031,65.8999999999984,53.09999999999985,16.0,0.0,204.0,517.8000000000013,3764.199999999999,3560.199999999999,1.7800999999999993,0.557,4430.0
poor_evidence,3,repair_with_scope,1120,1295,175,28,663,483,14,3,211,628,0,5600.0,1295.0,376.80000000000285,66.14999999999839,63.299999999999756,17.0,133.6999999999967,138.0,656.9499999999977,3648.0500000000025,3510.0500000000025,1.7550250000000012,0.56,4400.0
poor_evidence,4,always_verify,1548,1915,367,85,0,0,0,0,0,2000,0,7740.0,1915.0,1200.0000000000007,0.0,0.0,0.0,0.0,294.0,1200.0000000000007,4624.999999999999,4330.999999999999,2.1654999999999998,0.774,2260.0
poor_evidence,4,naive_trust,1548,2000,452,0,0,0,0,0,0,0,0,7740.0,2000.0,0.0,0.0,0.0,0.0,0.0,294.0,0.0,5740.0,5446.0,2.723,0.774,2260.0
poor_evidence,4,reputation_only,1061,1250,189,25,725,487,0,0,0,664,0,5305.0,1250.0,398.4000000000037,0.0,0.0,0.0,0.0,186.0,398.4000000000037,3656.5999999999963,3470.5999999999963,1.735299999999998,0.5305,4695.0
poor_evidence,4,repair,1081,1272,191,25,703,467,0,0,234,657,0,5405.0,1272.0,394.2000000000035,64.84999999999846,70.19999999999969,5.0,0.0,192.0,534.2500000000017,3598.749999999998,3406.749999999998,1.7033749999999992,0.5405,4595.0
poor_evidence,4,repair_no_exclusion,1549,1935,386,65,0,0,0,1,387,1044,0,7745.0,1935.0,626.4000000000123,99.99999999999646,116.09999999999926,16.0,0.0,294.0,858.500000000008,4951.499999999992,4657.499999999992,2.328749999999996,0.7745,2255.0
poor_evidence,4,verify_and_retry,1549,1915,366,85,0,0,0,1,367,2000,0,7745.0,1915.0,1200.0000000000007,0.0,110.09999999999931,16.0,0.0,294.0,1326.1,4503.9,4209.9,2.1049499999999997,0.7745,2255.0
poor_evidence,4,scope_only,1536,1984,448,0,0,0,16,0,0,0,0,7680.0,1984.0,0.0,0.0,0.0,0.0,199.99999999999292,222.0,199.99999999999292,5496.000000000007,5274.000000000007,2.6370000000000036,0.768,2320.0
poor_evidence,4,repair_no_appeal,1061,1250,189,25,725,487,0,0,189,664,0,5305.0,1250.0,398.4000000000037,63.749999999998515,56.69999999999982,5.0,0.0,186.0,523.850000000002,3531.149999999998,3345.149999999998,1.6725749999999988,0.5305,4695.0
poor_evidence,4,repair_with_scope,1074,1268,194,22,702,469,8,0,237,656,0,5370.0,1268.0,393.6000000000035,64.49999999999848,71.09999999999968,5.0,129.7999999999969,162.0,663.9999999999985,3438.0000000000014,3276.0000000000014,1.6380000000000008,0.537,4630.0
poor_evidence,5,always_verify,1539,1909,370,91,0,0,0,0,0,2000,0,7695.0,1909.0,1200.0000000000007,0.0,0.0,0.0,0.0,294.0,1200.0000000000007,4585.999999999999,4291.999999999999,2.1459999999999995,0.7695,2305.0
poor_evidence,5,naive_trust,1539,2000,461,0,0,0,0,0,0,0,0,7695.0,2000.0,0.0,0.0,0.0,0.0,0.0,294.0,0.0,5695.0,5401.0,2.7005,0.7695,2305.0
poor_evidence,5,reputation_only,993,1189,196,34,777,546,0,0,0,674,0,4965.0,1189.0,404.4000000000039,0.0,0.0,0.0,0.0,198.0,404.4000000000039,3371.5999999999963,3173.5999999999963,1.5867999999999982,0.4965,5035.0
poor_evidence,5,repair,1022,1215,193,39,746,522,0,5,245,671,0,5110.0,1215.0,402.60000000000383,62.699999999998575,73.49999999999966,15.0,0.0,198.0,553.8000000000021,3341.199999999998,3143.199999999998,1.571599999999999,0.511,4890.0
poor_evidence,5,repair_no_exclusion,1548,1929,381,71,0,0,0,9,390,1090,0,7740.0,1929.0,654.0000000000133,99.99999999999646,116.99999999999925,28.0,0.0,300.0,899.000000000009,4911.999999999991,4611.999999999991,2.3059999999999956,0.774,2260.0
poor_evidence,5,verify_and_retry,1548,1909,361,91,0,0,0,9,370,2000,0,7740.0,1909.0,1200.0000000000007,0.0,110.9999999999993,28.0,0.0,300.0,1339.0,4492.0,4192.0,2.096,0.774,2260.0
poor_evidence,5,scope_only,1519,1976,457,0,0,0,24,0,0,0,0,7595.0,1976.0,0.0,0.0,0.0,0.0,199.99999999999292,174.0,199.99999999999292,5419.000000000007,5245.000000000007,2.6225000000000036,0.7595,2405.0
poor_evidence,5,repair_no_appeal,1009,1200,191,35,765,534,0,4,195,672,0,5045.0,1200.0,403.20000000000385,61.74999999999863,58.4999999999998,14.0,0.0,198.0,537.4500000000023,3307.5499999999975,3109.5499999999975,1.5547749999999987,0.5045,4955.0
poor_evidence,5,repair_with_scope,1007,1200,193,38,745,523,17,5,245,667,0,5035.0,1200.0,400.20000000000374,61.89999999999862,73.49999999999966,15.0,125.49999999999714,114.0,676.0999999999991,3158.900000000001,3044.900000000001,1.5224500000000005,0.5035,4965.0
poor_evidence,6,always_verify,1591,1923,332,77,0,0,0,0,0,2000,0,7955.0,1923.0,1200.0000000000007,0.0,0.0,0.0,0.0,288.0,1200.0000000000007,4831.999999999999,4543.999999999999,2.2719999999999994,0.7955,2045.0
poor_evidence,6,naive_trust,1591,2000,409,0,0,0,0,0,0,0,0,7955.0,2000.0,0.0,0.0,0.0,0.0,0.0,288.0,0.0,5955.0,5667.0,2.8335,0.7955,2045.0
poor_evidence,6,reputation_only,1015,1212,197,23,765,576,0,0,0,669,0,5075.0,1212.0,401.4000000000038,0.0,0.0,0.0,0.0,204.0,401.4000000000038,3461.5999999999963,3257.5999999999963,1.628799999999998,0.5075,4925.0
poor_evidence,6,repair,1037,1234,197,24,742,557,0,3,258,669,0,5185.0,1234.0,401.4000000000038,62.89999999999856,77.39999999999962,14.0,0.0,210.0,555.700000000002,3395.299999999998,3185.299999999998,1.592649999999999,0.5185,4815.0
poor_evidence,6,repair_no_exclusion,1595,1947,352,53,0,0,0,4,356,1036,0,7975.0,1947.0,621.6000000000121,99.99999999999646,106.79999999999934,23.0,0.0,288.0,851.4000000000078,5176.599999999992,4888.599999999992,2.444299999999996,0.7975,2025.0
poor_evidence,6,verify_and_retry,1595,1923,328,77,0,0,0,4,332,2000,0,7975.0,1923.0,1200.0000000000007,0.0,99.59999999999941,23.0,0.0,288.0,1322.6000000000001,4729.4,4441.4,2.2207,0.7975,2025.0
poor_evidence,6,scope_only,1578,1986,408,0,0,0,14,0,0,0,0,7890.0,1986.0,0.0,0.0,0.0,0.0,199.99999999999292,210.0,199.99999999999292,5704.000000000007,5494.000000000007,2.7470000000000034,0.789,2110.0
poor_evidence,6,repair_no_appeal,1023,1218,195,23,759,570,0,2,197,668,0,5115.0,1218.0,400.80000000000376,62.04999999999861,59.099999999999795,12.0,0.0,204.0,533.9500000000022,3363.049999999998,3159.049999999998,1.579524999999999,0.5115,4885.0
poor_evidence,6,repair_with_scope,1028,1225,197,24,742,557,9,3,258,667,0,5140.0,1225.0,400.20000000000374,62.44999999999859,77.39999999999962,14.0,125.79999999999713,156.0,679.8499999999991,3235.150000000001,3079.150000000001,1.5395750000000006,0.514,4860.0
poor_evidence,7,always_verify,1488,1896,408,104,0,0,0,0,0,2000,0,7440.0,1896.0,1200.0000000000007,0.0,0.0,0.0,0.0,294.0,1200.0000000000007,4343.999999999999,4049.999999999999,2.0249999999999995,0.744,2560.0
poor_evidence,7,naive_trust,1488,2000,512,0,0,0,0,0,0,0,0,7440.0,2000.0,0.0,0.0,0.0,0.0,0.0,294.0,0.0,5440.0,5146.0,2.573,0.744,2560.0
poor_evidence,7,reputation_only,967,1173,206,34,793,521,0,0,0,665,0,4835.0,1173.0,399.0000000000037,0.0,0.0,0.0,0.0,204.0,399.0000000000037,3262.9999999999964,3058.9999999999964,1.529499999999998,0.4835,5165.0
poor_evidence,7,repair,986,1192,206,36,772,505,0,3,251,665,0,4930.0,1192.0,399.0000000000037,61.39999999999865,75.29999999999964,17.0,0.0,216.0,552.700000000002,3185.299999999998,2969.299999999998,1.484649999999999,0.493,5070.0
poor_evidence,7,repair_no_exclusion,1494,1919,425,81,0,0,0,6,431,1131,0,7470.0,1919.0,678.6000000000142,99.99999999999646,129.2999999999992,30.0,0.0,294.0,937.9000000000099,4613.09999999999,4319.09999999999,2.159549999999995,0.747,2530.0
poor_evidence,7,verify_and_retry,1494,1896,402,104,0,0,0,6,408,2000,0,7470.0,1896.0,1200.0000000000007,0.0,122.3999999999992,30.0,0.0,294.0,1352.3999999999999,4221.6,3927.6000000000004,1.9638000000000002,0.747,2530.0
poor_evidence,7,scope_only,1477,1986,509,0,0,0,14,0,0,0,0,7385.0,1986.0,0.0,0.0,0.0,0.0,199.99999999999292,228.0,199.99999999999292,5199.000000000007,4971.000000000007,2.4855000000000036,0.7385,2615.0
poor_evidence,7,repair_no_appeal,973,1178,205,34,788,518,0,3,208,668,0,4865.0,1178.0,400.80000000000376,60.599999999998694,62.399999999999764,17.0,0.0,210.0,540.8000000000022,3146.199999999998,2936.199999999998,1.468099999999999,0.4865,5135.0
poor_evidence,7,repair_with_scope,982,1188,206,35,768,502,9,3,251,662,0,4910.0,1188.0,397.2000000000036,61.14999999999866,75.29999999999964,16.0,123.19999999999727,174.0,672.8499999999992,3049.1500000000005,2875.1500000000005,1.4375750000000003,0.491,5090.0
poor_evidence,8,always_verify,1538,1909,371,91,0,0,0,0,0,2000,0,7690.0,1909.0,1200.0000000000007,0.0,0.0,0.0,0.0,294.0,1200.0000000000007,4580.999999999999,4286.999999999999,2.1434999999999995,0.769,2310.0
poor_evidence,8,naive_trust,1538,2000,462,0,0,0,0,0,0,0,0,7690.0,2000.0,0.0,0.0,0.0,0.0,0.0,294.0,0.0,5690.0,5396.0,2.698,0.769,2310.0
poor_evidence,8,reputation_only,975,1186,211,32,782,563,0,0,0,674,0,4875.0,1186.0,404.4000000000039,0.0,0.0,0.0,0.0,198.0,404.4000000000039,3284.5999999999963,3086.5999999999963,1.5432999999999981,0.4875,5125.0
poor_evidence,8,repair,1002,1210,208,31,759,542,0,6,242,664,0,5010.0,1210.0,398.4000000000037,62.04999999999861,72.59999999999967,24.0,0.0,204.0,557.050000000002,3242.949999999998,3038.949999999998,1.519474999999999,0.501,4990.0
poor_evidence,8,repair_no_exclusion,1550,1933,383,67,0,0,0,12,395,1099,0,7750.0,1933.0,659.4000000000135,99.99999999999646,118.49999999999923,34.0,0.0,300.0,911.9000000000092,4905.099999999991,4605.099999999991,2.3025499999999957,0.775,2250.0
poor_evidence,8,verify_and_retry,1550,1909,359,91,0,0,0,12,371,2000,0,7750.0,1909.0,1200.0000000000007,0.0,111.2999999999993,34.0,0.0,300.0,1345.3,4495.7,4195.7,2.0978499999999998,0.775,2250.0
poor_evidence,8,scope_only,1526,1985,459,0,0,0,15,0,0,0,0,7630.0,1985.0,0.0,0.0,0.0,0.0,199.99999999999292,222.0,199.99999999999292,5445.000000000007,5223.000000000007,2.6115000000000035,0.763,2370.0
poor_evidence,8,repair_no_appeal,994,1200,206,32,768,550,0,6,212,667,0,4970.0,1200.0,400.20000000000374,61.59999999999864,63.59999999999975,25.0,0.0,204.0,550.4000000000021,3219.5999999999976,3015.5999999999976,1.507799999999999,0.497,5030.0
poor_evidence,8,repair_with_scope,993,1202,209,30,759,543,9,6,243,660,0,4965.0,1202.0,396.0000000000036,61.59999999999864,72.89999999999966,24.0,124.09999999999722,156.0,678.5999999999991,3084.400000000001,2928.400000000001,1.4642000000000004,0.4965,5035.0
poor_evidence,9,always_verify,1548,1908,360,92,0,0,0,0,0,2000,0,7740.0,1908.0,1200.0000000000007,0.0,0.0,0.0,0.0,348.0,1200.0000000000007,4631.999999999999,4283.999999999999,2.1419999999999995,0.774,2260.0
poor_evidence,9,naive_trust,1548,2000,452,0,0,0,0,0,0,0,0,7740.0,2000.0,0.0,0.0,0.0,0.0,0.0,348.0,0.0,5740.0,5392.0,2.696,0.774,2260.0
poor_evidence,9,reputation_only,1000,1200,200,26,774,548,0,0,0,662,0,5000.0,1200.0,397.2000000000036,0.0,0.0,0.0,0.0,228.0,397.2000000000036,3402.7999999999965,3174.7999999999965,1.5873999999999984,0.5,5000.0
poor_evidence,9,repair,1037,1233,196,26,741,518,0,7,248,650,0,5185.0,1233.0,390.00000000000335,62.94999999999856,74.39999999999965,21.0,0.0,240.0,548.3500000000016,3403.6499999999983,3163.6499999999983,1.5818249999999991,0.5185,4815.0
poor_evidence,9,repair_no_exclusion,1557,1933,376,67,0,0,0,9,385,1029,0,7785.0,1933.0,617.4000000000119,99.99999999999646,115.49999999999926,32.0,0.0,354.0,864.9000000000076,4987.099999999992,4633.099999999992,2.316549999999996,0.7785,2215.0
poor_evidence,9,verify_and_retry,1557,1908,351,92,0,0,0,9,360,2000,0,7785.0,1908.0,1200.0000000000007,0.0,107.99999999999933,32.0,0.0,354.0,1340.0,4537.0,4183.0,2.0915,0.7785,2215.0
poor_evidence,9,scope_only,1531,1980,449,0,0,0,20,0,0,0,0,7655.0,1980.0,0.0,0.0,0.0,0.0,199.99999999999292,246.0,199.99999999999292,5475.000000000007,5229.000000000007,2.6145000000000036,0.7655,2345.0
poor_evidence,9,repair_no_appeal,1018,1213,195,26,761,537,0,7,202,658,0,5090.0,1213.0,394.80000000000354,61.94999999999862,60.59999999999978,21.0,0.0,240.0,538.350000000002,3338.649999999998,3098.649999999998,1.549324999999999,0.509,4910.0
poor_evidence,9,repair_with_scope,1022,1217,195,27,741,519,15,6,246,649,0,5110.0,1217.0,389.40000000000333,62.1999999999986,73.79999999999966,19.0,125.89999999999712,156.0,670.2999999999987,3222.700000000001,3066.700000000001,1.5333500000000007,0.511,4890.0
poor_evidence,10,always_verify,1596,1926,330,74,0,0,0,0,0,2000,0,7980.0,1926.0,1200.0000000000007,0.0,0.0,0.0,0.0,228.0,1200.0000000000007,4853.999999999999,4625.999999999999,2.3129999999999997,0.798,2020.0
poor_evidence,10,naive_trust,1596,2000,404,0,0,0,0,0,0,0,0,7980.0,2000.0,0.0,0.0,0.0,0.0,0.0,228.0,0.0,5980.0,5752.0,2.876,0.798,2020.0
poor_evidence,10,reputation_only,1102,1281,179,27,692,494,0,0,0,635,0,5510.0,1281.0,381.000000000003,0.0,0.0,0.0,0.0,132.0,381.000000000003,3847.999999999997,3715.999999999997,1.8579999999999983,0.551,4490.0
poor_evidence,10,repair,1131,1312,181,25,663,469,0,4,228,630,0,5655.0,1312.0,378.0000000000029,66.84999999999835,68.39999999999971,15.0,0.0,138.0,528.2500000000009,3814.749999999999,3676.749999999999,1.8383749999999996,0.5655,4345.0
poor_evidence,10,repair_no_exclusion,1601,1949,348,51,0,0,0,5,353,1002,0,8005.0,1949.0,601.2000000000113,99.99999999999646,105.89999999999935,23.0,0.0,228.0,830.1000000000071,5225.899999999993,4997.899999999993,2.4989499999999967,0.8005,1995.0
poor_evidence,10,verify_and_retry,1601,1926,325,74,0,0,0,5,330,2000,0,8005.0,1926.0,1200.0000000000007,0.0,98.99999999999942,23.0,0.0,228.0,1322.0,4757.0,4529.0,2.2645,0.8005,1995.0
poor_evidence,10,scope_only,1590,1989,399,0,0,0,11,0,0,0,0,7950.0,1989.0,0.0,0.0,0.0,0.0,199.99999999999292,192.0,199.99999999999292,5761.000000000007,5569.000000000007,2.7845000000000035,0.795,2050.0
poor_evidence,10,repair_no_appeal,1111,1289,178,26,685,489,0,4,182,634,0,5555.0,1289.0,380.400000000003,65.74999999999841,54.59999999999984,15.0,0.0,132.0,515.7500000000013,3750.2499999999986,3618.2499999999986,1.8091249999999994,0.5555,4445.0
poor_evidence,10,repair_with_scope,1127,1308,181,24,660,468,8,4,228,628,0,5635.0,1308.0,376.80000000000285,66.59999999999836,68.39999999999971,15.0,133.99999999999667,114.0,660.7999999999976,3666.2000000000025,3552.2000000000025,1.7761000000000013,0.5635,4365.0
poor_evidence,11,always_verify,1562,1921,359,79,0,0,0,0,0,2000,0,7810.0,1921.0,1200.0000000000007,0.0,0.0,0.0,0.0,306.0,1200.0000000000007,4688.999999999999,4382.999999999999,2.1914999999999996,0.781,2190.0
poor_evidence,11,naive_trust,1562,2000,438,0,0,0,0,0,0,0,0,7810.0,2000.0,0.0,0.0,0.0,0.0,0.0,306.0,0.0,5810.0,5504.0,2.752,0.781,2190.0
poor_evidence,11,reputation_only,1015,1207,192,32,761,547,0,0,0,668,0,5075.0,1207.0,400.80000000000376,0.0,0.0,0.0,0.0,210.0,400.80000000000376,3467.199999999996,3257.199999999996,1.628599999999998,0.5075,4925.0
poor_evidence,11,repair,1055,1247,192,32,721,513,0,6,240,651,0,5275.0,1247.0,390.6000000000034,63.949999999998504,71.99999999999967,16.0,0.0,210.0,542.5500000000015,3485.4499999999985,3275.4499999999985,1.6377249999999992,0.5275,4725.0
poor_evidence,11,repair_no_exclusion,1570,1942,372,58,0,0,0,8,380,1031,0,7850.0,1942.0,618.600000000012,99.99999999999646,113.99999999999928,22.0,0.0,306.0,854.6000000000076,5053.399999999992,4747.399999999992,2.3736999999999964,0.785,2150.0
poor_evidence,11,verify_and_retry,1570,1921,351,79,0,0,0,8,359,2000,0,7850.0,1921.0,1200.0000000000007,0.0,107.69999999999933,22.0,0.0,306.0,1329.7,4599.3,4293.3,2.14665,0.785,2150.0
poor_evidence,11,scope_only,1551,1983,432,0,0,0,17,0,0,0,0,7755.0,1983.0,0.0,0.0,0.0,0.0,199.99999999999292,240.0,199.99999999999292,5572.000000000007,5332.000000000007,2.6660000000000035,0.7755,2245.0
poor_evidence,11,repair_no_appeal,1023,1214,191,31,755,545,0,6,197,664,0,5115.0,1214.0,398.4000000000037,62.2499999999986,59.099999999999795,16.0,0.0,204.0,535.750000000002,3365.249999999998,3161.249999999998,1.580624999999999,0.5115,4885.0
poor_evidence,11,repair_with_scope,1050,1244,194,29,718,511,9,6,242,650,0,5250.0,1244.0,390.00000000000335,63.64999999999852,72.59999999999967,16.0,128.199999999997,168.0,670.4499999999986,3335.5500000000015,3167.5500000000015,1.5837750000000008,0.525,4750.0
poor_evidence,12,always_verify,1501,1896,395,104,0,0,0,0,0,2000,0,7505.0,1896.0,1200.0000000000007,0.0,0.0,0.0,0.0,258.0,1200.0000000000007,4408.999999999999,4150.999999999999,2.0754999999999995,0.7505,2495.0
poor_evidence,12,naive_trust,1501,2000,499,0,0,0,0,0,0,0,0,7505.0,2000.0,0.0,0.0,0.0,0.0,0.0,258.0,0.0,5505.0,5247.0,2.6235,0.7505,2495.0
poor_evidence,12,reputation_only,936,1147,211,36,817,565,0,0,0,647,0,4680.0,1147.0,388.2000000000033,0.0,0.0,0.0,0.0,192.0,388.2000000000033,3144.7999999999965,2952.7999999999965,1.4763999999999984,0.468,5320.0
poor_evidence,12,repair,954,1165,211,37,798,550,0,3,259,646,0,4770.0,1165.0,387.60000000000326,60.09999999999872,77.69999999999962,15.0,0.0,180.0,540.4000000000016,3064.5999999999985,2884.5999999999985,1.4422999999999992,0.477,5230.0
poor_evidence,12,repair_no_exclusion,1505,1923,418,77,0,0,0,4,422,1120,0,7525.0,1923.0,672.000000000014,99.99999999999646,126.59999999999916,20.0,0.0,258.0,918.6000000000096,4683.3999999999905,4425.3999999999905,2.2126999999999954,0.7525,2475.0
poor_evidence,12,verify_and_retry,1505,1896,391,104,0,0,0,4,395,2000,0,7525.0,1896.0,1200.0000000000007,0.0,118.49999999999923,20.0,0.0,258.0,1338.5,4290.5,4032.5,2.01625,0.7525,2475.0
poor_evidence,12,scope_only,1490,1984,494,0,0,0,16,0,0,0,0,7450.0,1984.0,0.0,0.0,0.0,0.0,199.99999999999292,192.0,199.99999999999292,5266.000000000007,5074.000000000007,2.5370000000000035,0.745,2550.0
poor_evidence,12,repair_no_appeal,940,1150,210,36,814,563,0,2,212,646,0,4700.0,1150.0,387.60000000000326,59.29999999999877,63.59999999999975,14.0,0.0,192.0,524.5000000000018,3025.499999999998,2833.499999999998,1.416749999999999,0.47,5300.0
poor_evidence,12,repair_with_scope,951,1161,210,36,792,545,11,3,258,646,0,4755.0,1161.0,387.60000000000326,59.84999999999874,77.39999999999962,15.0,120.79999999999741,138.0,660.6499999999991,2933.350000000001,2795.350000000001,1.3976750000000004,0.4755,5245.0
poor_evidence,13,always_verify,1580,1926,346,74,0,0,0,0,0,2000,0,7900.0,1926.0,1200.0000000000007,0.0,0.0,0.0,0.0,318.0,1200.0000000000007,4773.999999999999,4455.999999999999,2.2279999999999998,0.79,2100.0
poor_evidence,13,naive_trust,1580,2000,420,0,0,0,0,0,0,0,0,7900.0,2000.0,0.0,0.0,0.0,0.0,0.0,318.0,0.0,5900.0,5582.0,2.791,0.79,2100.0
poor_evidence,13,reputation_only,1018,1218,200,25,757,562,0,0,0,684,0,5090.0,1218.0,410.4000000000041,0.0,0.0,0.0,0.0,198.0,410.4000000000041,3461.599999999996,3263.599999999996,1.631799999999998,0.509,4910.0
poor_evidence,13,repair,1044,1242,198,25,733,542,0,6,246,679,0,5220.0,1242.0,407.400000000004,63.34999999999854,73.79999999999966,23.0,0.0,198.0,567.5500000000022,3410.449999999998,3212.449999999998,1.606224999999999,0.522,4780.0
poor_evidence,13,repair_no_exclusion,1588,1952,364,48,0,0,0,8,372,1049,0,7940.0,1952.0,629.4000000000124,99.99999999999646,111.5999999999993,33.0,0.0,318.0,874.0000000000082,5113.999999999992,4795.999999999992,2.3979999999999957,0.794,2060.0
poor_evidence,13,verify_and_retry,1588,1926,338,74,0,0,0,8,346,2000,0,7940.0,1926.0,1200.0000000000007,0.0,103.79999999999937,33.0,0.0,318.0,1336.8,4677.2,4359.2,2.1795999999999998,0.794,2060.0
poor_evidence,13,scope_only,1562,1982,420,0,0,0,18,0,0,0,0,7810.0,1982.0,0.0,0.0,0.0,0.0,199.99999999999292,210.0,199.99999999999292,5628.000000000007,5418.000000000007,2.7090000000000036,0.781,2190.0
poor_evidence,13,repair_no_appeal,1032,1229,197,25,746,554,0,6,203,683,0,5160.0,1229.0,409.8000000000041,62.699999999998575,60.89999999999978,23.0,0.0,198.0,556.4000000000025,3374.5999999999976,3176.5999999999976,1.5882999999999987,0.516,4840.0
poor_evidence,13,repair_with_scope,1031,1229,198,25,733,542,13,6,246,676,0,5155.0,1229.0,405.60000000000394,62.699999999998575,73.79999999999966,23.0,126.69999999999708,120.0,691.7999999999993,3234.2000000000007,3114.2000000000007,1.5571000000000004,0.5155,4845.0
poor_evidence,14,always_verify,1588,1920,332,80,0,0,0,0,0,2000,0,7940.0,1920.0,1200.0000000000007,0.0,0.0,0.0,0.0,318.0,1200.0000000000007,4819.999999999999,4501.999999999999,2.2509999999999994,0.794,2060.0
poor_evidence,14,naive_trust,1588,2000,412,0,0,0,0,0,0,0,0,7940.0,2000.0,0.0,0.0,0.0,0.0,0.0,318.0,0.0,5940.0,5622.0,2.811,0.794,2060.0
poor_evidence,14,reputation_only,1126,1306,180,25,669,462,0,0,0,639,0,5630.0,1306.0,383.4000000000031,0.0,0.0,0.0,0.0,258.0,383.4000000000031,3940.5999999999967,3682.5999999999967,1.8412999999999984,0.563,4370.0
poor_evidence,14,repair,1137,1315,178,28,657,453,0,2,211,634,0,5685.0,1315.0,380.400000000003,67.14999999999833,63.299999999999756,10.0,0.0,258.0,520.850000000001,3849.1499999999987,3591.1499999999987,1.7955749999999993,0.5685,4315.0
poor_evidence,14,repair_no_exclusion,1593,1942,349,58,0,0,0,5,354,1022,0,7965.0,1942.0,613.2000000000118,99.99999999999646,106.19999999999935,16.0,0.0,318.0,835.4000000000076,5187.599999999992,4869.599999999992,2.434799999999996,0.7965,2035.0
poor_evidence,14,verify_and_retry,1593,1920,327,80,0,0,0,5,332,2000,0,7965.0,1920.0,1200.0000000000007,0.0,99.59999999999941,16.0,0.0,318.0,1315.6000000000001,4729.4,4411.4,2.2056999999999998,0.7965,2035.0
poor_evidence,14,scope_only,1576,1983,407,0,0,0,17,0,0,0,0,7880.0,1983.0,0.0,0.0,0.0,0.0,199.99999999999292,246.0,199.99999999999292,5697.000000000007,5451.000000000007,2.725500000000004,0.788,2120.0
poor_evidence,14,repair_no_appeal,1134,1312,178,25,663,456,0,2,180,634,0,5670.0,1312.0,380.400000000003,66.84999999999835,53.999999999999844,10.0,0.0,258.0,511.2500000000012,3846.7499999999986,3588.7499999999986,1.7943749999999994,0.567,4330.0
poor_evidence,14,repair_with_scope,1132,1309,177,27,651,448,13,2,210,628,0,5660.0,1309.0,376.80000000000285,66.79999999999835,62.99999999999976,9.0,134.89999999999662,198.0,650.4999999999976,3700.5000000000023,3502.5000000000023,1.751250000000001,0.566,4340.0
poor_evidence,15,always_verify,1638,1930,292,70,0,0,0,0,0,2000,0,8190.0,1930.0,1200.0000000000007,0.0,0.0,0.0,0.0,318.0,1200.0000000000007,5059.999999999999,4741.999999999999,2.3709999999999996,0.819,1810.0
poor_evidence,15,naive_trust,1638,2000,362,0,0,0,0,0,0,0,0,8190.0,2000.0,0.0,0.0,0.0,0.0,0.0,318.0,0.0,6190.0,5872.0,2.936,0.819,1810.0
poor_evidence,15,reputation_only,1137,1299,162,27,674,501,0,0,0,657,0,5685.0,1299.0,394.2000000000035,0.0,0.0,0.0,0.0,228.0,394.2000000000035,3991.7999999999965,3763.7999999999965,1.8818999999999984,0.5685,4315.0
poor_evidence,15,repair,1156,1322,166,27,651,483,0,1,217,653,0,5780.0,1322.0,391.8000000000034,67.44999999999831,65.09999999999974,11.0,0.0,228.0,535.3500000000015,3922.6499999999987,3694.6499999999987,1.8473249999999994,0.578,4220.0
poor_evidence,15,repair_no_exclusion,1642,1954,312,46,0,0,0,4,316,977,0,8210.0,1954.0,586.2000000000107,99.99999999999646,94.79999999999946,19.0,0.0,318.0,800.0000000000066,5455.999999999994,5137.999999999994,2.568999999999997,0.821,1790.0
poor_evidence,15,verify_and_retry,1642,1930,288,70,0,0,0,4,292,2000,0,8210.0,1930.0,1200.0000000000007,0.0,87.59999999999953,19.0,0.0,318.0,1306.6000000000001,4973.4,4655.4,2.3276999999999997,0.821,1790.0
poor_evidence,15,scope_only,1621,1979,358,0,0,0,21,0,0,0,0,8105.0,1979.0,0.0,0.0,0.0,0.0,199.99999999999292,216.0,199.99999999999292,5926.000000000007,5710.000000000007,2.8550000000000035,0.8105,1895.0
poor_evidence,15,repair_no_appeal,1141,1302,161,27,671,498,0,1,162,655,0,5705.0,1302.0,393.00000000000347,66.44999999999837,48.599999999999895,10.0,0.0,228.0,518.0500000000018,3884.949999999998,3656.949999999998,1.828474999999999,0.5705,4295.0
poor_evidence,15,repair_with_scope,1152,1317,165,26,645,477,12,1,216,652,0,5760.0,1317.0,391.2000000000034,67.14999999999833,64.79999999999974,10.0,135.4999999999966,168.0,668.649999999998,3774.350000000002,3606.350000000002,1.803175000000001,0.576,4240.0
poor_evidence,16,always_verify,1638,1933,295,67,0,0,0,0,0,2000,0,8190.0,1933.0,1200.0000000000007,0.0,0.0,0.0,0.0,312.0,1200.0000000000007,5056.999999999999,4744.999999999999,2.3724999999999996,0.819,1810.0
poor_evidence,16,naive_trust,1638,2000,362,0,0,0,0,0,0,0,0,8190.0,2000.0,0.0,0.0,0.0,0.0,0.0,312.0,0.0,6190.0,5878.0,2.939,0.819,1810.0
poor_evidence,16,reputation_only,1144,1327,183,20,653,494,0,0,0,643,0,5720.0,1327.0,385.8000000000032,0.0,0.0,0.0,0.0,210.0,385.8000000000032,4007.1999999999966,3797.1999999999966,1.8985999999999983,0.572,4280.0
poor_evidence,16,repair,1172,1352,180,20,628,472,0,6,210,642,0,5860.0,1352.0,385.2000000000032,68.59999999999825,62.99999999999976,22.0,0.0,216.0,538.8000000000012,3969.199999999999,3753.199999999999,1.8765999999999994,0.586,4140.0
poor_evidence,16,repair_no_exclusion,1645,1952,307,48,0,0,0,7,314,985,0,8225.0,1952.0,591.0000000000109,99.99999999999646,94.19999999999946,27.0,0.0,312.0,812.2000000000069,5460.799999999993,5148.799999999993,2.5743999999999962,0.8225,1775.0
poor_evidence,16,verify_and_retry,1645,1933,288,67,0,0,0,7,295,2000,0,8225.0,1933.0,1200.0000000000007,0.0,88.49999999999952,27.0,0.0,312.0,1315.5000000000002,4976.5,4664.5,2.33225,0.8225,1775.0
poor_evidence,16,scope_only,1622,1983,361,0,0,0,17,0,0,0,0,8110.0,1983.0,0.0,0.0,0.0,0.0,199.99999999999292,216.0,199.99999999999292,5927.000000000007,5711.000000000007,2.8555000000000037,0.811,1890.0
poor_evidence,16,repair_no_appeal,1164,1343,179,19,638,480,0,6,185,643,0,5820.0,1343.0,385.8000000000032,68.09999999999827,55.49999999999983,22.0,0.0,210.0,531.4000000000013,3945.5999999999985,3735.5999999999985,1.8677999999999992,0.582,4180.0
poor_evidence,16,repair_with_scope,1157,1337,180,20,628,473,15,6,210,640,0,5785.0,1337.0,384.0000000000031,67.84999999999829,62.99999999999976,22.0,137.1999999999965,132.0,674.0499999999977,3773.9500000000025,3641.9500000000025,1.8209750000000013,0.5785,4215.0
poor_evidence,17,always_verify,1602,1923,321,77,0,0,0,0,0,2000,0,8010.0,1923.0,1200.0000000000007,0.0,0.0,0.0,0.0,258.0,1200.0000000000007,4886.999999999999,4628.999999999999,2.3144999999999993,0.801,1990.0
poor_evidence,17,naive_trust,1602,2000,398,0,0,0,0,0,0,0,0,8010.0,2000.0,0.0,0.0,0.0,0.0,0.0,258.0,0.0,6010.0,5752.0,2.876,0.801,1990.0
poor_evidence,17,reputation_only,1074,1269,195,19,712,528,0,0,0,653,0,5370.0,1269.0,391.8000000000034,0.0,0.0,0.0,0.0,198.0,391.8000000000034,3709.1999999999966,3511.1999999999966,1.7555999999999983,0.537,4630.0
poor_evidence,17,repair,1090,1284,194,19,697,514,0,2,232,647,0,5450.0,1284.0,388.2000000000033,65.14999999999844,69.5999999999997,18.0,0.0,198.0,540.9500000000014,3625.0499999999984,3427.0499999999984,1.713524999999999,0.545,4550.0
poor_evidence,17,repair_no_exclusion,1610,1947,337,53,0,0,0,8,345,1010,0,8050.0,1947.0,606.0000000000115,99.99999999999646,103.49999999999937,30.0,0.0,258.0,839.5000000000073,5263.499999999993,5005.499999999993,2.5027499999999963,0.805,1950.0
poor_evidence,17,verify_and_retry,1610,1923,313,77,0,0,0,8,321,2000,0,8050.0,1923.0,1200.0000000000007,0.0,96.29999999999944,30.0,0.0,258.0,1326.3000000000002,4800.7,4542.7,2.27135,0.805,1950.0
poor_evidence,17,scope_only,1586,1981,395,0,0,0,19,0,0,0,0,7930.0,1981.0,0.0,0.0,0.0,0.0,199.99999999999292,162.0,199.99999999999292,5749.000000000007,5587.000000000007,2.7935000000000034,0.793,2070.0
poor_evidence,17,repair_no_appeal,1082,1275,193,19,706,522,0,2,195,647,0,5410.0,1275.0,388.2000000000033,64.69999999999847,58.4999999999998,17.0,0.0,198.0,528.4000000000016,3606.5999999999985,3408.5999999999985,1.7042999999999993,0.541,4590.0
poor_evidence,17,repair_with_scope,1076,1270,194,19,697,515,14,2,232,645,0,5380.0,1270.0,387.00000000000324,64.44999999999848,69.5999999999997,17.0,130.29999999999688,120.0,668.3499999999983,3441.6500000000015,3321.6500000000015,1.6608250000000007,0.538,4620.0
poor_evidence,18,always_verify,1619,1941,322,59,0,0,0,0,0,2000,0,8095.0,1941.0,1200.0000000000007,0.0,0.0,0.0,0.0,252.0,1200.0000000000007,4953.999999999999,4701.999999999999,2.3509999999999995,0.8095,1905.0
poor_evidence,18,naive_trust,1619,2000,381,0,0,0,0,0,0,0,0,8095.0,2000.0,0.0,0.0,0.0,0.0,0.0,252.0,0.0,6095.0,5843.0,2.9215,0.8095,1905.0
poor_evidence,18,reputation_only,1087,1288,201,18,694,532,0,0,0,656,0,5435.0,1288.0,393.6000000000035,0.0,0.0,0.0,0.0,174.0,393.6000000000035,3753.3999999999965,3579.3999999999965,1.7896999999999983,0.5435,4565.0
poor_evidence,18,repair,1115,1313,198,18,669,511,0,7,227,646,0,5575.0,1313.0,387.60000000000326,66.54999999999836,68.09999999999971,27.0,0.0,186.0,549.2500000000014,3712.7499999999986,3526.7499999999986,1.7633749999999992,0.5575,4425.0
poor_evidence,18,repair_no_exclusion,1627,1958,331,42,0,0,0,8,339,996,0,8135.0,1958.0,597.6000000000112,99.99999999999646,101.69999999999939,36.0,0.0,252.0,835.300000000007,5341.699999999993,5089.699999999993,2.5448499999999967,0.8135,1865.0
poor_evidence,18,verify_and_retry,1627,1941,314,59,0,0,0,8,322,2000,0,8135.0,1941.0,1200.0000000000007,0.0,96.59999999999944,36.0,0.0,252.0,1332.6000000000001,4861.4,4609.4,2.3047,0.8135,1865.0
poor_evidence,18,scope_only,1609,1988,379,0,0,0,12,0,0,0,0,8045.0,1988.0,0.0,0.0,0.0,0.0,199.99999999999292,192.0,199.99999999999292,5857.000000000007,5665.000000000007,2.8325000000000036,0.8045,1955.0
poor_evidence,18,repair_no_appeal,1106,1302,196,18,680,519,0,6,202,649,0,5530.0,1302.0,389.40000000000333,65.9999999999984,60.59999999999978,25.0,0.0,180.0,541.0000000000015,3686.9999999999986,3506.9999999999986,1.7534999999999994,0.553,4470.0
poor_evidence,18,repair_with_scope,1109,1308,199,16,666,509,10,8,229,645,0,5545.0,1308.0,387.00000000000324,66.19999999999838,68.6999999999997,28.0,133.3999999999967,132.0,683.299999999998,3553.700000000002,3421.700000000002,1.710850000000001,0.5545,4455.0
poor_evidence,19,always_verify,1609,1916,307,84,0,0,0,0,0,2000,0,8045.0,1916.0,1200.0000000000007,0.0,0.0,0.0,0.0,252.0,1200.0000000000007,4928.999999999999,4676.999999999999,2.3384999999999994,0.8045,1955.0
poor_evidence,19,naive_trust,1609,2000,391,0,0,0,0,0,0,0,0,8045.0,2000.0,0.0,0.0,0.0,0.0,0.0,252.0,0.0,6045.0,5793.0,2.8965,0.8045,1955.0
poor_evidence,19,reputation_only,1109,1290,181,28,682,500,0,0,0,639,0,5545.0,1290.0,383.4000000000031,0.0,0.0,0.0,0.0,204.0,383.4000000000031,3871.5999999999967,3667.5999999999967,1.8337999999999983,0.5545,4455.0
poor_evidence,19,repair,1127,1304,177,29,667,488,0,6,217,639,0,5635.0,1304.0,383.4000000000031,66.64999999999836,65.09999999999974,23.0,0.0,198.0,538.1500000000012,3792.8499999999985,3594.8499999999985,1.7974249999999992,0.5635,4365.0
poor_evidence,19,repair_no_exclusion,1615,1941,326,59,0,0,0,6,332,992,0,8075.0,1941.0,595.2000000000111,99.99999999999646,99.59999999999941,31.0,0.0,252.0,825.800000000007,5308.199999999993,5056.199999999993,2.5280999999999967,0.8075,1925.0
poor_evidence,19,verify_and_retry,1615,1916,301,84,0,0,0,6,307,2000,0,8075.0,1916.0,1200.0000000000007,0.0,92.09999999999948,31.0,0.0,252.0,1323.1000000000001,4835.9,4583.9,2.29195,0.8075,1925.0
poor_evidence,19,scope_only,1600,1986,386,0,0,0,14,0,0,0,0,8000.0,1986.0,0.0,0.0,0.0,0.0,199.99999999999292,198.0,199.99999999999292,5814.000000000007,5616.000000000007,2.808000000000004,0.8,2000.0
poor_evidence,19,repair_no_appeal,1122,1299,177,28,673,492,0,5,182,636,0,5610.0,1299.0,381.60000000000304,66.34999999999837,54.59999999999984,22.0,0.0,204.0,524.5500000000012,3786.449999999999,3582.449999999999,1.7912249999999994,0.561,4390.0
poor_evidence,19,repair_with_scope,1123,1301,178,27,664,486,8,6,218,637,0,5615.0,1301.0,382.20000000000306,66.39999999999837,65.39999999999974,24.0,133.5999999999967,162.0,671.5999999999979,3642.4000000000024,3480.4000000000024,1.740200000000001,0.5615,4385.0
poor_evidence,20,always_verify,1575,1920,345,80,0,0,0,0,0,2000,0,7875.0,1920.0,1200.0000000000007,0.0,0.0,0.0,0.0,330.0,1200.0000000000007,4754.999999999999,4424.999999999999,2.2124999999999995,0.7875,2125.0
poor_evidence,20,naive_trust,1575,2000,425,0,0,0,0,0,0,0,0,7875.0,2000.0,0.0,0.0,0.0,0.0,0.0,330.0,0.0,5875.0,5545.0,2.7725,0.7875,2125.0
poor_evidence,20,reputation_only,1008,1212,204,22,766,567,0,0,0,677,0,5040.0,1212.0,406.20000000000397,0.0,0.0,0.0,0.0,204.0,406.20000000000397,3421.799999999996,3217.799999999996,1.608899999999998,0.504,4960.0
poor_evidence,20,repair,1040,1246,206,22,732,541,0,6,259,665,0,5200.0,1246.0,399.0000000000037,63.399999999998535,77.69999999999962,17.0,0.0,204.0,557.1000000000018,3396.8999999999983,3192.8999999999983,1.596449999999999,0.52,4800.0
poor_evidence,20,repair_no_exclusion,1583,1953,370,47,0,0,0,8,378,1066,0,7915.0,1953.0,639.6000000000128,99.99999999999646,113.39999999999928,28.0,0.0,330.0,881.0000000000085,5080.999999999992,4750.999999999992,2.3754999999999957,0.7915,2085.0
poor_evidence,20,verify_and_retry,1583,1920,337,80,0,0,0,8,345,2000,0,7915.0,1920.0,1200.0000000000007,0.0,103.49999999999937,28.0,0.0,330.0,1331.5,4663.5,4333.5,2.16675,0.7915,2085.0
poor_evidence,20,scope_only,1562,1983,421,0,0,0,17,0,0,0,0,7810.0,1983.0,0.0,0.0,0.0,0.0,199.99999999999292,252.0,199.99999999999292,5627.000000000007,5375.000000000007,2.6875000000000036,0.781,2190.0
poor_evidence,20,repair_no_appeal,1025,1224,199,23,753,556,0,6,205,669,0,5125.0,1224.0,401.4000000000038,62.349999999998595,61.49999999999977,18.0,0.0,204.0,543.2500000000022,3357.7499999999977,3153.7499999999977,1.576874999999999,0.5125,4875.0
poor_evidence,20,repair_with_scope,1034,1240,206,21,729,539,10,6,259,662,0,5170.0,1240.0,397.2000000000036,63.049999999998555,77.69999999999962,17.0,127.09999999999705,156.0,682.0499999999988,3247.950000000001,3091.950000000001,1.5459750000000005,0.517,4830.0
poor_evidence,21,always_verify,1534,1913,379,87,0,0,0,0,0,2000,0,7670.0,1913.0,1200.0000000000007,0.0,0.0,0.0,0.0,240.0,1200.0000000000007,4556.999999999999,4316.999999999999,2.1584999999999996,0.767,2330.0
poor_evidence,21,naive_trust,1534,2000,466,0,0,0,0,0,0,0,0,7670.0,2000.0,0.0,0.0,0.0,0.0,0.0,240.0,0.0,5670.0,5430.0,2.715,0.767,2330.0
poor_evidence,21,reputation_only,1023,1228,205,25,747,511,0,0,0,669,0,5115.0,1228.0,401.4000000000038,0.0,0.0,0.0,0.0,192.0,401.4000000000038,3485.5999999999963,3293.5999999999963,1.646799999999998,0.5115,4885.0
poor_evidence,21,repair,1044,1247,203,25,728,493,0,3,239,663,0,5220.0,1247.0,397.80000000000365,63.59999999999852,71.69999999999968,12.0,0.0,204.0,545.1000000000018,3427.8999999999983,3223.8999999999983,1.611949999999999,0.522,4780.0
poor_evidence,21,repair_no_exclusion,1539,1937,398,63,0,0,0,5,403,1083,0,7695.0,1937.0,649.8000000000131,99.99999999999646,120.89999999999921,20.0,0.0,246.0,890.7000000000088,4867.299999999991,4621.299999999991,2.3106499999999954,0.7695,2305.0
poor_evidence,21,verify_and_retry,1539,1913,374,87,0,0,0,5,379,2000,0,7695.0,1913.0,1200.0000000000007,0.0,113.69999999999928,20.0,0.0,246.0,1333.7,4448.3,4202.3,2.10115,0.7695,2305.0
poor_evidence,21,scope_only,1525,1987,462,0,0,0,13,0,0,0,0,7625.0,1987.0,0.0,0.0,0.0,0.0,199.99999999999292,186.0,199.99999999999292,5438.000000000007,5252.000000000007,2.6260000000000034,0.7625,2375.0
poor_evidence,21,repair_no_appeal,1034,1237,203,25,738,503,0,3,206,665,0,5170.0,1237.0,399.0000000000037,63.09999999999855,61.79999999999977,12.0,0.0,204.0,535.900000000002,3397.099999999998,3193.099999999998,1.596549999999999,0.517,4830.0
poor_evidence,21,repair_with_scope,1040,1243,203,24,725,490,8,2,238,658,0,5200.0,1243.0,394.80000000000354,63.34999999999854,71.39999999999968,11.0,127.49999999999703,168.0,668.0499999999988,3288.950000000001,3120.950000000001,1.5604750000000005,0.52,4800.0
poor_evidence,22,always_verify,1558,1927,369,73,0,0,0,0,0,2000,0,7790.0,1927.0,1200.0000000000007,0.0,0.0,0.0,0.0,270.0,1200.0000000000007,4662.999999999999,4392.999999999999,2.1964999999999995,0.779,2210.0
poor_evidence,22,naive_trust,1558,2000,442,0,0,0,0,0,0,0,0,7790.0,2000.0,0.0,0.0,0.0,0.0,0.0,270.0,0.0,5790.0,5520.0,2.76,0.779,2210.0
poor_evidence,22,reputation_only,1016,1217,201,29,754,542,0,0,0,646,0,5080.0,1217.0,387.60000000000326,0.0,0.0,0.0,0.0,174.0,387.60000000000326,3475.399999999997,3301.399999999997,1.6506999999999985,0.508,4920.0
poor_evidence,22,repair,1052,1250,198,29,721,512,0,6,240,641,0,5260.0,1250.0,384.60000000000315,63.949999999998504,71.99999999999967,22.0,0.0,186.0,542.5500000000013,3467.449999999999,3281.449999999999,1.6407249999999995,0.526,4740.0
poor_evidence,22,repair_no_exclusion,1566,1950,384,50,0,0,0,8,392,1051,0,7830.0,1950.0,630.6000000000124,99.99999999999646,117.59999999999924,31.0,0.0,276.0,879.2000000000081,5000.799999999992,4724.799999999992,2.362399999999996,0.783,2170.0
poor_evidence,22,verify_and_retry,1566,1927,361,73,0,0,0,8,369,2000,0,7830.0,1927.0,1200.0000000000007,0.0,110.6999999999993,31.0,0.0,276.0,1341.7,4561.3,4285.3,2.14265,0.783,2170.0
poor_evidence,22,scope_only,1546,1985,439,0,0,0,15,0,0,0,0,7730.0,1985.0,0.0,0.0,0.0,0.0,199.99999999999292,198.0,199.99999999999292,5545.000000000007,5347.000000000007,2.6735000000000038,0.773,2270.0
poor_evidence,22,repair_no_appeal,1032,1228,196,30,742,532,0,6,202,645,0,5160.0,1228.0,387.00000000000324,62.89999999999856,60.59999999999978,20.0,0.0,186.0,530.5000000000016,3401.499999999998,3215.499999999998,1.6077499999999991,0.516,4840.0
poor_evidence,22,repair_with_scope,1043,1242,199,28,721,513,9,5,240,638,0,5215.0,1242.0,382.8000000000031,63.49999999999853,71.99999999999967,21.0,127.89999999999701,138.0,667.1999999999983,3305.8000000000015,3167.8000000000015,1.5839000000000008,0.5215,4785.0
poor_evidence,23,always_verify,1559,1905,346,95,0,0,0,0,0,2000,0,7795.0,1905.0,1200.0000000000007,0.0,0.0,0.0,0.0,288.0,1200.0000000000007,4689.999999999999,4401.999999999999,2.2009999999999996,0.7795,2205.0
poor_evidence,23,naive_trust,1559,2000,441,0,0,0,0,0,0,0,0,7795.0,2000.0,0.0,0.0,0.0,0.0,0.0,288.0,0.0,5795.0,5507.0,2.7535,0.7795,2205.0
poor_evidence,23,reputation_only,1017,1216,199,30,754,542,0,0,0,628,0,5085.0,1216.0,376.80000000000285,0.0,0.0,0.0,0.0,192.0,376.80000000000285,3492.199999999997,3300.199999999997,1.6500999999999986,0.5085,4915.0
poor_evidence,23,repair,1024,1224,200,29,747,535,0,0,239,628,0,5120.0,1224.0,376.80000000000285,62.64999999999858,71.69999999999968,21.0,0.0,192.0,532.1500000000011,3363.849999999999,3171.849999999999,1.5859249999999996,0.512,4880.0
poor_evidence,23,repair_no_exclusion,1560,1928,368,72,0,0,0,1,369,1043,0,7800.0,1928.0,625.8000000000122,99.99999999999646,110.6999999999993,27.0,0.0,288.0,863.500000000008,5008.499999999992,4720.499999999992,2.3602499999999957,0.78,2200.0
poor_evidence,23,verify_and_retry,1560,1905,345,95,0,0,0,1,346,2000,0,7800.0,1905.0,1200.0000000000007,0.0,103.79999999999937,27.0,0.0,288.0,1330.8,4564.2,4276.2,2.1381,0.78,2200.0
poor_evidence,23,scope_only,1544,1982,438,0,0,0,18,0,0,0,0,7720.0,1982.0,0.0,0.0,0.0,0.0,199.99999999999292,198.0,199.99999999999292,5538.000000000007,5340.000000000007,2.6700000000000035,0.772,2280.0
poor_evidence,23,repair_no_appeal,1017,1216,199,30,754,542,0,0,199,628,0,5085.0,1216.0,376.80000000000285,62.2999999999986,59.69999999999979,22.0,0.0,192.0,520.8000000000012,3348.199999999999,3156.199999999999,1.5780999999999994,0.5085,4915.0
poor_evidence,23,repair_with_scope,1019,1218,199,28,741,530,13,1,239,624,0,5095.0,1218.0,374.40000000000276,62.2999999999986,71.69999999999968,21.0,125.89999999999712,126.0,655.2999999999981,3221.7000000000016,3095.7000000000016,1.5478500000000008,0.5095,4905.0
poor_evidence,24,always_verify,1572,1912,340,88,0,0,0,0,0,2000,0,7860.0,1912.0,1200.0000000000007,0.0,0.0,0.0,0.0,300.0,1200.0000000000007,4747.999999999999,4447.999999999999,2.2239999999999998,0.786,2140.0
poor_evidence,24,naive_trust,1572,2000,428,0,0,0,0,0,0,0,0,7860.0,2000.0,0.0,0.0,0.0,0.0,0.0,300.0,0.0,5860.0,5560.0,2.78,0.786,2140.0
poor_evidence,24,reputation_only,1064,1255,191,26,719,508,0,0,0,676,0,5320.0,1255.0,405.60000000000394,0.0,0.0,0.0,0.0,210.0,405.60000000000394,3659.399999999996,3449.399999999996,1.724699999999998,0.532,4680.0
poor_evidence,24,repair,1093,1281,188,26,693,483,0,4,231,669,0,5465.0,1281.0,401.4000000000038,65.34999999999843,69.2999999999997,18.0,0.0,216.0,554.0500000000019,3629.949999999998,3413.949999999998,1.706974999999999,0.5465,4535.0
poor_evidence,24,repair_no_exclusion,1580,1939,359,61,0,0,0,8,367,1057,0,7900.0,1939.0,634.2000000000126,99.99999999999646,110.09999999999931,27.0,0.0,300.0,871.3000000000084,5089.699999999992,4789.699999999992,2.394849999999996,0.79,2100.0
poor_evidence,24,verify_and_retry,1580,1912,332,88,0,0,0,8,340,2000,0,7900.0,1912.0,1200.0000000000007,0.0,101.99999999999939,27.0,0.0,300.0,1329.0,4659.0,4359.0,2.1795,0.79,2100.0
poor_evidence,24,scope_only,1554,1981,427,0,0,0,19,0,0,0,0,7770.0,1981.0,0.0,0.0,0.0,0.0,199.99999999999292,192.0,199.99999999999292,5589.000000000007,5397.000000000007,2.6985000000000037,0.777,2230.0
poor_evidence,24,repair_no_appeal,1075,1263,188,26,711,501,0,4,192,675,0,5375.0,1263.0,405.0000000000039,64.44999999999848,57.59999999999981,18.0,0.0,210.0,545.0500000000022,3566.949999999998,3356.949999999998,1.678474999999999,0.5375,4625.0
poor_evidence,24,repair_with_scope,1079,1267,188,26,693,484,14,4,231,666,0,5395.0,1267.0,399.6000000000037,64.64999999999847,69.2999999999997,18.0,130.69999999999686,138.0,682.2499999999987,3445.7500000000014,3307.7500000000014,1.6538750000000007,0.5395,4605.0
poor_evidence,25,always_verify,1565,1924,359,76,0,0,0,0,0,2000,0,7825.0,1924.0,1200.0000000000007,0.0,0.0,0.0,0.0,294.0,1200.0000000000007,4700.999999999999,4406.999999999999,2.2034999999999996,0.7825,2175.0
poor_evidence,25,naive_trust,1565,2000,435,0,0,0,0,0,0,0,0,7825.0,2000.0,0.0,0.0,0.0,0.0,0.0,294.0,0.0,5825.0,5531.0,2.7655,0.7825,2175.0
poor_evidence,25,reputation_only,1018,1214,196,29,757,547,0,0,0,661,0,5090.0,1214.0,396.6000000000036,0.0,0.0,0.0,0.0,180.0,396.6000000000036,3479.3999999999965,3299.3999999999965,1.6496999999999982,0.509,4910.0
poor_evidence,25,repair,1043,1242,199,28,730,528,0,6,249,651,0,5215.0,1242.0,390.6000000000034,63.49999999999853,74.69999999999965,18.0,0.0,174.0,546.8000000000015,3426.1999999999985,3252.1999999999985,1.6260999999999992,0.5215,4785.0
poor_evidence,25,repair_no_exclusion,1571,1944,373,56,0,0,0,6,379,1049,0,7855.0,1944.0,629.4000000000124,99.99999999999646,113.69999999999928,24.0,0.0,294.0,867.1000000000081,5043.899999999992,4749.899999999992,2.374949999999996,0.7855,2145.0
poor_evidence,25,verify_and_retry,1571,1924,353,76,0,0,0,6,359,2000,0,7855.0,1924.0,1200.0000000000007,0.0,107.69999999999933,24.0,0.0,294.0,1331.7,4599.3,4305.3,2.15265,0.7855,2145.0
poor_evidence,25,scope_only,1549,1981,432,0,0,0,19,0,0,0,0,7745.0,1981.0,0.0,0.0,0.0,0.0,199.99999999999292,198.0,199.99999999999292,5564.000000000007,5366.000000000007,2.683000000000004,0.7745,2255.0
poor_evidence,25,repair_no_appeal,1026,1220,194,29,751,545,0,6,200,656,0,5130.0,1220.0,393.6000000000035,62.44999999999859,59.99999999999979,18.0,0.0,180.0,534.0500000000019,3375.949999999998,3195.949999999998,1.597974999999999,0.513,4870.0
poor_evidence,25,repair_with_scope,1038,1237,199,26,724,522,13,6,249,643,0,5190.0,1237.0,385.8000000000032,63.14999999999855,74.69999999999965,18.0,127.59999999999702,114.0,669.2499999999984,3283.750000000002,3169.750000000002,1.584875000000001,0.519,4810.0
poor_evidence,26,always_verify,1602,1931,329,69,0,0,0,0,0,2000,0,8010.0,1931.0,1200.0000000000007,0.0,0.0,0.0,0.0,312.0,1200.0000000000007,4878.999999999999,4566.999999999999,2.2834999999999996,0.801,1990.0
poor_evidence,26,naive_trust,1602,2000,398,0,0,0,0,0,0,0,0,8010.0,2000.0,0.0,0.0,0.0,0.0,0.0,312.0,0.0,6010.0,5698.0,2.849,0.801,1990.0
poor_evidence,26,reputation_only,1058,1255,197,19,726,544,0,0,0,667,0,5290.0,1255.0,400.20000000000374,0.0,0.0,0.0,0.0,240.0,400.20000000000374,3634.799999999996,3394.799999999996,1.697399999999998,0.529,4710.0
poor_evidence,26,repair,1093,1288,195,23,689,513,0,4,239,654,0,5465.0,1288.0,392.40000000000344,65.54999999999842,71.69999999999968,16.0,0.0,240.0,545.6500000000016,3631.3499999999985,3391.3499999999985,1.6956749999999994,0.5465,4535.0
poor_evidence,26,repair_no_exclusion,1608,1948,340,52,0,0,0,6,346,1017,0,8040.0,1948.0,610.2000000000116,99.99999999999646,103.79999999999937,24.0,0.0,312.0,838.0000000000075,5253.999999999993,4941.999999999993,2.4709999999999965,0.804,1960.0
poor_evidence,26,verify_and_retry,1608,1931,323,69,0,0,0,6,329,2000,0,8040.0,1931.0,1200.0000000000007,0.0,98.69999999999942,24.0,0.0,312.0,1322.7,4786.3,4474.3,2.23715,0.804,1960.0
poor_evidence,26,scope_only,1591,1984,393,0,0,0,16,0,0,0,0,7955.0,1984.0,0.0,0.0,0.0,0.0,199.99999999999292,246.0,199.99999999999292,5771.000000000007,5525.000000000007,2.7625000000000037,0.7955,2045.0
poor_evidence,26,repair_no_appeal,1062,1258,196,19,723,544,0,4,200,667,0,5310.0,1258.0,400.20000000000374,63.84999999999851,59.99999999999979,16.0,0.0,240.0,540.050000000002,3511.949999999998,3271.949999999998,1.635974999999999,0.531,4690.0
poor_evidence,26,repair_with_scope,1084,1280,196,21,686,511,13,4,240,655,0,5420.0,1280.0,393.00000000000347,65.04999999999845,71.99999999999967,16.0,131.39999999999682,174.0,677.4499999999985,3462.5500000000015,3288.5500000000015,1.6442750000000008,0.542,4580.0
poor_evidence,27,always_verify,1587,1931,344,69,0,0,0,0,0,2000,0,7935.0,1931.0,1200.0000000000007,0.0,0.0,0.0,0.0,318.0,1200.0000000000007,4803.999999999999,4485.999999999999,2.2429999999999994,0.7935,2065.0
poor_evidence,27,naive_trust,1587,2000,413,0,0,0,0,0,0,0,0,7935.0,2000.0,0.0,0.0,0.0,0.0,0.0,318.0,0.0,5935.0,5617.0,2.8085,0.7935,2065.0
poor_evidence,27,reputation_only,1049,1241,192,18,741,538,0,0,0,668,0,5245.0,1241.0,400.80000000000376,0.0,0.0,0.0,0.0,216.0,400.80000000000376,3603.199999999996,3387.199999999996,1.693599999999998,0.5245,4755.0
poor_evidence,27,repair,1103,1290,187,17,693,491,0,7,243,649,0,5515.0,1290.0,389.40000000000333,65.34999999999843,72.89999999999966,20.0,0.0,228.0,547.6500000000015,3677.3499999999985,3449.3499999999985,1.7246749999999993,0.5515,4485.0
poor_evidence,27,repair_no_exclusion,1596,1953,357,47,0,0,0,9,366,1001,0,7980.0,1953.0,600.6000000000113,99.99999999999646,109.79999999999932,31.0,0.0,318.0,841.400000000007,5185.599999999993,4867.599999999993,2.4337999999999966,0.798,2020.0
poor_evidence,27,verify_and_retry,1596,1931,335,69,0,0,0,9,344,2000,0,7980.0,1931.0,1200.0000000000007,0.0,103.19999999999938,31.0,0.0,318.0,1334.2,4714.8,4396.8,2.1984,0.798,2020.0
poor_evidence,27,scope_only,1575,1986,411,0,0,0,14,0,0,0,0,7875.0,1986.0,0.0,0.0,0.0,0.0,199.99999999999292,246.0,199.99999999999292,5689.000000000007,5443.000000000007,2.721500000000004,0.7875,2125.0
poor_evidence,27,repair_no_appeal,1071,1256,185,18,726,523,0,7,192,660,0,5355.0,1256.0,396.0000000000036,63.69999999999852,57.59999999999981,21.0,0.0,216.0,538.3000000000019,3560.699999999998,3344.699999999998,1.672349999999999,0.5355,4645.0
poor_evidence,27,repair_with_scope,1095,1280,185,19,693,492,8,7,241,650,0,5475.0,1280.0,390.00000000000335,64.94999999999845,72.29999999999967,20.0,130.69999999999686,186.0,677.9499999999983,3517.0500000000015,3331.0500000000015,1.6655250000000008,0.5475,4525.0
poor_evidence,28,always_verify,1465,1868,403,132,0,0,0,0,0,2000,0,7325.0,1868.0,1200.0000000000007,0.0,0.0,0.0,0.0,318.0,1200.0000000000007,4256.999999999999,3938.999999999999,1.9694999999999996,0.7325,2675.0
poor_evidence,28,naive_trust,1465,2000,535,0,0,0,0,0,0,0,0,7325.0,2000.0,0.0,0.0,0.0,0.0,0.0,318.0,0.0,5325.0,5007.0,2.5035,0.7325,2675.0
poor_evidence,28,reputation_only,897,1115,218,40,845,568,0,0,0,667,0,4485.0,1115.0,400.20000000000374,0.0,0.0,0.0,0.0,198.0,400.20000000000374,2969.799999999996,2771.799999999996,1.3858999999999981,0.4485,5515.0
poor_evidence,28,repair,932,1149,217,39,812,541,0,8,270,664,0,4660.0,1149.0,398.4000000000037,59.39999999999876,80.99999999999959,20.0,0.0,204.0,558.800000000002,2952.199999999998,2748.199999999998,1.374099999999999,0.466,5340.0
poor_evidence,28,repair_no_exclusion,1475,1897,422,103,0,0,0,10,432,1176,0,7375.0,1897.0,705.6000000000153,99.99999999999646,129.5999999999992,26.0,0.0,324.0,961.200000000011,4516.799999999989,4192.799999999989,2.0963999999999947,0.7375,2625.0
poor_evidence,28,verify_and_retry,1475,1868,393,132,0,0,0,10,403,2000,0,7375.0,1868.0,1200.0000000000007,0.0,120.89999999999921,26.0,0.0,324.0,1346.8999999999999,4160.1,3836.1000000000004,1.9180500000000003,0.7375,2625.0
poor_evidence,28,scope_only,1454,1984,530,0,0,0,16,0,0,0,0,7270.0,1984.0,0.0,0.0,0.0,0.0,199.99999999999292,252.0,199.99999999999292,5086.000000000007,4834.000000000007,2.417000000000004,0.727,2730.0
poor_evidence,28,repair_no_appeal,909,1124,215,39,837,562,0,6,221,664,0,4545.0,1124.0,398.4000000000037,58.14999999999883,66.29999999999973,18.0,0.0,198.0,540.8500000000022,2880.149999999998,2682.149999999998,1.341074999999999,0.4545,5455.0
poor_evidence,28,repair_with_scope,927,1143,216,38,808,538,11,7,268,663,0,4635.0,1143.0,397.80000000000365,59.04999999999878,80.3999999999996,17.0,119.1999999999975,156.0,673.4499999999995,2818.5500000000006,2662.5500000000006,1.3312750000000002,0.4635,5365.0
poor_evidence,29,always_verify,1648,1943,295,57,0,0,0,0,0,2000,0,8240.0,1943.0,1200.0000000000007,0.0,0.0,0.0,0.0,246.0,1200.0000000000007,5096.999999999999,4850.999999999999,2.4254999999999995,0.824,1760.0
poor_evidence,29,naive_trust,1648,2000,352,0,0,0,0,0,0,0,0,8240.0,2000.0,0.0,0.0,0.0,0.0,0.0,246.0,0.0,6240.0,5994.0,2.997,0.824,1760.0
poor_evidence,29,reputation_only,1128,1310,182,17,673,520,0,0,0,666,0,5640.0,1310.0,399.6000000000037,0.0,0.0,0.0,0.0,168.0,399.6000000000037,3930.3999999999965,3762.3999999999965,1.8811999999999982,0.564,4360.0
poor_evidence,29,repair,1152,1336,184,15,649,500,0,4,224,653,0,5760.0,1336.0,391.8000000000034,67.5499999999983,67.19999999999972,15.0,0.0,168.0,541.5500000000014,3882.4499999999985,3714.4499999999985,1.8572249999999992,0.576,4240.0
poor_evidence,29,repair_no_exclusion,1653,1964,311,36,0,0,0,5,316,967,0,8265.0,1964.0,580.2000000000105,99.99999999999646,94.79999999999946,22.0,0.0,246.0,797.0000000000064,5503.999999999994,5257.999999999994,2.628999999999997,0.8265,1735.0
poor_evidence,29,verify_and_retry,1653,1943,290,57,0,0,0,5,295,2000,0,8265.0,1943.0,1200.0000000000007,0.0,88.49999999999952,22.0,0.0,246.0,1310.5000000000002,5011.5,4765.5,2.38275,0.8265,1735.0
poor_evidence,29,scope_only,1634,1984,350,0,0,0,16,0,0,0,0,8170.0,1984.0,0.0,0.0,0.0,0.0,199.99999999999292,162.0,199.99999999999292,5986.000000000007,5824.000000000007,2.9120000000000035,0.817,1830.0
poor_evidence,29,repair_no_appeal,1133,1314,181,17,669,519,0,4,185,665,0,5665.0,1314.0,399.0000000000037,66.54999999999836,55.49999999999983,15.0,0.0,168.0,536.0500000000019,3814.949999999998,3646.949999999998,1.823474999999999,0.5665,4335.0
poor_evidence,29,repair_with_scope,1148,1332,184,13,643,494,12,4,224,654,0,5740.0,1332.0,392.40000000000344,67.24999999999832,67.19999999999972,15.0,135.69999999999658,108.0,677.549999999998,3730.450000000002,3622.450000000002,1.811225000000001,0.574,4260.0
poor_evidence,30,always_verify,1589,1925,336,75,0,0,0,0,0,2000,0,7945.0,1925.0,1200.0000000000007,0.0,0.0,0.0,0.0,240.0,1200.0000000000007,4819.999999999999,4579.999999999999,2.2899999999999996,0.7945,2055.0
poor_evidence,30,naive_trust,1589,2000,411,0,0,0,0,0,0,0,0,7945.0,2000.0,0.0,0.0,0.0,0.0,0.0,240.0,0.0,5945.0,5705.0,2.8525,0.7945,2055.0
poor_evidence,30,reputation_only,1097,1282,185,25,693,492,0,0,0,639,0,5485.0,1282.0,383.4000000000031,0.0,0.0,0.0,0.0,162.0,383.4000000000031,3819.5999999999967,3657.5999999999967,1.8287999999999984,0.5485,4515.0
poor_evidence,30,repair,1114,1300,186,25,675,477,0,2,223,633,0,5570.0,1300.0,379.80000000000297,66.24999999999838,66.89999999999972,17.0,0.0,156.0,529.9500000000011,3740.049999999999,3584.049999999999,1.7920249999999993,0.557,4430.0
poor_evidence,30,repair_no_exclusion,1592,1943,351,57,0,0,0,3,354,1000,0,7960.0,1943.0,600.0000000000113,99.99999999999646,106.19999999999935,24.0,0.0,240.0,830.2000000000071,5186.799999999993,4946.799999999993,2.4733999999999963,0.796,2040.0
poor_evidence,30,verify_and_retry,1592,1925,333,75,0,0,0,3,336,2000,0,7960.0,1925.0,1200.0000000000007,0.0,100.7999999999994,24.0,0.0,240.0,1324.8000000000002,4710.2,4470.2,2.2351,0.796,2040.0
poor_evidence,30,scope_only,1581,1988,407,0,0,0,12,0,0,0,0,7905.0,1988.0,0.0,0.0,0.0,0.0,199.99999999999292,192.0,199.99999999999292,5717.000000000007,5525.000000000007,2.7625000000000037,0.7905,2095.0
poor_evidence,30,repair_no_appeal,1105,1288,183,25,687,486,0,2,185,636,0,5525.0,1288.0,381.60000000000304,65.64999999999841,55.49999999999983,16.0,0.0,162.0,518.7500000000013,3718.2499999999986,3556.2499999999986,1.7781249999999993,0.5525,4475.0
poor_evidence,30,repair_with_scope,1111,1297,186,24,672,475,7,2,223,630,0,5555.0,1297.0,378.0000000000029,66.04999999999839,66.89999999999972,16.0,132.79999999999674,126.0,659.7499999999977,3598.2500000000023,3472.2500000000023,1.736125000000001,0.5555,4445.0
poor_evidence,31,always_verify,1520,1909,389,91,0,0,0,0,0,2000,0,7600.0,1909.0,1200.0000000000007,0.0,0.0,0.0,0.0,216.0,1200.0000000000007,4490.999999999999,4274.999999999999,2.1374999999999997,0.76,2400.0
poor_evidence,31,naive_trust,1520,2000,480,0,0,0,0,0,0,0,0,7600.0,2000.0,0.0,0.0,0.0,0.0,0.0,216.0,0.0,5600.0,5384.0,2.692,0.76,2400.0
poor_evidence,31,reputation_only,948,1164,216,29,807,572,0,0,0,663,0,4740.0,1164.0,397.80000000000365,0.0,0.0,0.0,0.0,144.0,397.80000000000365,3178.199999999996,3034.199999999996,1.5170999999999981,0.474,5260.0
poor_evidence,31,repair,987,1202,215,28,770,538,0,5,265,652,0,4935.0,1202.0,391.2000000000034,61.49999999999864,79.4999999999996,17.0,0.0,156.0,549.2000000000016,3183.7999999999984,3027.7999999999984,1.5138999999999991,0.4935,5065.0
poor_evidence,31,repair_no_exclusion,1527,1932,405,68,0,0,0,7,412,1110,0,7635.0,1932.0,666.0000000000138,99.99999999999646,123.59999999999918,24.0,0.0,222.0,913.6000000000095,4789.3999999999905,4567.3999999999905,2.283699999999995,0.7635,2365.0
poor_evidence,31,verify_and_retry,1527,1909,382,91,0,0,0,7,389,2000,0,7635.0,1909.0,1200.0000000000007,0.0,116.69999999999925,24.0,0.0,222.0,1340.6999999999998,4385.3,4163.3,2.0816500000000002,0.7635,2365.0
poor_evidence,31,scope_only,1511,1989,478,0,0,0,11,0,0,0,0,7555.0,1989.0,0.0,0.0,0.0,0.0,199.99999999999292,162.0,199.99999999999292,5366.000000000007,5204.000000000007,2.6020000000000034,0.7555,2445.0
poor_evidence,31,repair_no_appeal,963,1176,213,28,796,562,0,5,218,664,0,4815.0,1176.0,398.4000000000037,60.19999999999872,65.39999999999974,15.0,0.0,150.0,539.0000000000022,3099.9999999999977,2949.9999999999977,1.4749999999999988,0.4815,5185.0
poor_evidence,31,repair_with_scope,980,1195,215,28,770,538,7,4,264,650,0,4900.0,1195.0,390.00000000000335,61.14999999999866,79.1999999999996,16.0,122.99999999999729,114.0,669.3499999999989,3035.650000000001,2921.650000000001,1.4608250000000005,0.49,5100.0
poor_evidence,32,always_verify,1455,1874,419,126,0,0,0,0,0,2000,0,7275.0,1874.0,1200.0000000000007,0.0,0.0,0.0,0.0,294.0,1200.0000000000007,4200.999999999999,3906.999999999999,1.9534999999999996,0.7275,2725.0
poor_evidence,32,naive_trust,1455,2000,545,0,0,0,0,0,0,0,0,7275.0,2000.0,0.0,0.0,0.0,0.0,0.0,294.0,0.0,5275.0,4981.0,2.4905,0.7275,2725.0
poor_evidence,32,reputation_only,883,1104,221,40,856,572,0,0,0,686,0,4415.0,1104.0,411.6000000000042,0.0,0.0,0.0,0.0,186.0,411.6000000000042,2899.399999999996,2713.399999999996,1.356699999999998,0.4415,5585.0
poor_evidence,32,repair,905,1125,220,40,835,553,0,3,265,688,0,4525.0,1125.0,412.8000000000042,58.24999999999883,79.4999999999996,21.0,0.0,180.0,571.5500000000027,2828.449999999997,2648.449999999997,1.3242249999999987,0.4525,5475.0
poor_evidence,32,repair_no_exclusion,1461,1902,441,98,0,0,0,6,447,1178,0,7305.0,1902.0,706.8000000000153,99.99999999999646,134.09999999999937,25.0,0.0,294.0,965.9000000000111,4437.0999999999885,4143.0999999999885,2.0715499999999945,0.7305,2695.0
poor_evidence,32,verify_and_retry,1461,1874,413,126,0,0,0,6,419,2000,0,7305.0,1874.0,1200.0000000000007,0.0,125.69999999999916,25.0,0.0,294.0,1350.6999999999998,4080.3,3786.3,1.89315,0.7305,2695.0
poor_evidence,32,scope_only,1440,1982,542,0,0,0,18,0,0,0,0,7200.0,1982.0,0.0,0.0,0.0,0.0,199.99999999999292,204.0,199.99999999999292,5018.000000000007,4814.000000000007,2.4070000000000036,0.72,2800.0
poor_evidence,32,repair_no_appeal,891,1110,219,40,850,567,0,3,222,686,0,4455.0,1110.0,411.6000000000042,57.49999999999887,66.59999999999972,20.0,0.0,180.0,555.7000000000028,2789.2999999999975,2609.2999999999975,1.3046499999999988,0.4455,5545.0
poor_evidence,32,repair_with_scope,903,1122,219,40,832,550,6,3,264,688,0,4515.0,1122.0,412.8000000000042,58.099999999998836,79.1999999999996,21.0,116.79999999999764,150.0,687.9000000000003,2705.0999999999995,2555.0999999999995,1.2775499999999997,0.4515,5485.0
poor_evidence,33,always_verify,1629,1933,304,67,0,0,0,0,0,2000,0,8145.0,1933.0,1200.0000000000007,0.0,0.0,0.0,0.0,360.0,1200.0000000000007,5011.999999999999,4651.999999999999,2.3259999999999996,0.8145,1855.0
poor_evidence,33,naive_trust,1629,2000,371,0,0,0,0,0,0,0,0,8145.0,2000.0,0.0,0.0,0.0,0.0,0.0,360.0,0.0,6145.0,5785.0,2.8925,0.8145,1855.0
poor_evidence,33,reputation_only,1101,1282,181,25,693,528,0,0,0,648,0,5505.0,1282.0,388.8000000000033,0.0,0.0,0.0,0.0,276.0,388.8000000000033,3834.1999999999966,3558.1999999999966,1.7790999999999983,0.5505,4495.0
poor_evidence,33,repair,1127,1306,179,26,668,508,0,6,226,644,0,5635.0,1306.0,386.4000000000032,66.59999999999836,67.79999999999971,20.0,0.0,282.0,540.8000000000013,3788.199999999999,3506.199999999999,1.7530999999999994,0.5635,4365.0
poor_evidence,33,repair_no_exclusion,1635,1950,315,50,0,0,0,6,321,980,0,8175.0,1950.0,588.0000000000108,99.99999999999646,96.29999999999944,24.0,0.0,366.0,808.3000000000067,5416.699999999993,5050.699999999993,2.525349999999997,0.8175,1825.0
poor_evidence,33,verify_and_retry,1635,1933,298,67,0,0,0,6,304,2000,0,8175.0,1933.0,1200.0000000000007,0.0,91.19999999999949,24.0,0.0,366.0,1315.2000000000003,4926.799999999999,4560.799999999999,2.2803999999999998,0.8175,1825.0
poor_evidence,33,scope_only,1609,1975,366,0,0,0,25,0,0,0,0,8045.0,1975.0,0.0,0.0,0.0,0.0,199.99999999999292,240.0,199.99999999999292,5870.000000000007,5630.000000000007,2.8150000000000035,0.8045,1955.0
poor_evidence,33,repair_no_appeal,1114,1291,177,26,683,521,0,6,183,647,0,5570.0,1291.0,388.2000000000033,65.8499999999984,54.899999999999835,20.0,0.0,282.0,528.9500000000015,3750.0499999999984,3468.0499999999984,1.7340249999999993,0.557,4430.0
poor_evidence,33,repair_with_scope,1112,1291,179,25,665,505,19,5,225,642,0,5560.0,1291.0,385.2000000000032,65.7999999999984,67.49999999999972,19.0,133.4999999999967,174.0,670.999999999998,3598.000000000002,3424.000000000002,1.7120000000000009,0.556,4440.0
poor_evidence,34,always_verify,1644,1937,293,63,0,0,0,0,0,2000,0,8220.0,1937.0,1200.0000000000007,0.0,0.0,0.0,0.0,318.0,1200.0000000000007,5082.999999999999,4764.999999999999,2.3824999999999994,0.822,1780.0
poor_evidence,34,naive_trust,1644,2000,356,0,0,0,0,0,0,0,0,8220.0,2000.0,0.0,0.0,0.0,0.0,0.0,318.0,0.0,6220.0,5902.0,2.951,0.822,1780.0
poor_evidence,34,reputation_only,1121,1306,185,16,678,523,0,0,0,639,0,5605.0,1306.0,383.4000000000031,0.0,0.0,0.0,0.0,186.0,383.4000000000031,3915.5999999999967,3729.5999999999967,1.8647999999999985,0.5605,4395.0
poor_evidence,34,repair,1142,1326,184,16,658,506,0,4,225,634,0,5710.0,1326.0,380.400000000003,67.09999999999833,67.49999999999972,16.0,0.0,204.0,531.000000000001,3852.999999999999,3648.999999999999,1.8244999999999996,0.571,4290.0
poor_evidence,34,repair_no_exclusion,1651,1960,309,40,0,0,0,7,316,940,0,8255.0,1960.0,564.0000000000099,99.99999999999646,94.79999999999946,23.0,0.0,318.0,781.8000000000059,5513.199999999994,5195.199999999994,2.5975999999999972,0.8255,1745.0
poor_evidence,34,verify_and_retry,1651,1937,286,63,0,0,0,7,293,2000,0,8255.0,1937.0,1200.0000000000007,0.0,87.89999999999952,23.0,0.0,318.0,1310.9,5007.1,4689.1,2.3445500000000004,0.8255,1745.0
poor_evidence,34,scope_only,1633,1987,354,0,0,0,13,0,0,0,0,8165.0,1987.0,0.0,0.0,0.0,0.0,199.99999999999292,252.0,199.99999999999292,5978.000000000007,5726.000000000007,2.8630000000000035,0.8165,1835.0
poor_evidence,34,repair_no_appeal,1129,1312,183,16,672,517,0,2,185,637,0,5645.0,1312.0,382.20000000000306,66.39999999999837,55.49999999999983,14.0,0.0,192.0,518.1000000000013,3814.8999999999987,3622.8999999999987,1.8114499999999993,0.5645,4355.0
poor_evidence,34,repair_with_scope,1135,1320,185,15,658,507,7,4,226,633,0,5675.0,1320.0,379.80000000000297,66.74999999999835,67.79999999999971,16.0,134.19999999999666,168.0,664.5499999999977,3690.4500000000025,3522.4500000000025,1.7612250000000014,0.5675,4325.0
poor_evidence,35,always_verify,1568,1928,360,72,0,0,0,0,0,2000,0,7840.0,1928.0,1200.0000000000007,0.0,0.0,0.0,0.0,240.0,1200.0000000000007,4711.999999999999,4471.999999999999,2.2359999999999998,0.784,2160.0
poor_evidence,35,naive_trust,1568,2000,432,0,0,0,0,0,0,0,0,7840.0,2000.0,0.0,0.0,0.0,0.0,0.0,240.0,0.0,5840.0,5600.0,2.8,0.784,2160.0
poor_evidence,35,reputation_only,1049,1253,204,17,730,519,0,0,0,649,0,5245.0,1253.0,389.40000000000333,0.0,0.0,0.0,0.0,162.0,389.40000000000333,3602.5999999999967,3440.5999999999967,1.7202999999999984,0.5245,4755.0
poor_evidence,35,repair,1069,1270,201,22,708,505,0,6,247,645,0,5345.0,1270.0,387.00000000000324,64.59999999999847,74.09999999999965,17.0,0.0,156.0,542.7000000000014,3532.2999999999984,3376.2999999999984,1.6881499999999992,0.5345,4655.0
poor_evidence,35,repair_no_exclusion,1575,1953,378,47,0,0,0,7,385,1043,0,7875.0,1953.0,625.8000000000122,99.99999999999646,115.49999999999926,24.0,0.0,240.0,865.3000000000079,5056.699999999992,4816.699999999992,2.408349999999996,0.7875,2125.0
poor_evidence,35,verify_and_retry,1575,1928,353,72,0,0,0,7,360,2000,0,7875.0,1928.0,1200.0000000000007,0.0,107.99999999999933,24.0,0.0,240.0,1332.0,4615.0,4375.0,2.1875,0.7875,2125.0
poor_evidence,35,scope_only,1559,1988,429,0,0,0,12,0,0,0,0,7795.0,1988.0,0.0,0.0,0.0,0.0,199.99999999999292,186.0,199.99999999999292,5607.000000000007,5421.000000000007,2.7105000000000037,0.7795,2205.0
poor_evidence,35,repair_no_appeal,1065,1264,199,18,718,509,0,6,205,641,0,5325.0,1264.0,384.60000000000315,64.0999999999985,61.49999999999977,16.0,0.0,162.0,526.2000000000014,3534.7999999999984,3372.7999999999984,1.6863999999999992,0.5325,4675.0
poor_evidence,35,repair_with_scope,1067,1268,201,21,705,503,6,6,247,643,0,5335.0,1268.0,385.8000000000032,64.44999999999848,74.09999999999965,17.0,129.49999999999693,138.0,670.8499999999983,3396.1500000000015,3258.1500000000015,1.6290750000000007,0.5335,4665.0
poor_evidence,36,always_verify,1586,1910,324,90,0,0,0,0,0,2000,0,7930.0,1910.0,1200.0000000000007,0.0,0.0,0.0,0.0,312.0,1200.0000000000007,4819.999999999999,4507.999999999999,2.2539999999999996,0.793,2070.0
poor_evidence,36,naive_trust,1586,2000,414,0,0,0,0,0,0,0,0,7930.0,2000.0,0.0,0.0,0.0,0.0,0.0,312.0,0.0,5930.0,5618.0,2.809,0.793,2070.0
poor_evidence,36,reputation_only,1038,1230,192,30,740,548,0,0,0,677,0,5190.0,1230.0,406.20000000000397,0.0,0.0,0.0,0.0,216.0,406.20000000000397,3553.799999999996,3337.799999999996,1.668899999999998,0.519,4810.0
poor_evidence,36,repair,1090,1277,187,31,692,504,0,8,229,658,0,5450.0,1277.0,394.80000000000354,65.39999999999843,68.6999999999997,21.0,0.0,228.0,549.9000000000017,3623.0999999999985,3395.0999999999985,1.6975499999999992,0.545,4550.0
poor_evidence,36,repair_no_exclusion,1599,1935,336,65,0,0,0,13,349,1035,0,7995.0,1935.0,621.000000000012,99.99999999999646,104.69999999999936,34.0,0.0,318.0,859.7000000000079,5200.299999999992,4882.299999999992,2.441149999999996,0.7995,2005.0
poor_evidence,36,verify_and_retry,1599,1910,311,90,0,0,0,13,324,2000,0,7995.0,1910.0,1200.0000000000007,0.0,97.19999999999943,34.0,0.0,318.0,1331.2,4753.8,4435.8,2.2179,0.7995,2005.0
poor_evidence,36,scope_only,1575,1985,410,0,0,0,15,0,0,0,0,7875.0,1985.0,0.0,0.0,0.0,0.0,199.99999999999292,246.0,199.99999999999292,5690.000000000007,5444.000000000007,2.7220000000000035,0.7875,2125.0
poor_evidence,36,repair_no_appeal,1066,1251,185,30,719,528,0,8,193,663,0,5330.0,1251.0,397.80000000000365,64.0499999999985,57.89999999999981,21.0,0.0,216.0,540.7500000000019,3538.249999999998,3322.249999999998,1.661124999999999,0.533,4670.0
poor_evidence,36,repair_with_scope,1078,1264,186,32,692,506,12,7,227,654,0,5390.0,1264.0,392.40000000000344,64.79999999999846,68.09999999999971,20.0,130.79999999999686,168.0,676.0999999999984,3449.9000000000015,3281.9000000000015,1.6409500000000008,0.539,4610.0
poor_evidence,37,always_verify,1606,1931,325,69,0,0,0,0,0,2000,0,8030.0,1931.0,1200.0000000000007,0.0,0.0,0.0,0.0,240.0,1200.0000000000007,4898.999999999999,4658.999999999999,2.3294999999999995,0.803,1970.0
poor_evidence,37,naive_trust,1606,2000,394,0,0,0,0,0,0,0,0,8030.0,2000.0,0.0,0.0,0.0,0.0,0.0,240.0,0.0,6030.0,5790.0,2.895,0.803,1970.0
poor_evidence,37,reputation_only,1101,1287,186,20,693,505,0,0,0,645,0,5505.0,1287.0,387.00000000000324,0.0,0.0,0.0,0.0,168.0,387.00000000000324,3830.999999999997,3662.999999999997,1.8314999999999984,0.5505,4495.0
poor_evidence,37,repair,1108,1298,190,21,681,499,0,1,228,643,0,5540.0,1298.0,385.8000000000032,65.9499999999984,68.39999999999971,14.0,0.0,168.0,534.1500000000013,3707.8499999999985,3539.8499999999985,1.7699249999999993,0.554,4460.0
poor_evidence,37,repair_no_exclusion,1609,1950,341,50,0,0,0,3,344,1005,0,8045.0,1950.0,603.0000000000114,99.99999999999646,103.19999999999938,21.0,0.0,240.0,827.2000000000072,5267.799999999993,5027.799999999993,2.5138999999999965,0.8045,1955.0
poor_evidence,37,verify_and_retry,1609,1931,322,69,0,0,0,3,325,2000,0,8045.0,1931.0,1200.0000000000007,0.0,97.49999999999943,21.0,0.0,240.0,1318.5,4795.5,4555.5,2.27775,0.8045,1955.0
poor_evidence,37,scope_only,1599,1990,391,0,0,0,10,0,0,0,0,7995.0,1990.0,0.0,0.0,0.0,0.0,199.99999999999292,198.0,199.99999999999292,5805.000000000007,5607.000000000007,2.8035000000000037,0.7995,2005.0
poor_evidence,37,repair_no_appeal,1101,1286,185,21,693,506,0,1,186,645,0,5505.0,1286.0,387.00000000000324,65.34999999999843,55.79999999999983,11.0,0.0,168.0,519.1500000000015,3699.8499999999985,3531.8499999999985,1.7659249999999993,0.5505,4495.0
poor_evidence,37,repair_with_scope,1108,1298,190,19,675,494,8,1,228,642,0,5540.0,1298.0,385.2000000000032,65.8499999999984,68.39999999999971,12.0,132.49999999999676,138.0,663.949999999998,3578.050000000002,3440.050000000002,1.720025000000001,0.554,4460.0
poor_evidence,38,always_verify,1587,1922,335,78,0,0,0,0,0,2000,0,7935.0,1922.0,1200.0000000000007,0.0,0.0,0.0,0.0,252.0,1200.0000000000007,4812.999999999999,4560.999999999999,2.2804999999999995,0.7935,2065.0
poor_evidence,38,naive_trust,1587,2000,413,0,0,0,0,0,0,0,0,7935.0,2000.0,0.0,0.0,0.0,0.0,0.0,252.0,0.0,5935.0,5683.0,2.8415,0.7935,2065.0
poor_evidence,38,reputation_only,1051,1243,192,28,729,536,0,0,0,663,0,5255.0,1243.0,397.80000000000365,0.0,0.0,0.0,0.0,156.0,397.80000000000365,3614.199999999996,3458.199999999996,1.729099999999998,0.5255,4745.0
poor_evidence,38,repair,1085,1274,189,28,698,506,0,4,230,644,0,5425.0,1274.0,386.4000000000032,65.09999999999845,68.9999999999997,19.0,0.0,156.0,539.5000000000014,3611.4999999999986,3455.4999999999986,1.7277499999999992,0.5425,4575.0
poor_evidence,38,repair_no_exclusion,1593,1948,355,52,0,0,0,6,361,1037,0,7965.0,1948.0,622.2000000000121,99.99999999999646,108.29999999999933,28.0,0.0,252.0,858.5000000000078,5158.499999999992,4906.499999999992,2.4532499999999957,0.7965,2035.0
poor_evidence,38,verify_and_retry,1593,1922,329,78,0,0,0,6,335,2000,0,7965.0,1922.0,1200.0000000000007,0.0,100.4999999999994,28.0,0.0,252.0,1328.5,4714.5,4462.5,2.23125,0.7965,2035.0
poor_evidence,38,scope_only,1581,1992,411,0,0,0,8,0,0,0,0,7905.0,1992.0,0.0,0.0,0.0,0.0,199.99999999999292,216.0,199.99999999999292,5713.000000000007,5497.000000000007,2.7485000000000035,0.7905,2095.0
poor_evidence,38,repair_no_appeal,1065,1253,188,28,719,526,0,4,192,660,0,5325.0,1253.0,396.0000000000036,64.0499999999985,57.59999999999981,19.0,0.0,156.0,536.6500000000019,3535.349999999998,3379.349999999998,1.6896749999999991,0.5325,4675.0
poor_evidence,38,repair_with_scope,1082,1272,190,26,695,504,7,4,231,639,0,5410.0,1272.0,383.4000000000031,64.89999999999846,69.2999999999997,19.0,130.49999999999687,126.0,667.0999999999981,3470.900000000002,3344.900000000002,1.6724500000000009,0.541,4590.0
poor_evidence,39,always_verify,1596,1915,319,85,0,0,0,0,0,2000,0,7980.0,1915.0,1200.0000000000007,0.0,0.0,0.0,0.0,252.0,1200.0000000000007,4864.999999999999,4612.999999999999,2.3064999999999993,0.798,2020.0
poor_evidence,39,naive_trust,1596,2000,404,0,0,0,0,0,0,0,0,7980.0,2000.0,0.0,0.0,0.0,0.0,0.0,252.0,0.0,5980.0,5728.0,2.864,0.798,2020.0
poor_evidence,39,reputation_only,1047,1241,194,22,737,549,0,0,0,658,0,5235.0,1241.0,394.80000000000354,0.0,0.0,0.0,0.0,174.0,394.80000000000354,3599.1999999999966,3425.1999999999966,1.7125999999999983,0.5235,4765.0
poor_evidence,39,repair,1088,1281,193,22,697,511,0,3,246,647,0,5440.0,1281.0,388.2000000000033,65.14999999999844,73.79999999999966,12.0,0.0,174.0,539.1500000000013,3619.8499999999985,3445.8499999999985,1.7229249999999994,0.544,4560.0
poor_evidence,39,repair_no_exclusion,1599,1946,347,54,0,0,0,3,350,1016,0,7995.0,1946.0,609.6000000000116,99.99999999999646,104.99999999999936,25.0,0.0,252.0,839.6000000000074,5209.399999999992,4957.399999999992,2.4786999999999964,0.7995,2005.0
poor_evidence,39,verify_and_retry,1599,1915,316,85,0,0,0,3,319,2000,0,7995.0,1915.0,1200.0000000000007,0.0,95.69999999999945,25.0,0.0,252.0,1320.7,4759.3,4507.3,2.25365,0.7995,2005.0
poor_evidence,39,scope_only,1588,1988,400,0,0,0,12,0,0,0,0,7940.0,1988.0,0.0,0.0,0.0,0.0,199.99999999999292,204.0,199.99999999999292,5752.000000000007,5548.000000000007,2.7740000000000036,0.794,2060.0
poor_evidence,39,repair_no_appeal,1059,1250,191,22,728,540,0,3,194,654,0,5295.0,1250.0,392.40000000000344,63.59999999999852,58.199999999999804,12.0,0.0,174.0,526.2000000000018,3518.7999999999984,3344.7999999999984,1.6723999999999992,0.5295,4705.0
poor_evidence,39,repair_with_scope,1092,1284,192,20,688,502,8,3,245,640,0,5460.0,1284.0,384.0000000000031,65.19999999999844,73.49999999999966,12.0,131.19999999999683,144.0,665.899999999998,3510.100000000002,3366.100000000002,1.683050000000001,0.546,4540.0
identity_churn,0,always_verify,1665,1776,111,224,0,0,0,0,0,2000,622,8325.0,1776.0,1200.0000000000007,0.0,0.0,0.0,0.0,324.0,1200.0000000000007,5348.999999999999,5024.999999999999,2.5124999999999997,0.8325,1675.0
identity_churn,0,naive_trust,1665,2000,335,0,0,0,0,0,0,0,622,8325.0,2000.0,0.0,0.0,0.0,0.0,0.0,324.0,0.0,6325.0,6001.0,3.0005,0.8325,1675.0
identity_churn,0,reputation_only,1329,1433,104,133,434,336,0,0,0,1324,622,6645.0,1433.0,794.4000000000186,0.0,0.0,0.0,0.0,264.0,794.4000000000186,4417.599999999981,4153.599999999981,2.0767999999999907,0.6645,3355.0
identity_churn,0,repair,1505,1558,53,141,301,224,0,64,165,1367,622,7525.0,1558.0,820.2000000000196,84.94999999999732,49.499999999999886,82.0,0.0,294.0,1036.650000000017,4930.349999999983,4636.349999999983,2.3181749999999917,0.7525,2475.0
identity_churn,0,repair_no_exclusion,1742,1801,59,199,0,0,0,77,136,1616,622,8710.0,1801.0,969.6000000000253,99.99999999999646,40.79999999999997,96.0,0.0,348.0,1206.4000000000217,5702.5999999999785,5354.5999999999785,2.677299999999989,0.871,1290.0
identity_churn,0,verify_and_retry,1742,1776,34,224,0,0,0,77,111,2000,622,8710.0,1776.0,1200.0000000000007,0.0,33.30000000000004,96.0,0.0,348.0,1329.3000000000006,5604.699999999999,5256.699999999999,2.6283499999999993,0.871,1290.0
identity_churn,0,scope_only,1613,1938,325,0,0,0,62,0,0,0,622,8065.0,1938.0,0.0,0.0,0.0,0.0,199.99999999999292,12.0,199.99999999999292,5927.000000000007,5915.000000000007,2.9575000000000036,0.8065,1935.0
identity_churn,0,repair_no_appeal,1450,1497,47,135,368,276,0,61,108,1345,622,7250.0,1497.0,807.0000000000191,81.59999999999751,32.40000000000005,75.0,0.0,300.0,996.0000000000166,4756.999999999984,4456.999999999984,2.228499999999992,0.725,2750.0
identity_churn,0,repair_with_scope,1458,1510,52,137,297,221,56,60,160,1333,622,7290.0,1510.0,799.8000000000188,82.34999999999746,47.9999999999999,77.0,170.2999999999946,0.0,1177.4500000000107,4602.549999999989,4602.549999999989,2.3012749999999946,0.729,2710.0
identity_churn,1,always_verify,1584,1695,111,305,0,0,0,0,0,2000,600,7920.0,1695.0,1200.0000000000007,0.0,0.0,0.0,0.0,198.0,1200.0000000000007,5024.999999999999,4826.999999999999,2.4134999999999995,0.792,2080.0
identity_churn,1,naive_trust,1584,2000,416,0,0,0,0,0,0,0,600,7920.0,2000.0,0.0,0.0,0.0,0.0,0.0,198.0,0.0,5920.0,5722.0,2.861,0.792,2080.0
identity_churn,1,reputation_only,1249,1367,118,158,475,335,0,0,0,1257,600,6245.0,1367.0,754.2000000000171,0.0,0.0,0.0,0.0,138.0,754.2000000000171,4123.799999999983,3985.799999999983,1.9928999999999915,0.6245,3755.0
identity_churn,1,repair,1423,1489,66,167,344,228,0,67,171,1314,600,7115.0,1489.0,788.4000000000184,82.79999999999744,51.29999999999987,84.0,0.0,210.0,1006.5000000000157,4619.4999999999845,4409.4999999999845,2.204749999999992,0.7115,2885.0
identity_churn,1,repair_no_exclusion,1659,1739,80,261,0,0,0,75,155,1603,600,8295.0,1739.0,961.800000000025,99.99999999999646,46.499999999999915,95.0,0.0,240.0,1203.3000000000213,5352.699999999979,5112.699999999979,2.5563499999999895,0.8295,1705.0
identity_churn,1,verify_and_retry,1659,1695,36,305,0,0,0,75,111,2000,600,8295.0,1695.0,1200.0000000000007,0.0,33.30000000000004,95.0,0.0,240.0,1328.3000000000006,5271.699999999999,5031.699999999999,2.5158499999999995,0.8295,1705.0
identity_churn,1,scope_only,1553,1944,391,0,0,0,56,0,0,0,600,7765.0,1944.0,0.0,0.0,0.0,0.0,199.99999999999292,12.0,199.99999999999292,5621.000000000007,5609.000000000007,2.8045000000000035,0.7765,2235.0
identity_churn,1,repair_no_appeal,1390,1450,60,162,388,259,0,65,125,1292,600,6950.0,1450.0,775.2000000000179,80.59999999999756,37.5,81.0,0.0,204.0,974.3000000000154,4525.699999999984,4321.699999999984,2.1608499999999924,0.695,3050.0
identity_churn,1,repair_with_scope,1396,1461,65,161,336,222,42,61,164,1287,600,6980.0,1461.0,772.2000000000178,81.09999999999754,49.19999999999989,77.0,166.39999999999483,12.0,1145.90000000001,4373.099999999989,4361.099999999989,2.180549999999995,0.698,3020.0
identity_churn,2,always_verify,1603,1719,116,281,0,0,0,0,0,2000,624,8015.0,1719.0,1200.0000000000007,0.0,0.0,0.0,0.0,300.0,1200.0000000000007,5095.999999999999,4795.999999999999,2.3979999999999997,0.8015,1985.0
identity_churn,2,naive_trust,1603,2000,397,0,0,0,0,0,0,0,624,8015.0,2000.0,0.0,0.0,0.0,0.0,0.0,300.0,0.0,6015.0,5715.0,2.8575,0.8015,1985.0
identity_churn,2,reputation_only,1277,1384,107,165,451,326,0,0,0,1307,624,6385.0,1384.0,784.2000000000182,0.0,0.0,0.0,0.0,240.0,784.2000000000182,4216.799999999982,3976.799999999982,1.988399999999991,0.6385,3615.0
identity_churn,2,repair,1449,1508,59,166,326,217,0,63,160,1329,624,7245.0,1508.0,797.4000000000187,83.69999999999739,47.9999999999999,76.0,0.0,276.0,1005.100000000016,4731.899999999984,4455.899999999984,2.227949999999992,0.7245,2755.0
identity_churn,2,repair_no_exclusion,1681,1752,71,248,0,0,0,78,149,1614,624,8405.0,1752.0,968.4000000000252,99.99999999999646,44.69999999999993,93.0,0.0,336.0,1206.1000000000215,5446.899999999979,5110.899999999979,2.5554499999999893,0.8405,1595.0
identity_churn,2,verify_and_retry,1681,1719,38,281,0,0,0,78,116,2000,624,8405.0,1719.0,1200.0000000000007,0.0,34.800000000000026,93.0,0.0,336.0,1327.8000000000006,5358.199999999999,5022.199999999999,2.5110999999999994,0.8405,1595.0
identity_churn,2,scope_only,1554,1937,383,0,0,0,63,0,0,0,624,7770.0,1937.0,0.0,0.0,0.0,0.0,199.99999999999292,6.0,199.99999999999292,5633.000000000007,5627.000000000007,2.8135000000000034,0.777,2230.0
identity_churn,2,repair_no_appeal,1386,1445,59,165,390,277,0,60,119,1322,624,6930.0,1445.0,793.2000000000186,80.49999999999757,35.70000000000002,73.0,0.0,276.0,982.4000000000161,4502.599999999984,4226.599999999984,2.113299999999992,0.693,3070.0
identity_churn,2,repair_with_scope,1413,1471,58,162,316,208,51,58,154,1313,624,7065.0,1471.0,787.8000000000184,81.6499999999975,46.19999999999992,71.0,168.39999999999472,6.0,1155.0500000000104,4438.94999999999,4432.94999999999,2.216474999999995,0.7065,2935.0
identity_churn,3,always_verify,1611,1728,117,272,0,0,0,0,0,2000,605,8055.0,1728.0,1200.0000000000007,0.0,0.0,0.0,0.0,318.0,1200.0000000000007,5126.999999999999,4808.999999999999,2.4044999999999996,0.8055,1945.0
identity_churn,3,naive_trust,1611,2000,389,0,0,0,0,0,0,0,605,8055.0,2000.0,0.0,0.0,0.0,0.0,0.0,318.0,0.0,6055.0,5737.0,2.8685,0.8055,1945.0
identity_churn,3,reputation_only,1291,1412,121,144,444,320,0,0,0,1292,605,6455.0,1412.0,775.2000000000179,0.0,0.0,0.0,0.0,264.0,775.2000000000179,4267.799999999982,4003.799999999982,2.001899999999991,0.6455,3545.0
identity_churn,3,repair,1457,1527,70,153,320,219,0,65,168,1332,605,7285.0,1527.0,799.2000000000188,83.99999999999737,50.39999999999988,85.0,0.0,318.0,1018.600000000016,4739.399999999984,4421.399999999984,2.210699999999992,0.7285,2715.0
identity_churn,3,repair_no_exclusion,1685,1773,88,227,0,0,0,74,162,1600,605,8425.0,1773.0,960.0000000000249,99.99999999999646,48.599999999999895,97.0,0.0,348.0,1205.6000000000213,5446.399999999979,5098.399999999979,2.5491999999999893,0.8425,1575.0
identity_churn,3,verify_and_retry,1685,1728,43,272,0,0,0,74,117,2000,605,8425.0,1728.0,1200.0000000000007,0.0,35.10000000000002,97.0,0.0,348.0,1332.1000000000008,5364.9,5016.9,2.50845,0.8425,1575.0
identity_churn,3,scope_only,1558,1935,377,0,0,0,65,0,0,0,605,7790.0,1935.0,0.0,0.0,0.0,0.0,199.99999999999292,0.0,199.99999999999292,5655.000000000007,5655.000000000007,2.8275000000000037,0.779,2210.0
identity_churn,3,repair_no_appeal,1410,1479,69,148,373,264,0,63,132,1316,605,7050.0,1479.0,789.6000000000184,81.34999999999752,39.59999999999998,83.0,0.0,312.0,993.550000000016,4577.449999999984,4265.449999999984,2.132724999999992,0.705,2950.0
identity_churn,3,repair_with_scope,1415,1483,68,150,308,209,59,62,163,1299,605,7075.0,1483.0,779.400000000018,81.6499999999975,48.89999999999989,81.0,169.19999999999467,0.0,1160.15000000001,4431.849999999989,4431.849999999989,2.2159249999999946,0.7075,2925.0
identity_churn,4,always_verify,1548,1653,105,347,0,0,0,0,0,2000,611,7740.0,1653.0,1200.0000000000007,0.0,0.0,0.0,0.0,294.0,1200.0000000000007,4886.999999999999,4592.999999999999,2.2964999999999995,0.774,2260.0
identity_churn,4,naive_trust,1548,2000,452,0,0,0,0,0,0,0,611,7740.0,2000.0,0.0,0.0,0.0,0.0,0.0,294.0,0.0,5740.0,5446.0,2.723,0.774,2260.0
identity_churn,4,reputation_only,1217,1307,90,185,508,331,0,0,0,1265,611,6085.0,1307.0,759.0000000000173,0.0,0.0,0.0,0.0,222.0,759.0000000000173,4018.9999999999827,3796.9999999999827,1.8984999999999914,0.6085,3915.0
identity_churn,4,repair,1347,1403,56,196,401,247,0,46,145,1304,611,6735.0,1403.0,782.4000000000182,79.9499999999976,43.49999999999994,62.0,0.0,270.0,967.8500000000157,4364.149999999984,4094.149999999984,2.047074999999992,0.6735,3265.0
identity_churn,4,repair_no_exclusion,1613,1680,67,320,0,0,0,65,132,1652,611,8065.0,1680.0,991.2000000000261,99.99999999999646,39.59999999999998,83.0,0.0,306.0,1213.8000000000225,5171.199999999977,4865.199999999977,2.4325999999999883,0.8065,1935.0
identity_churn,4,verify_and_retry,1613,1653,40,347,0,0,0,65,105,2000,611,8065.0,1653.0,1200.0000000000007,0.0,31.500000000000053,83.0,0.0,306.0,1314.5000000000007,5097.499999999999,4791.499999999999,2.3957499999999996,0.8065,1935.0
identity_churn,4,scope_only,1500,1936,436,0,0,0,64,0,0,0,611,7500.0,1936.0,0.0,0.0,0.0,0.0,199.99999999999292,6.0,199.99999999999292,5364.000000000007,5358.000000000007,2.679000000000004,0.75,2500.0
identity_churn,4,repair_no_appeal,1292,1344,52,190,466,300,0,44,96,1284,611,6460.0,1344.0,770.4000000000177,76.69999999999779,28.800000000000047,59.0,0.0,240.0,934.9000000000156,4181.099999999984,3941.099999999984,1.970549999999992,0.646,3540.0
identity_churn,4,repair_with_scope,1302,1356,54,192,398,248,54,44,141,1274,611,6510.0,1356.0,764.4000000000175,77.39999999999775,42.299999999999955,59.0,160.19999999999519,6.0,1103.3000000000104,4050.69999999999,4044.69999999999,2.022349999999995,0.651,3490.0
identity_churn,5,always_verify,1539,1658,119,342,0,0,0,0,0,2000,612,7695.0,1658.0,1200.0000000000007,0.0,0.0,0.0,0.0,294.0,1200.0000000000007,4836.999999999999,4542.999999999999,2.2714999999999996,0.7695,2305.0
identity_churn,5,naive_trust,1539,2000,461,0,0,0,0,0,0,0,612,7695.0,2000.0,0.0,0.0,0.0,0.0,0.0,294.0,0.0,5695.0,5401.0,2.7005,0.7695,2305.0
identity_churn,5,reputation_only,1187,1292,105,197,511,352,0,0,0,1273,612,5935.0,1292.0,763.8000000000175,0.0,0.0,0.0,0.0,228.0,763.8000000000175,3879.1999999999825,3651.1999999999825,1.8255999999999912,0.5935,4065.0
identity_churn,5,repair,1359,1413,54,208,379,246,0,66,167,1326,612,6795.0,1413.0,795.6000000000187,81.04999999999754,50.09999999999988,82.0,0.0,240.0,1008.7500000000161,4373.249999999984,4133.249999999984,2.0666249999999917,0.6795,3205.0
identity_churn,5,repair_no_exclusion,1622,1690,68,310,0,0,0,83,151,1641,612,8110.0,1690.0,984.6000000000258,99.99999999999646,45.299999999999926,102.0,0.0,306.0,1231.9000000000221,5188.099999999978,4882.099999999978,2.4410499999999886,0.811,1890.0
identity_churn,5,verify_and_retry,1622,1658,36,342,0,0,0,83,119,2000,612,8110.0,1658.0,1200.0000000000007,0.0,35.70000000000002,102.0,0.0,306.0,1337.7000000000007,5114.299999999999,4808.299999999999,2.4041499999999996,0.811,1890.0
identity_churn,5,scope_only,1494,1942,448,0,0,0,58,0,0,0,612,7470.0,1942.0,0.0,0.0,0.0,0.0,199.99999999999292,24.0,199.99999999999292,5328.000000000007,5304.000000000007,2.6520000000000037,0.747,2530.0
identity_churn,5,repair_no_appeal,1302,1352,50,202,446,298,0,61,111,1289,612,6510.0,1352.0,773.4000000000178,77.69999999999773,33.30000000000004,76.0,0.0,234.0,960.4000000000156,4197.599999999984,3963.599999999984,1.981799999999992,0.651,3490.0
identity_churn,5,repair_with_scope,1330,1382,52,204,368,237,46,66,165,1304,612,6650.0,1382.0,782.4000000000182,79.29999999999764,49.499999999999886,82.0,163.19999999999501,18.0,1156.4000000000108,4111.599999999989,4093.5999999999894,2.046799999999995,0.665,3350.0
identity_churn,6,always_verify,1591,1706,115,294,0,0,0,0,0,2000,619,7955.0,1706.0,1200.0000000000007,0.0,0.0,0.0,0.0,288.0,1200.0000000000007,5048.999999999999,4760.999999999999,2.3804999999999996,0.7955,2045.0
identity_churn,6,naive_trust,1591,2000,409,0,0,0,0,0,0,0,619,7955.0,2000.0,0.0,0.0,0.0,0.0,0.0,288.0,0.0,5955.0,5667.0,2.8335,0.7955,2045.0
identity_churn,6,reputation_only,1225,1331,106,159,510,366,0,0,0,1260,619,6125.0,1331.0,756.0000000000172,0.0,0.0,0.0,0.0,222.0,756.0000000000172,4037.9999999999827,3815.9999999999827,1.9079999999999913,0.6125,3875.0
identity_churn,6,repair,1392,1455,63,167,378,255,0,56,177,1331,619,6960.0,1455.0,798.6000000000188,81.09999999999754,53.09999999999985,76.0,0.0,252.0,1008.8000000000162,4496.199999999983,4244.199999999983,2.1220999999999917,0.696,3040.0
identity_churn,6,repair_no_exclusion,1657,1738,81,262,0,0,0,66,147,1646,619,8285.0,1738.0,987.600000000026,99.99999999999646,44.09999999999994,91.0,0.0,300.0,1222.7000000000223,5324.299999999977,5024.299999999977,2.5121499999999886,0.8285,1715.0
identity_churn,6,verify_and_retry,1657,1706,49,294,0,0,0,66,115,2000,619,8285.0,1706.0,1200.0000000000007,0.0,34.50000000000003,91.0,0.0,300.0,1325.5000000000007,5253.499999999999,4953.499999999999,2.4767499999999996,0.8285,1715.0
identity_churn,6,scope_only,1545,1943,398,0,0,0,57,0,0,0,619,7725.0,1943.0,0.0,0.0,0.0,0.0,199.99999999999292,12.0,199.99999999999292,5582.000000000007,5570.000000000007,2.7850000000000037,0.7725,2275.0
identity_churn,6,repair_no_appeal,1324,1382,58,162,456,321,0,54,112,1284,619,6620.0,1382.0,770.4000000000177,77.19999999999776,33.60000000000004,72.0,0.0,234.0,953.2000000000155,4284.799999999985,4050.7999999999847,2.0253999999999923,0.662,3380.0
identity_churn,6,repair_with_scope,1355,1416,61,165,372,250,47,54,173,1307,619,6775.0,1416.0,784.2000000000182,79.04999999999765,51.899999999999864,74.0,162.79999999999504,0.0,1151.9500000000107,4207.049999999989,4207.049999999989,2.1035249999999945,0.6775,3225.0
identity_churn,7,always_verify,1488,1609,121,391,0,0,0,0,0,2000,610,7440.0,1609.0,1200.0000000000007,0.0,0.0,0.0,0.0,294.0,1200.0000000000007,4630.999999999999,4336.999999999999,2.1684999999999994,0.744,2560.0
identity_churn,7,naive_trust,1488,2000,512,0,0,0,0,0,0,0,610,7440.0,2000.0,0.0,0.0,0.0,0.0,0.0,294.0,0.0,5440.0,5146.0,2.573,0.744,2560.0
identity_churn,7,reputation_only,1136,1237,101,231,532,352,0,0,0,1255,610,5680.0,1237.0,753.000000000017,0.0,0.0,0.0,0.0,258.0,753.000000000017,3689.9999999999827,3431.9999999999827,1.7159999999999913,0.568,4320.0
identity_churn,7,repair,1292,1340,48,241,419,255,0,59,149,1288,610,6460.0,1340.0,772.8000000000178,79.04999999999765,44.69999999999993,71.0,0.0,282.0,967.5500000000154,4152.449999999984,3870.4499999999844,1.9352249999999922,0.646,3540.0
identity_churn,7,repair_no_exclusion,1569,1637,68,363,0,0,0,81,149,1645,610,7845.0,1637.0,987.0000000000259,99.99999999999646,44.69999999999993,99.0,0.0,312.0,1230.7000000000223,4977.299999999977,4665.299999999977,2.3326499999999886,0.7845,2155.0
identity_churn,7,verify_and_retry,1569,1609,40,391,0,0,0,81,121,2000,610,7845.0,1609.0,1200.0000000000007,0.0,36.30000000000001,99.0,0.0,312.0,1335.3000000000006,4900.699999999999,4588.699999999999,2.2943499999999997,0.7845,2155.0
identity_churn,7,scope_only,1442,1941,499,0,0,0,59,0,0,0,610,7210.0,1941.0,0.0,0.0,0.0,0.0,199.99999999999292,18.0,199.99999999999292,5069.000000000007,5051.000000000007,2.5255000000000036,0.721,2790.0
identity_churn,7,repair_no_appeal,1245,1294,49,236,470,300,0,57,106,1266,610,6225.0,1294.0,759.6000000000173,76.4999999999978,31.800000000000054,70.0,0.0,276.0,937.9000000000151,3993.099999999985,3717.099999999985,1.8585499999999924,0.6225,3775.0
identity_churn,7,repair_with_scope,1253,1300,47,240,410,251,50,57,146,1266,610,6265.0,1300.0,759.6000000000173,76.99999999999777,43.79999999999994,69.0,158.99999999999525,18.0,1108.4000000000103,3856.5999999999894,3838.5999999999894,1.9192999999999947,0.6265,3735.0
identity_churn,8,always_verify,1538,1653,115,347,0,0,0,0,0,2000,587,7690.0,1653.0,1200.0000000000007,0.0,0.0,0.0,0.0,294.0,1200.0000000000007,4836.999999999999,4542.999999999999,2.2714999999999996,0.769,2310.0
identity_churn,8,naive_trust,1538,2000,462,0,0,0,0,0,0,0,587,7690.0,2000.0,0.0,0.0,0.0,0.0,0.0,294.0,0.0,5690.0,5396.0,2.698,0.769,2310.0
identity_churn,8,reputation_only,1172,1286,114,192,522,366,0,0,0,1250,587,5860.0,1286.0,750.0000000000169,0.0,0.0,0.0,0.0,258.0,750.0000000000169,3823.999999999983,3565.999999999983,1.7829999999999915,0.586,4140.0
identity_churn,8,repair,1362,1418,56,199,383,249,0,73,157,1299,587,6810.0,1418.0,779.400000000018,80.84999999999755,47.09999999999991,87.0,0.0,264.0,994.3500000000155,4397.649999999984,4133.649999999984,2.066824999999992,0.681,3190.0
identity_churn,8,repair_no_exclusion,1619,1692,73,308,0,0,0,81,154,1634,587,8095.0,1692.0,980.4000000000257,99.99999999999646,46.19999999999992,99.0,0.0,312.0,1225.600000000022,5177.399999999978,4865.399999999978,2.432699999999989,0.8095,1905.0
identity_churn,8,verify_and_retry,1619,1653,34,347,0,0,0,81,115,2000,587,8095.0,1653.0,1200.0000000000007,0.0,34.50000000000003,99.0,0.0,312.0,1333.5000000000007,5108.499999999999,4796.499999999999,2.3982499999999995,0.8095,1905.0
identity_churn,8,scope_only,1489,1936,447,0,0,0,64,0,0,0,587,7445.0,1936.0,0.0,0.0,0.0,0.0,199.99999999999292,0.0,199.99999999999292,5309.000000000007,5309.000000000007,2.6545000000000036,0.7445,2555.0
identity_churn,8,repair_no_appeal,1325,1380,55,193,427,284,0,71,126,1278,587,6625.0,1380.0,766.8000000000176,78.64999999999768,37.8,85.0,0.0,270.0,968.2500000000152,4276.7499999999845,4006.7499999999845,2.003374999999992,0.6625,3375.0
identity_churn,8,repair_with_scope,1322,1372,50,201,375,245,52,71,149,1269,587,6610.0,1372.0,761.4000000000174,78.64999999999768,44.69999999999993,83.0,162.49999999999505,0.0,1130.25000000001,4107.74999999999,4107.74999999999,2.053874999999995,0.661,3390.0
identity_churn,9,always_verify,1548,1662,114,338,0,0,0,0,0,2000,604,7740.0,1662.0,1200.0000000000007,0.0,0.0,0.0,0.0,348.0,1200.0000000000007,4877.999999999999,4529.999999999999,2.2649999999999997,0.774,2260.0
identity_churn,9,naive_trust,1548,2000,452,0,0,0,0,0,0,0,604,7740.0,2000.0,0.0,0.0,0.0,0.0,0.0,348.0,0.0,5740.0,5392.0,2.696,0.774,2260.0
identity_churn,9,reputation_only,1190,1296,106,179,525,358,0,0,0,1247,604,5950.0,1296.0,748.2000000000169,0.0,0.0,0.0,0.0,288.0,748.2000000000169,3905.799999999983,3617.799999999983,1.8088999999999915,0.595,4050.0
identity_churn,9,repair,1362,1427,65,187,386,241,0,55,165,1300,604,6810.0,1427.0,780.0000000000181,80.69999999999756,49.499999999999886,68.0,0.0,330.0,978.2000000000155,4404.799999999985,4074.7999999999847,2.0373999999999923,0.681,3190.0
identity_churn,9,repair_no_exclusion,1619,1698,79,302,0,0,0,71,150,1640,604,8095.0,1698.0,984.0000000000258,99.99999999999646,44.99999999999993,88.0,0.0,372.0,1217.0000000000223,5179.999999999978,4807.999999999978,2.4039999999999893,0.8095,1905.0
identity_churn,9,verify_and_retry,1619,1662,43,338,0,0,0,71,114,2000,604,8095.0,1662.0,1200.0000000000007,0.0,34.20000000000003,88.0,0.0,372.0,1322.2000000000007,5110.799999999999,4738.799999999999,2.3693999999999997,0.8095,1905.0
identity_churn,9,scope_only,1494,1934,440,0,0,0,66,0,0,0,604,7470.0,1934.0,0.0,0.0,0.0,0.0,199.99999999999292,24.0,199.99999999999292,5336.000000000007,5312.000000000007,2.6560000000000037,0.747,2530.0
identity_churn,9,repair_no_appeal,1298,1357,59,185,458,304,0,54,113,1266,604,6490.0,1357.0,759.6000000000173,77.09999999999776,33.900000000000034,66.0,0.0,330.0,936.6000000000151,4196.399999999985,3866.399999999985,1.9331999999999925,0.649,3510.0
identity_churn,9,repair_with_scope,1309,1373,64,185,384,242,58,52,161,1268,604,6545.0,1373.0,760.8000000000173,77.89999999999772,48.2999999999999,65.0,161.5999999999951,18.0,1113.6000000000101,4058.3999999999896,4040.3999999999896,2.0201999999999947,0.6545,3455.0
identity_churn,10,always_verify,1596,1710,114,290,0,0,0,0,0,2000,617,7980.0,1710.0,1200.0000000000007,0.0,0.0,0.0,0.0,228.0,1200.0000000000007,5069.999999999999,4841.999999999999,2.4209999999999994,0.798,2020.0
identity_churn,10,naive_trust,1596,2000,404,0,0,0,0,0,0,0,617,7980.0,2000.0,0.0,0.0,0.0,0.0,0.0,228.0,0.0,5980.0,5752.0,2.876,0.798,2020.0
identity_churn,10,reputation_only,1261,1362,101,159,479,335,0,0,0,1278,617,6305.0,1362.0,766.8000000000176,0.0,0.0,0.0,0.0,150.0,766.8000000000176,4176.1999999999825,4026.1999999999825,2.0130999999999912,0.6305,3695.0
identity_churn,10,repair,1408,1469,61,171,360,245,0,57,161,1332,617,7040.0,1469.0,799.2000000000188,81.99999999999748,48.2999999999999,74.0,0.0,192.0,1003.5000000000161,4567.499999999984,4375.499999999984,2.187749999999992,0.704,2960.0
identity_churn,10,repair_no_exclusion,1667,1743,76,257,0,0,0,71,147,1652,617,8335.0,1743.0,991.2000000000261,99.99999999999646,44.09999999999994,91.0,0.0,240.0,1226.3000000000225,5365.699999999977,5125.699999999977,2.5628499999999885,0.8335,1665.0
identity_churn,10,verify_and_retry,1667,1710,43,290,0,0,0,71,114,2000,617,8335.0,1710.0,1200.0000000000007,0.0,34.20000000000003,91.0,0.0,240.0,1325.2000000000007,5299.799999999999,5059.799999999999,2.5298999999999996,0.8335,1665.0
identity_churn,10,scope_only,1560,1951,391,0,0,0,49,0,0,0,617,7800.0,1951.0,0.0,0.0,0.0,0.0,199.99999999999292,12.0,199.99999999999292,5649.000000000007,5637.000000000007,2.818500000000004,0.78,2200.0
identity_churn,10,repair_no_appeal,1361,1418,57,163,419,289,0,54,111,1306,617,6805.0,1418.0,783.6000000000182,79.04999999999765,33.30000000000004,69.0,0.0,180.0,964.950000000016,4422.049999999984,4242.049999999984,2.121024999999992,0.6805,3195.0
identity_churn,10,repair_with_scope,1381,1439,58,169,351,241,41,55,156,1310,617,6905.0,1439.0,786.0000000000183,80.39999999999758,46.79999999999991,71.0,164.89999999999492,12.0,1149.1000000000108,4316.899999999989,4304.899999999989,2.152449999999994,0.6905,3095.0
identity_churn,11,always_verify,1562,1683,121,317,0,0,0,0,0,2000,587,7810.0,1683.0,1200.0000000000007,0.0,0.0,0.0,0.0,306.0,1200.0000000000007,4926.999999999999,4620.999999999999,2.3104999999999993,0.781,2190.0
identity_churn,11,naive_trust,1562,2000,438,0,0,0,0,0,0,0,587,7810.0,2000.0,0.0,0.0,0.0,0.0,0.0,306.0,0.0,5810.0,5504.0,2.752,0.781,2190.0
identity_churn,11,reputation_only,1208,1325,117,164,511,354,0,0,0,1264,587,6040.0,1325.0,758.4000000000173,0.0,0.0,0.0,0.0,252.0,758.4000000000173,3956.5999999999826,3704.5999999999826,1.8522999999999914,0.604,3960.0
identity_churn,11,repair,1393,1466,73,167,367,227,0,58,173,1316,587,6965.0,1466.0,789.6000000000184,81.6499999999975,51.899999999999864,76.0,0.0,300.0,999.1500000000158,4499.849999999984,4199.849999999984,2.099924999999992,0.6965,3035.0
identity_churn,11,repair_no_exclusion,1630,1725,95,275,0,0,0,68,163,1634,587,8150.0,1725.0,980.4000000000257,99.99999999999646,48.89999999999989,91.0,0.0,330.0,1220.300000000022,5204.699999999978,4874.699999999978,2.437349999999989,0.815,1850.0
identity_churn,11,verify_and_retry,1630,1683,53,317,0,0,0,68,121,2000,587,8150.0,1683.0,1200.0000000000007,0.0,36.30000000000001,91.0,0.0,330.0,1327.3000000000006,5139.699999999999,4809.699999999999,2.4048499999999993,0.815,1850.0
identity_churn,11,scope_only,1512,1932,420,0,0,0,68,0,0,0,587,7560.0,1932.0,0.0,0.0,0.0,0.0,199.99999999999292,6.0,199.99999999999292,5428.000000000007,5422.000000000007,2.711000000000004,0.756,2440.0
identity_churn,11,repair_no_appeal,1332,1402,70,165,433,286,0,56,126,1285,587,6660.0,1402.0,771.0000000000177,78.34999999999769,37.8,74.0,0.0,288.0,961.1500000000154,4296.849999999985,4008.849999999985,2.0044249999999924,0.666,3340.0
identity_churn,11,repair_with_scope,1352,1422,70,165,353,219,60,55,167,1295,587,6760.0,1422.0,777.000000000018,79.34999999999764,50.09999999999988,70.0,164.69999999999493,6.0,1141.1500000000103,4196.849999999989,4190.849999999989,2.0954249999999948,0.676,3240.0
identity_churn,12,always_verify,1501,1612,111,388,0,0,0,0,0,2000,592,7505.0,1612.0,1200.0000000000007,0.0,0.0,0.0,0.0,258.0,1200.0000000000007,4692.999999999999,4434.999999999999,2.2174999999999994,0.7505,2495.0
identity_churn,12,naive_trust,1501,2000,499,0,0,0,0,0,0,0,592,7505.0,2000.0,0.0,0.0,0.0,0.0,0.0,258.0,0.0,5505.0,5247.0,2.6235,0.7505,2495.0
identity_churn,12,reputation_only,1151,1248,97,209,543,350,0,0,0,1253,592,5755.0,1248.0,751.800000000017,0.0,0.0,0.0,0.0,216.0,751.800000000017,3755.199999999983,3539.199999999983,1.7695999999999914,0.5755,4245.0
identity_churn,12,repair,1314,1364,50,215,421,247,0,60,155,1283,592,6570.0,1364.0,769.8000000000177,78.94999999999766,46.499999999999915,73.0,0.0,234.0,968.2500000000152,4237.7499999999845,4003.7499999999845,2.001874999999992,0.657,3430.0
identity_churn,12,repair_no_exclusion,1575,1643,68,357,0,0,0,74,142,1669,592,7875.0,1643.0,1001.4000000000265,99.99999999999646,42.59999999999995,87.0,0.0,264.0,1231.000000000023,5000.999999999977,4736.999999999977,2.3684999999999885,0.7875,2125.0
identity_churn,12,verify_and_retry,1575,1612,37,388,0,0,0,74,111,2000,592,7875.0,1612.0,1200.0000000000007,0.0,33.30000000000004,87.0,0.0,264.0,1320.3000000000006,4942.699999999999,4678.699999999999,2.3393499999999996,0.7875,2125.0
identity_churn,12,scope_only,1458,1941,483,0,0,0,59,0,0,0,592,7290.0,1941.0,0.0,0.0,0.0,0.0,199.99999999999292,0.0,199.99999999999292,5149.000000000007,5149.000000000007,2.5745000000000036,0.729,2710.0
identity_churn,12,repair_no_appeal,1267,1313,46,213,474,292,0,58,104,1265,592,6335.0,1313.0,759.0000000000173,76.29999999999781,31.200000000000053,70.0,0.0,228.0,936.5000000000151,4085.499999999985,3857.499999999985,1.9287499999999924,0.6335,3665.0
identity_churn,12,repair_with_scope,1276,1327,51,207,418,246,48,59,155,1256,592,6380.0,1327.0,753.6000000000171,76.69999999999779,46.499999999999915,72.0,158.1999999999953,0.0,1107.00000000001,3945.99999999999,3945.99999999999,1.972999999999995,0.638,3620.0
identity_churn,13,always_verify,1580,1710,130,290,0,0,0,0,0,2000,611,7900.0,1710.0,1200.0000000000007,0.0,0.0,0.0,0.0,318.0,1200.0000000000007,4989.999999999999,4671.999999999999,2.3359999999999994,0.79,2100.0
identity_churn,13,naive_trust,1580,2000,420,0,0,0,0,0,0,0,611,7900.0,2000.0,0.0,0.0,0.0,0.0,0.0,318.0,0.0,5900.0,5582.0,2.791,0.79,2100.0
identity_churn,13,reputation_only,1213,1339,126,155,506,367,0,0,0,1244,611,6065.0,1339.0,746.4000000000168,0.0,0.0,0.0,0.0,252.0,746.4000000000168,3979.599999999983,3727.599999999983,1.8637999999999915,0.6065,3935.0
identity_churn,13,repair,1408,1477,69,164,359,250,0,78,189,1317,611,7040.0,1477.0,790.2000000000185,82.04999999999748,56.69999999999982,89.0,0.0,294.0,1017.9500000000157,4545.049999999985,4251.049999999985,2.1255249999999926,0.704,2960.0
identity_churn,13,repair_no_exclusion,1672,1754,82,246,0,0,0,92,174,1618,611,8360.0,1754.0,970.8000000000253,99.99999999999646,52.19999999999986,104.0,0.0,330.0,1227.0000000000216,5378.999999999978,5048.999999999978,2.524499999999989,0.836,1640.0
identity_churn,13,verify_and_retry,1672,1710,38,290,0,0,0,92,130,2000,611,8360.0,1710.0,1200.0000000000007,0.0,38.999999999999986,104.0,0.0,330.0,1343.0000000000007,5306.999999999999,4976.999999999999,2.4884999999999997,0.836,1640.0
identity_churn,13,scope_only,1529,1935,406,0,0,0,65,0,0,0,611,7645.0,1935.0,0.0,0.0,0.0,0.0,199.99999999999292,12.0,199.99999999999292,5510.000000000007,5498.000000000007,2.7490000000000037,0.7645,2355.0
identity_churn,13,repair_no_appeal,1352,1414,62,162,424,303,0,75,137,1277,611,6760.0,1414.0,766.2000000000176,78.79999999999767,41.099999999999966,86.0,0.0,288.0,972.1000000000151,4373.899999999985,4085.899999999985,2.0429499999999927,0.676,3240.0
identity_churn,13,repair_with_scope,1370,1438,68,157,347,242,58,77,187,1291,611,6850.0,1438.0,774.6000000000179,79.74999999999761,56.099999999999824,88.0,165.2999999999949,12.0,1163.7500000000102,4248.24999999999,4236.24999999999,2.118124999999995,0.685,3150.0
identity_churn,14,always_verify,1588,1687,99,313,0,0,0,0,0,2000,625,7940.0,1687.0,1200.0000000000007,0.0,0.0,0.0,0.0,318.0,1200.0000000000007,5052.999999999999,4734.999999999999,2.3674999999999997,0.794,2060.0
identity_churn,14,naive_trust,1588,2000,412,0,0,0,0,0,0,0,625,7940.0,2000.0,0.0,0.0,0.0,0.0,0.0,318.0,0.0,5940.0,5622.0,2.811,0.794,2060.0
identity_churn,14,reputation_only,1306,1395,89,168,437,282,0,0,0,1274,625,6530.0,1395.0,764.4000000000175,0.0,0.0,0.0,0.0,270.0,764.4000000000175,4370.599999999982,4100.599999999982,2.050299999999991,0.653,3470.0
identity_churn,14,repair,1410,1463,53,179,358,228,0,50,134,1325,625,7050.0,1463.0,795.0000000000186,82.09999999999748,40.199999999999974,68.0,0.0,294.0,985.3000000000161,4601.699999999984,4307.699999999984,2.1538499999999923,0.705,2950.0
identity_churn,14,repair_no_exclusion,1653,1719,66,281,0,0,0,65,131,1645,625,8265.0,1719.0,987.0000000000259,99.99999999999646,39.29999999999998,86.0,0.0,336.0,1212.3000000000225,5333.699999999977,4997.699999999977,2.4988499999999885,0.8265,1735.0
identity_churn,14,verify_and_retry,1653,1687,34,313,0,0,0,65,99,2000,625,8265.0,1687.0,1200.0000000000007,0.0,29.70000000000005,86.0,0.0,336.0,1315.7000000000007,5262.299999999999,4926.299999999999,2.4631499999999997,0.8265,1735.0
identity_churn,14,scope_only,1540,1944,404,0,0,0,56,0,0,0,625,7700.0,1944.0,0.0,0.0,0.0,0.0,199.99999999999292,30.0,199.99999999999292,5556.000000000007,5526.000000000007,2.7630000000000035,0.77,2300.0
identity_churn,14,repair_no_appeal,1385,1435,50,174,391,253,0,50,100,1298,625,6925.0,1435.0,778.800000000018,80.44999999999757,30.00000000000005,67.0,0.0,288.0,956.2500000000157,4533.7499999999845,4245.7499999999845,2.122874999999992,0.6925,3075.0
identity_churn,14,repair_with_scope,1370,1424,54,175,351,222,50,47,132,1300,625,6850.0,1424.0,780.0000000000181,79.9499999999976,39.59999999999998,65.0,164.89999999999492,18.0,1129.4500000000105,4296.549999999989,4278.549999999989,2.1392749999999947,0.685,3150.0
identity_churn,15,always_verify,1638,1740,102,260,0,0,0,0,0,2000,617,8190.0,1740.0,1200.0000000000007,0.0,0.0,0.0,0.0,318.0,1200.0000000000007,5249.999999999999,4931.999999999999,2.4659999999999997,0.819,1810.0
identity_churn,15,naive_trust,1638,2000,362,0,0,0,0,0,0,0,617,8190.0,2000.0,0.0,0.0,0.0,0.0,0.0,318.0,0.0,6190.0,5872.0,2.936,0.819,1810.0
identity_churn,15,reputation_only,1305,1395,90,150,455,333,0,0,0,1329,617,6525.0,1395.0,797.4000000000187,0.0,0.0,0.0,0.0,258.0,797.4000000000187,4332.599999999981,4074.5999999999813,2.037299999999991,0.6525,3475.0
identity_churn,15,repair,1469,1517,48,155,328,224,0,55,153,1370,617,7345.0,1517.0,822.0000000000197,83.5999999999974,45.89999999999992,70.0,0.0,288.0,1021.5000000000169,4806.499999999983,4518.499999999983,2.2592499999999913,0.7345,2655.0
identity_churn,15,repair_no_exclusion,1706,1768,62,232,0,0,0,68,130,1655,617,8530.0,1768.0,993.0000000000261,99.99999999999646,38.999999999999986,85.0,0.0,330.0,1217.0000000000225,5544.999999999977,5214.999999999977,2.607499999999989,0.853,1470.0
identity_churn,15,verify_and_retry,1706,1740,34,260,0,0,0,68,102,2000,617,8530.0,1740.0,1200.0000000000007,0.0,30.60000000000005,85.0,0.0,330.0,1315.6000000000008,5474.4,5144.4,2.5721999999999996,0.853,1470.0
identity_churn,15,scope_only,1587,1939,352,0,0,0,61,0,0,0,617,7935.0,1939.0,0.0,0.0,0.0,0.0,199.99999999999292,12.0,199.99999999999292,5796.000000000007,5784.000000000007,2.8920000000000035,0.7935,2065.0
identity_churn,15,repair_no_appeal,1414,1456,42,151,393,277,0,53,95,1342,617,7070.0,1456.0,805.200000000019,80.34999999999758,28.500000000000046,63.0,0.0,276.0,977.0500000000167,4636.949999999983,4360.949999999983,2.1804749999999915,0.707,2930.0
identity_churn,15,repair_with_scope,1433,1478,45,152,317,214,53,53,148,1347,617,7165.0,1478.0,808.2000000000191,81.49999999999751,44.399999999999935,67.0,168.29999999999472,12.0,1169.4000000000112,4517.5999999999885,4505.5999999999885,2.2527999999999944,0.7165,2835.0
identity_churn,16,always_verify,1638,1763,125,237,0,0,0,0,0,2000,619,8190.0,1763.0,1200.0000000000007,0.0,0.0,0.0,0.0,312.0,1200.0000000000007,5226.999999999999,4914.999999999999,2.4574999999999996,0.819,1810.0
identity_churn,16,naive_trust,1638,2000,362,0,0,0,0,0,0,0,619,8190.0,2000.0,0.0,0.0,0.0,0.0,0.0,312.0,0.0,6190.0,5878.0,2.939,0.819,1810.0
identity_churn,16,reputation_only,1302,1413,111,148,439,336,0,0,0,1302,619,6510.0,1413.0,781.2000000000181,0.0,0.0,0.0,0.0,264.0,781.2000000000181,4315.799999999982,4051.799999999982,2.025899999999991,0.651,3490.0
identity_churn,16,repair,1477,1523,46,153,324,237,0,76,146,1347,619,7385.0,1523.0,808.2000000000191,83.79999999999738,43.79999999999994,94.0,0.0,300.0,1029.8000000000166,4832.199999999983,4532.199999999983,2.266099999999992,0.7385,2615.0
identity_churn,16,repair_no_exclusion,1729,1787,58,213,0,0,0,91,149,1609,619,8645.0,1787.0,965.4000000000251,99.99999999999646,44.69999999999993,111.0,0.0,336.0,1221.1000000000215,5636.899999999979,5300.899999999979,2.6504499999999895,0.8645,1355.0
identity_churn,16,verify_and_retry,1729,1763,34,237,0,0,0,91,125,2000,619,8645.0,1763.0,1200.0000000000007,0.0,37.5,111.0,0.0,336.0,1348.5000000000007,5533.499999999999,5197.499999999999,2.5987499999999994,0.8645,1355.0
identity_churn,16,scope_only,1590,1940,350,0,0,0,60,0,0,0,619,7950.0,1940.0,0.0,0.0,0.0,0.0,199.99999999999292,24.0,199.99999999999292,5810.000000000007,5786.000000000007,2.893000000000004,0.795,2050.0
identity_churn,16,repair_no_appeal,1443,1488,45,150,362,270,0,75,120,1324,619,7215.0,1488.0,794.4000000000186,81.89999999999749,36.000000000000014,93.0,0.0,300.0,1005.3000000000161,4721.699999999984,4421.699999999984,2.210849999999992,0.7215,2785.0
identity_churn,16,repair_with_scope,1439,1483,44,151,314,229,52,72,140,1318,619,7195.0,1483.0,790.8000000000185,81.6999999999975,41.99999999999996,87.0,168.5999999999947,24.0,1170.1000000000106,4541.89999999999,4517.89999999999,2.2589499999999947,0.7195,2805.0
identity_churn,17,always_verify,1602,1722,120,278,0,0,0,0,0,2000,619,8010.0,1722.0,1200.0000000000007,0.0,0.0,0.0,0.0,258.0,1200.0000000000007,5087.999999999999,4829.999999999999,2.4149999999999996,0.801,1990.0
identity_churn,17,naive_trust,1602,2000,398,0,0,0,0,0,0,0,619,8010.0,2000.0,0.0,0.0,0.0,0.0,0.0,258.0,0.0,6010.0,5752.0,2.876,0.801,1990.0
identity_churn,17,reputation_only,1285,1401,116,166,433,317,0,0,0,1299,619,6425.0,1401.0,779.400000000018,0.0,0.0,0.0,0.0,222.0,779.400000000018,4244.599999999982,4022.599999999982,2.011299999999991,0.6425,3575.0
identity_churn,17,repair,1445,1504,59,175,321,226,0,69,164,1348,619,7225.0,1504.0,808.8000000000192,83.94999999999737,49.19999999999989,84.0,0.0,252.0,1025.9500000000164,4695.049999999984,4443.049999999984,2.2215249999999918,0.7225,2775.0
identity_churn,17,repair_no_exclusion,1685,1757,72,243,0,0,0,83,155,1615,619,8425.0,1757.0,969.0000000000252,99.99999999999646,46.499999999999915,99.0,0.0,270.0,1214.5000000000216,5453.499999999978,5183.499999999978,2.591749999999989,0.8425,1575.0
identity_churn,17,verify_and_retry,1685,1722,37,278,0,0,0,83,120,2000,619,8425.0,1722.0,1200.0000000000007,0.0,36.000000000000014,99.0,0.0,270.0,1335.0000000000007,5367.999999999999,5097.999999999999,2.5489999999999995,0.8425,1575.0
identity_churn,17,scope_only,1560,1947,387,0,0,0,53,0,0,0,619,7800.0,1947.0,0.0,0.0,0.0,0.0,199.99999999999292,6.0,199.99999999999292,5653.000000000007,5647.000000000007,2.8235000000000037,0.78,2200.0
identity_churn,17,repair_no_appeal,1401,1460,59,172,368,268,0,67,126,1320,619,7005.0,1460.0,792.0000000000185,81.59999999999751,37.8,82.0,0.0,252.0,993.400000000016,4551.599999999984,4299.599999999984,2.149799999999992,0.7005,2995.0
identity_churn,17,repair_with_scope,1406,1463,57,170,317,222,50,66,159,1324,619,7030.0,1463.0,794.4000000000186,81.6499999999975,47.6999999999999,81.0,168.29999999999472,0.0,1173.0500000000106,4393.94999999999,4393.94999999999,2.196974999999995,0.703,2970.0
identity_churn,18,always_verify,1619,1749,130,251,0,0,0,0,0,2000,584,8095.0,1749.0,1200.0000000000007,0.0,0.0,0.0,0.0,252.0,1200.0000000000007,5145.999999999999,4893.999999999999,2.4469999999999996,0.8095,1905.0
identity_churn,18,naive_trust,1619,2000,381,0,0,0,0,0,0,0,584,8095.0,2000.0,0.0,0.0,0.0,0.0,0.0,252.0,0.0,6095.0,5843.0,2.9215,0.8095,1905.0
identity_churn,18,reputation_only,1270,1398,128,138,464,349,0,0,0,1277,584,6350.0,1398.0,766.2000000000176,0.0,0.0,0.0,0.0,192.0,766.2000000000176,4185.799999999983,3993.799999999983,1.9968999999999915,0.635,3650.0
identity_churn,18,repair,1489,1555,66,138,307,211,0,81,169,1331,584,7445.0,1555.0,798.6000000000188,84.64999999999733,50.699999999999875,100.0,0.0,246.0,1033.950000000016,4856.049999999984,4610.049999999984,2.305024999999992,0.7445,2555.0
identity_churn,18,repair_no_exclusion,1713,1791,78,209,0,0,0,94,172,1589,584,8565.0,1791.0,953.4000000000246,99.99999999999646,51.599999999999866,114.0,0.0,282.0,1219.000000000021,5554.999999999979,5272.999999999979,2.6364999999999896,0.8565,1435.0
identity_churn,18,verify_and_retry,1713,1749,36,251,0,0,0,94,130,2000,584,8565.0,1749.0,1200.0000000000007,0.0,38.999999999999986,114.0,0.0,282.0,1353.0000000000007,5462.999999999999,5180.999999999999,2.5904999999999996,0.8565,1435.0
identity_churn,18,scope_only,1577,1940,363,0,0,0,60,0,0,0,584,7885.0,1940.0,0.0,0.0,0.0,0.0,199.99999999999292,0.0,199.99999999999292,5745.000000000007,5745.000000000007,2.8725000000000036,0.7885,2115.0
identity_churn,18,repair_no_appeal,1455,1521,66,135,344,242,0,78,144,1307,584,7275.0,1521.0,784.2000000000182,82.79999999999744,43.199999999999946,97.0,0.0,246.0,1007.2000000000156,4746.799999999985,4500.799999999985,2.2503999999999924,0.7275,2725.0
identity_churn,18,repair_with_scope,1454,1516,62,136,298,205,50,76,160,1306,584,7270.0,1516.0,783.6000000000182,82.59999999999745,47.9999999999999,93.0,170.19999999999462,0.0,1177.40000000001,4576.599999999989,4576.599999999989,2.2882999999999947,0.727,2730.0
identity_churn,19,always_verify,1609,1721,112,279,0,0,0,0,0,2000,563,8045.0,1721.0,1200.0000000000007,0.0,0.0,0.0,0.0,252.0,1200.0000000000007,5123.999999999999,4871.999999999999,2.4359999999999995,0.8045,1955.0
identity_churn,19,naive_trust,1609,2000,391,0,0,0,0,0,0,0,563,8045.0,2000.0,0.0,0.0,0.0,0.0,0.0,252.0,0.0,6045.0,5793.0,2.8965,0.8045,1955.0
identity_churn,19,reputation_only,1252,1355,103,161,484,357,0,0,0,1255,563,6260.0,1355.0,753.000000000017,0.0,0.0,0.0,0.0,228.0,753.000000000017,4151.999999999983,3923.9999999999827,1.9619999999999913,0.626,3740.0
identity_churn,19,repair,1443,1498,55,162,340,240,0,74,163,1287,563,7215.0,1498.0,772.2000000000178,82.99999999999743,48.89999999999989,85.0,0.0,258.0,989.1000000000151,4727.899999999985,4469.899999999985,2.2349499999999924,0.7215,2785.0
identity_churn,19,repair_no_exclusion,1692,1768,76,232,0,0,0,83,159,1565,563,8460.0,1768.0,939.0000000000241,99.99999999999646,47.6999999999999,98.0,0.0,282.0,1184.7000000000205,5507.299999999979,5225.299999999979,2.6126499999999897,0.846,1540.0
identity_churn,19,verify_and_retry,1692,1721,29,279,0,0,0,83,112,2000,563,8460.0,1721.0,1200.0000000000007,0.0,33.60000000000004,98.0,0.0,282.0,1331.6000000000008,5407.4,5125.4,2.5627,0.846,1540.0
identity_churn,19,scope_only,1570,1943,373,0,0,0,57,0,0,0,563,7850.0,1943.0,0.0,0.0,0.0,0.0,199.99999999999292,18.0,199.99999999999292,5707.000000000007,5689.000000000007,2.8445000000000036,0.785,2150.0
identity_churn,19,repair_no_appeal,1398,1447,49,162,391,281,0,70,119,1270,563,6990.0,1447.0,762.0000000000174,80.44999999999757,35.70000000000002,79.0,0.0,264.0,957.150000000015,4585.849999999985,4321.849999999985,2.1609249999999927,0.699,3010.0
identity_churn,19,repair_with_scope,1410,1462,52,160,330,234,48,71,157,1271,563,7050.0,1462.0,762.6000000000174,81.09999999999754,47.09999999999991,81.0,166.9999999999948,18.0,1138.8000000000097,4449.19999999999,4431.19999999999,2.215599999999995,0.705,2950.0
identity_churn,20,always_verify,1575,1680,105,320,0,0,0,0,0,2000,601,7875.0,1680.0,1200.0000000000007,0.0,0.0,0.0,0.0,330.0,1200.0000000000007,4994.999999999999,4664.999999999999,2.3324999999999996,0.7875,2125.0
identity_churn,20,naive_trust,1575,2000,425,0,0,0,0,0,0,0,601,7875.0,2000.0,0.0,0.0,0.0,0.0,0.0,330.0,0.0,5875.0,5545.0,2.7725,0.7875,2125.0
identity_churn,20,reputation_only,1218,1318,100,184,498,357,0,0,0,1266,601,6090.0,1318.0,759.6000000000173,0.0,0.0,0.0,0.0,258.0,759.6000000000173,4012.399999999983,3754.399999999983,1.8771999999999913,0.609,3910.0
identity_churn,20,repair,1389,1438,49,195,367,249,0,63,159,1333,601,6945.0,1438.0,799.8000000000188,81.6499999999975,47.6999999999999,74.0,0.0,264.0,1003.1500000000162,4503.849999999984,4239.849999999984,2.119924999999992,0.6945,3055.0
identity_churn,20,repair_no_exclusion,1654,1717,63,283,0,0,0,79,142,1661,601,8270.0,1717.0,996.6000000000263,99.99999999999646,42.59999999999995,92.0,0.0,342.0,1231.2000000000228,5321.799999999977,4979.799999999977,2.489899999999989,0.827,1730.0
identity_churn,20,verify_and_retry,1654,1680,26,320,0,0,0,79,105,2000,601,8270.0,1680.0,1200.0000000000007,0.0,31.500000000000053,92.0,0.0,342.0,1323.5000000000007,5266.499999999999,4924.499999999999,2.4622499999999996,0.827,1730.0
identity_churn,20,scope_only,1523,1932,409,0,0,0,68,0,0,0,601,7615.0,1932.0,0.0,0.0,0.0,0.0,199.99999999999292,18.0,199.99999999999292,5483.000000000007,5465.000000000007,2.7325000000000035,0.7615,2385.0
identity_churn,20,repair_no_appeal,1330,1376,46,189,435,306,0,61,107,1292,601,6650.0,1376.0,775.2000000000179,78.2499999999977,32.10000000000005,72.0,0.0,258.0,957.5500000000156,4316.449999999984,4058.4499999999844,2.0292249999999923,0.665,3350.0
identity_churn,20,repair_with_scope,1357,1407,50,186,354,240,53,64,161,1305,601,6785.0,1407.0,783.0000000000182,79.64999999999762,48.2999999999999,76.0,164.59999999999494,12.0,1151.5500000000106,4226.44999999999,4214.44999999999,2.107224999999995,0.6785,3215.0
identity_churn,21,always_verify,1534,1666,132,334,0,0,0,0,0,2000,609,7670.0,1666.0,1200.0000000000007,0.0,0.0,0.0,0.0,240.0,1200.0000000000007,4803.999999999999,4563.999999999999,2.2819999999999996,0.767,2330.0
identity_churn,21,naive_trust,1534,2000,466,0,0,0,0,0,0,0,609,7670.0,2000.0,0.0,0.0,0.0,0.0,0.0,240.0,0.0,5670.0,5430.0,2.715,0.767,2330.0
identity_churn,21,reputation_only,1197,1319,122,192,489,337,0,0,0,1271,609,5985.0,1319.0,762.6000000000174,0.0,0.0,0.0,0.0,198.0,762.6000000000174,3903.3999999999824,3705.3999999999824,1.8526999999999911,0.5985,4015.0
identity_churn,21,repair,1401,1459,58,197,344,211,0,78,169,1346,609,7005.0,1459.0,807.6000000000191,82.79999999999744,50.699999999999875,95.0,0.0,234.0,1036.1000000000165,4509.899999999983,4275.899999999983,2.1379499999999916,0.7005,2995.0
identity_churn,21,repair_no_exclusion,1628,1701,73,299,0,0,0,94,167,1640,609,8140.0,1701.0,984.0000000000258,99.99999999999646,50.09999999999988,113.0,0.0,264.0,1247.1000000000222,5191.899999999978,4927.899999999978,2.463949999999989,0.814,1860.0
identity_churn,21,verify_and_retry,1628,1666,38,334,0,0,0,94,132,2000,609,8140.0,1666.0,1200.0000000000007,0.0,39.59999999999998,113.0,0.0,264.0,1352.6000000000006,5121.4,4857.4,2.4286999999999996,0.814,1860.0
identity_churn,21,scope_only,1499,1947,448,0,0,0,53,0,0,0,609,7495.0,1947.0,0.0,0.0,0.0,0.0,199.99999999999292,30.0,199.99999999999292,5348.000000000007,5318.000000000007,2.659000000000004,0.7495,2505.0
identity_churn,21,repair_no_appeal,1349,1404,55,197,399,260,0,75,130,1312,609,6745.0,1404.0,787.2000000000183,80.0499999999976,38.999999999999986,91.0,0.0,222.0,997.2500000000159,4343.749999999984,4121.749999999984,2.060874999999992,0.6745,3255.0
identity_churn,21,repair_with_scope,1374,1431,57,189,336,203,44,74,164,1321,609,6870.0,1431.0,792.6000000000186,80.99999999999754,49.19999999999989,90.0,166.39999999999483,30.0,1179.2000000000107,4259.799999999989,4229.799999999989,2.1148999999999947,0.687,3130.0
identity_churn,22,always_verify,1558,1683,125,317,0,0,0,0,0,2000,587,7790.0,1683.0,1200.0000000000007,0.0,0.0,0.0,0.0,270.0,1200.0000000000007,4906.999999999999,4636.999999999999,2.3184999999999993,0.779,2210.0
identity_churn,22,naive_trust,1558,2000,442,0,0,0,0,0,0,0,587,7790.0,2000.0,0.0,0.0,0.0,0.0,0.0,270.0,0.0,5790.0,5520.0,2.76,0.779,2210.0
identity_churn,22,reputation_only,1197,1309,112,192,499,361,0,0,0,1253,587,5985.0,1309.0,751.800000000017,0.0,0.0,0.0,0.0,198.0,751.800000000017,3924.199999999983,3726.199999999983,1.8630999999999915,0.5985,4015.0
identity_churn,22,repair,1379,1434,55,200,366,252,0,73,164,1294,587,6895.0,1434.0,776.4000000000179,81.6999999999975,49.19999999999989,89.0,0.0,264.0,996.3000000000153,4464.699999999984,4200.699999999984,2.100349999999992,0.6895,3105.0
identity_churn,22,repair_no_exclusion,1645,1712,67,288,0,0,0,87,154,1614,587,8225.0,1712.0,968.4000000000252,99.99999999999646,46.19999999999992,104.0,0.0,306.0,1218.6000000000215,5294.399999999979,4988.399999999979,2.4941999999999895,0.8225,1775.0
identity_churn,22,verify_and_retry,1645,1683,38,317,0,0,0,87,125,2000,587,8225.0,1683.0,1200.0000000000007,0.0,37.5,104.0,0.0,306.0,1341.5000000000007,5200.499999999999,4894.499999999999,2.4472499999999995,0.8225,1775.0
identity_churn,22,scope_only,1515,1942,427,0,0,0,58,0,0,0,587,7575.0,1942.0,0.0,0.0,0.0,0.0,199.99999999999292,12.0,199.99999999999292,5433.000000000007,5421.000000000007,2.7105000000000037,0.7575,2425.0
identity_churn,22,repair_no_appeal,1340,1393,53,197,410,290,0,72,125,1281,587,6700.0,1393.0,768.6000000000176,79.49999999999763,37.5,87.0,0.0,258.0,972.6000000000153,4334.399999999985,4076.399999999985,2.0381999999999927,0.67,3300.0
identity_churn,22,repair_with_scope,1340,1392,52,199,359,249,50,69,157,1270,587,6700.0,1392.0,762.0000000000174,79.54999999999762,47.09999999999991,85.0,164.09999999999496,6.0,1137.75000000001,4170.24999999999,4164.24999999999,2.082124999999995,0.67,3300.0
identity_churn,23,always_verify,1559,1669,110,331,0,0,0,0,0,2000,622,7795.0,1669.0,1200.0000000000007,0.0,0.0,0.0,0.0,288.0,1200.0000000000007,4925.999999999999,4637.999999999999,2.3189999999999995,0.7795,2205.0
identity_churn,23,naive_trust,1559,2000,441,0,0,0,0,0,0,0,622,7795.0,2000.0,0.0,0.0,0.0,0.0,0.0,288.0,0.0,5795.0,5507.0,2.7535,0.7795,2205.0
identity_churn,23,reputation_only,1232,1337,105,179,484,327,0,0,0,1290,622,6160.0,1337.0,774.0000000000178,0.0,0.0,0.0,0.0,216.0,774.0000000000178,4048.9999999999823,3832.9999999999823,1.9164999999999912,0.616,3840.0
identity_churn,23,repair,1391,1457,66,181,362,223,0,55,160,1346,622,6955.0,1457.0,807.6000000000191,81.89999999999749,47.9999999999999,75.0,0.0,234.0,1012.5000000000165,4485.499999999984,4251.499999999984,2.125749999999992,0.6955,3045.0
identity_churn,23,repair_no_exclusion,1627,1709,82,291,0,0,0,68,150,1652,622,8135.0,1709.0,991.2000000000261,99.99999999999646,44.99999999999993,89.0,0.0,294.0,1225.2000000000226,5200.799999999977,4906.799999999977,2.4533999999999887,0.8135,1865.0
identity_churn,23,verify_and_retry,1627,1669,42,331,0,0,0,68,110,2000,622,8135.0,1669.0,1200.0000000000007,0.0,33.00000000000004,89.0,0.0,294.0,1322.0000000000007,5143.999999999999,4849.999999999999,2.4249999999999994,0.8135,1865.0
identity_churn,23,scope_only,1515,1940,425,0,0,0,60,0,0,0,622,7575.0,1940.0,0.0,0.0,0.0,0.0,199.99999999999292,24.0,199.99999999999292,5435.000000000007,5411.000000000007,2.705500000000004,0.7575,2425.0
identity_churn,23,repair_no_appeal,1335,1398,63,178,424,278,0,54,117,1310,622,6675.0,1398.0,786.0000000000183,78.79999999999767,35.10000000000002,72.0,0.0,222.0,971.900000000016,4305.099999999984,4083.099999999984,2.041549999999992,0.6675,3325.0
identity_churn,23,repair_with_scope,1359,1424,65,179,354,220,43,55,159,1324,622,6795.0,1424.0,794.4000000000186,80.14999999999759,47.6999999999999,74.0,164.59999999999494,18.0,1160.850000000011,4210.149999999989,4192.149999999989,2.0960749999999946,0.6795,3205.0
identity_churn,24,always_verify,1572,1691,119,309,0,0,0,0,0,2000,617,7860.0,1691.0,1200.0000000000007,0.0,0.0,0.0,0.0,300.0,1200.0000000000007,4968.999999999999,4668.999999999999,2.3344999999999994,0.786,2140.0
identity_churn,24,naive_trust,1572,2000,428,0,0,0,0,0,0,0,617,7860.0,2000.0,0.0,0.0,0.0,0.0,0.0,300.0,0.0,5860.0,5560.0,2.78,0.786,2140.0
identity_churn,24,reputation_only,1236,1344,108,179,477,336,0,0,0,1278,617,6180.0,1344.0,766.8000000000176,0.0,0.0,0.0,0.0,234.0,766.8000000000176,4069.1999999999825,3835.1999999999825,1.9175999999999913,0.618,3820.0
identity_churn,24,repair,1398,1455,57,188,357,235,0,61,157,1332,617,6990.0,1455.0,799.2000000000188,82.14999999999748,47.09999999999991,83.0,0.0,246.0,1011.4500000000162,4523.549999999984,4277.549999999984,2.138774999999992,0.699,3010.0
identity_churn,24,repair_no_exclusion,1646,1719,73,281,0,0,0,74,147,1644,617,8230.0,1719.0,986.4000000000259,99.99999999999646,44.09999999999994,99.0,0.0,312.0,1229.5000000000223,5281.499999999978,4969.499999999978,2.484749999999989,0.823,1770.0
identity_churn,24,verify_and_retry,1646,1691,45,309,0,0,0,74,119,2000,617,8230.0,1691.0,1200.0000000000007,0.0,35.70000000000002,99.0,0.0,312.0,1334.7000000000007,5204.299999999999,4892.299999999999,2.44615,0.823,1770.0
identity_churn,24,scope_only,1526,1941,415,0,0,0,59,0,0,0,617,7630.0,1941.0,0.0,0.0,0.0,0.0,199.99999999999292,24.0,199.99999999999292,5489.000000000007,5465.000000000007,2.7325000000000035,0.763,2370.0
identity_churn,24,repair_no_appeal,1339,1393,54,182,425,290,0,57,111,1305,617,6695.0,1393.0,783.0000000000182,78.74999999999767,33.30000000000004,77.0,0.0,240.0,972.0500000000159,4329.949999999984,4089.9499999999844,2.044974999999992,0.6695,3305.0
identity_churn,24,repair_with_scope,1365,1420,55,185,348,228,47,61,155,1316,617,6825.0,1420.0,789.6000000000184,80.24999999999758,46.499999999999915,83.0,165.1999999999949,12.0,1164.5500000000109,4240.449999999989,4228.449999999989,2.1142249999999945,0.6825,3175.0
identity_churn,25,always_verify,1565,1696,131,304,0,0,0,0,0,2000,624,7825.0,1696.0,1200.0000000000007,0.0,0.0,0.0,0.0,294.0,1200.0000000000007,4928.999999999999,4634.999999999999,2.3174999999999994,0.7825,2175.0
identity_churn,25,naive_trust,1565,2000,435,0,0,0,0,0,0,0,624,7825.0,2000.0,0.0,0.0,0.0,0.0,0.0,294.0,0.0,5825.0,5531.0,2.7655,0.7825,2175.0
identity_churn,25,reputation_only,1228,1341,113,178,481,337,0,0,0,1298,624,6140.0,1341.0,778.800000000018,0.0,0.0,0.0,0.0,234.0,778.800000000018,4020.199999999982,3786.199999999982,1.8930999999999911,0.614,3860.0
identity_churn,25,repair,1376,1446,70,182,372,250,0,61,175,1343,624,6880.0,1446.0,805.800000000019,81.39999999999752,52.49999999999986,86.0,0.0,240.0,1025.7000000000164,4408.299999999984,4168.299999999984,2.0841499999999917,0.688,3120.0
identity_churn,25,repair_no_exclusion,1635,1736,101,264,0,0,0,70,171,1659,624,8175.0,1736.0,995.4000000000262,99.99999999999646,51.29999999999987,100.0,0.0,312.0,1246.7000000000226,5192.299999999977,4880.299999999977,2.440149999999989,0.8175,1825.0
identity_churn,25,verify_and_retry,1635,1696,61,304,0,0,0,70,131,2000,624,8175.0,1696.0,1200.0000000000007,0.0,39.29999999999998,100.0,0.0,312.0,1339.3000000000006,5139.699999999999,4827.699999999999,2.4138499999999996,0.8175,1825.0
identity_churn,25,scope_only,1519,1939,420,0,0,0,61,0,0,0,624,7595.0,1939.0,0.0,0.0,0.0,0.0,199.99999999999292,18.0,199.99999999999292,5456.000000000007,5438.000000000007,2.719000000000004,0.7595,2405.0
identity_churn,25,repair_no_appeal,1331,1393,62,183,424,293,0,59,121,1319,624,6655.0,1393.0,791.4000000000185,78.79999999999767,36.30000000000001,82.0,0.0,252.0,988.5000000000161,4273.499999999984,4021.4999999999836,2.010749999999992,0.6655,3345.0
identity_churn,25,repair_with_scope,1337,1403,66,181,370,251,46,59,169,1318,624,6685.0,1403.0,790.8000000000185,79.19999999999764,50.699999999999875,83.0,162.99999999999503,12.0,1166.700000000011,4115.299999999989,4103.299999999989,2.0516499999999946,0.6685,3315.0
identity_churn,26,always_verify,1602,1724,122,276,0,0,0,0,0,2000,600,8010.0,1724.0,1200.0000000000007,0.0,0.0,0.0,0.0,312.0,1200.0000000000007,5085.999999999999,4773.999999999999,2.3869999999999996,0.801,1990.0
identity_churn,26,naive_trust,1602,2000,398,0,0,0,0,0,0,0,600,8010.0,2000.0,0.0,0.0,0.0,0.0,0.0,312.0,0.0,6010.0,5698.0,2.849,0.801,1990.0
identity_churn,26,reputation_only,1261,1377,116,155,468,341,0,0,0,1275,600,6305.0,1377.0,765.0000000000175,0.0,0.0,0.0,0.0,264.0,765.0000000000175,4162.999999999983,3898.9999999999827,1.9494999999999914,0.6305,3695.0
identity_churn,26,repair,1424,1487,63,164,349,242,0,64,167,1316,600,7120.0,1487.0,789.6000000000184,82.54999999999745,50.09999999999988,80.0,0.0,270.0,1002.2500000000158,4630.7499999999845,4360.7499999999845,2.180374999999992,0.712,2880.0
identity_churn,26,repair_no_exclusion,1682,1757,75,243,0,0,0,80,155,1599,600,8410.0,1757.0,959.4000000000249,99.99999999999646,46.499999999999915,100.0,0.0,312.0,1205.9000000000212,5447.0999999999785,5135.0999999999785,2.567549999999989,0.841,1590.0
identity_churn,26,verify_and_retry,1682,1724,42,276,0,0,0,80,122,2000,600,8410.0,1724.0,1200.0000000000007,0.0,36.60000000000001,100.0,0.0,312.0,1336.6000000000006,5349.4,5037.4,2.5187,0.841,1590.0
identity_churn,26,scope_only,1554,1941,387,0,0,0,59,0,0,0,600,7770.0,1941.0,0.0,0.0,0.0,0.0,199.99999999999292,24.0,199.99999999999292,5629.000000000007,5605.000000000007,2.8025000000000038,0.777,2230.0
identity_churn,26,repair_no_appeal,1378,1440,62,159,401,288,0,64,126,1288,600,6890.0,1440.0,772.8000000000178,79.9499999999976,37.8,80.0,0.0,270.0,970.5500000000154,4479.449999999984,4209.449999999984,2.104724999999992,0.689,3110.0
identity_churn,26,repair_with_scope,1387,1450,63,159,341,237,50,64,167,1295,600,6935.0,1450.0,777.000000000018,80.44999999999757,50.09999999999988,81.0,165.89999999999486,18.0,1154.4500000000103,4330.54999999999,4312.54999999999,2.156274999999995,0.6935,3065.0
identity_churn,27,always_verify,1587,1717,130,283,0,0,0,0,0,2000,627,7935.0,1717.0,1200.0000000000007,0.0,0.0,0.0,0.0,318.0,1200.0000000000007,5017.999999999999,4699.999999999999,2.3499999999999996,0.7935,2065.0
identity_churn,27,naive_trust,1587,2000,413,0,0,0,0,0,0,0,627,7935.0,2000.0,0.0,0.0,0.0,0.0,0.0,318.0,0.0,5935.0,5617.0,2.8085,0.7935,2065.0
identity_churn,27,reputation_only,1266,1379,113,149,472,321,0,0,0,1285,627,6330.0,1379.0,771.0000000000177,0.0,0.0,0.0,0.0,264.0,771.0000000000177,4179.999999999982,3915.999999999982,1.9579999999999909,0.633,3670.0
identity_churn,27,repair,1470,1528,58,159,313,184,0,67,174,1346,627,7350.0,1528.0,807.6000000000191,84.34999999999735,52.19999999999986,82.0,0.0,282.0,1026.1500000000162,4795.849999999984,4513.849999999984,2.256924999999992,0.735,2650.0
identity_churn,27,repair_no_exclusion,1673,1750,77,250,0,0,0,86,163,1625,627,8365.0,1750.0,975.0000000000255,99.99999999999646,48.89999999999989,105.0,0.0,324.0,1228.900000000022,5386.0999999999785,5062.0999999999785,2.5310499999999894,0.8365,1635.0
identity_churn,27,verify_and_retry,1673,1717,44,283,0,0,0,86,130,2000,627,8365.0,1717.0,1200.0000000000007,0.0,38.999999999999986,105.0,0.0,324.0,1344.0000000000007,5303.999999999999,4979.999999999999,2.4899999999999993,0.8365,1635.0
identity_churn,27,scope_only,1538,1941,403,0,0,0,59,0,0,0,627,7690.0,1941.0,0.0,0.0,0.0,0.0,199.99999999999292,24.0,199.99999999999292,5549.000000000007,5525.000000000007,2.7625000000000037,0.769,2310.0
identity_churn,27,repair_no_appeal,1393,1450,57,151,399,258,0,64,121,1304,627,6965.0,1450.0,782.4000000000182,80.0499999999976,36.30000000000001,79.0,0.0,276.0,977.7500000000158,4537.2499999999845,4261.2499999999845,2.130624999999992,0.6965,3035.0
identity_churn,27,repair_with_scope,1429,1485,56,157,306,181,52,66,171,1323,627,7145.0,1485.0,793.8000000000186,82.09999999999748,51.29999999999987,81.0,169.39999999999466,18.0,1177.6000000000106,4482.39999999999,4464.39999999999,2.232199999999995,0.7145,2855.0
identity_churn,28,always_verify,1465,1582,117,418,0,0,0,0,0,2000,561,7325.0,1582.0,1200.0000000000007,0.0,0.0,0.0,0.0,318.0,1200.0000000000007,4542.999999999999,4224.999999999999,2.1124999999999994,0.7325,2675.0
identity_churn,28,naive_trust,1465,2000,535,0,0,0,0,0,0,0,561,7325.0,2000.0,0.0,0.0,0.0,0.0,0.0,318.0,0.0,5325.0,5007.0,2.5035,0.7325,2675.0
identity_churn,28,reputation_only,1085,1187,102,214,599,380,0,0,0,1199,561,5425.0,1187.0,719.4000000000158,0.0,0.0,0.0,0.0,234.0,719.4000000000158,3518.599999999984,3284.599999999984,1.642299999999992,0.5425,4575.0
identity_churn,28,repair,1252,1307,55,226,467,275,0,62,162,1250,561,6260.0,1307.0,750.0000000000169,76.64999999999779,48.599999999999895,73.0,0.0,270.0,948.2500000000147,4004.7499999999854,3734.7499999999854,1.8673749999999927,0.626,3740.0
identity_churn,28,repair_no_exclusion,1546,1622,76,378,0,0,0,81,157,1653,561,7730.0,1622.0,991.8000000000261,99.99999999999646,47.09999999999991,96.0,0.0,354.0,1234.9000000000224,4873.099999999978,4519.099999999978,2.259549999999989,0.773,2270.0
identity_churn,28,verify_and_retry,1546,1582,36,418,0,0,0,81,117,2000,561,7730.0,1582.0,1200.0000000000007,0.0,35.10000000000002,96.0,0.0,354.0,1331.1000000000008,4816.9,4462.9,2.2314499999999997,0.773,2270.0
identity_churn,28,scope_only,1414,1934,520,0,0,0,66,0,0,0,561,7070.0,1934.0,0.0,0.0,0.0,0.0,199.99999999999292,12.0,199.99999999999292,4936.000000000007,4924.000000000007,2.4620000000000037,0.707,2930.0
identity_churn,28,repair_no_appeal,1190,1241,51,221,538,334,0,59,110,1217,561,5950.0,1241.0,730.2000000000162,73.09999999999799,33.00000000000004,70.0,0.0,252.0,906.3000000000143,3802.6999999999857,3550.6999999999857,1.7753499999999929,0.595,4050.0
identity_churn,28,repair_with_scope,1215,1267,52,225,457,269,51,58,155,1222,561,6075.0,1267.0,733.2000000000163,74.5999999999979,46.499999999999915,70.0,154.29999999999552,12.0,1078.6000000000097,3729.3999999999905,3717.3999999999905,1.8586999999999954,0.6075,3925.0
identity_churn,29,always_verify,1648,1769,121,231,0,0,0,0,0,2000,577,8240.0,1769.0,1200.0000000000007,0.0,0.0,0.0,0.0,246.0,1200.0000000000007,5270.999999999999,5024.999999999999,2.5124999999999997,0.824,1760.0
identity_churn,29,naive_trust,1648,2000,352,0,0,0,0,0,0,0,577,8240.0,2000.0,0.0,0.0,0.0,0.0,0.0,246.0,0.0,6240.0,5994.0,2.997,0.824,1760.0
identity_churn,29,reputation_only,1324,1441,117,132,427,324,0,0,0,1266,577,6620.0,1441.0,759.6000000000173,0.0,0.0,0.0,0.0,192.0,759.6000000000173,4419.399999999982,4227.399999999982,2.1136999999999913,0.662,3380.0
identity_churn,29,repair,1515,1580,65,131,289,196,0,63,164,1308,577,7575.0,1580.0,784.8000000000183,85.54999999999728,49.19999999999989,81.0,0.0,228.0,1000.5500000000154,4994.449999999984,4766.449999999984,2.3832249999999924,0.7575,2425.0
identity_churn,29,repair_no_exclusion,1725,1801,76,199,0,0,0,77,153,1555,577,8625.0,1801.0,933.0000000000239,99.99999999999646,45.89999999999992,96.0,0.0,258.0,1174.9000000000203,5649.099999999979,5391.099999999979,2.6955499999999897,0.8625,1375.0
identity_churn,29,verify_and_retry,1725,1769,44,231,0,0,0,77,121,2000,577,8625.0,1769.0,1200.0000000000007,0.0,36.30000000000001,96.0,0.0,258.0,1332.3000000000006,5523.699999999999,5265.699999999999,2.6328499999999995,0.8625,1375.0
identity_churn,29,scope_only,1609,1950,341,0,0,0,50,0,0,0,577,8045.0,1950.0,0.0,0.0,0.0,0.0,199.99999999999292,12.0,199.99999999999292,5895.000000000007,5883.000000000007,2.9415000000000036,0.8045,1955.0
identity_churn,29,repair_no_appeal,1464,1527,63,130,343,244,0,60,123,1281,577,7320.0,1527.0,768.6000000000176,82.84999999999744,36.900000000000006,78.0,0.0,210.0,966.3500000000151,4826.649999999985,4616.649999999985,2.3083249999999924,0.732,2680.0
identity_churn,29,repair_with_scope,1490,1550,60,127,278,185,45,61,157,1292,577,7450.0,1550.0,775.2000000000179,83.84999999999738,47.09999999999991,78.0,172.1999999999945,12.0,1156.3500000000097,4743.6499999999905,4731.6499999999905,2.365824999999995,0.745,2550.0
identity_churn,30,always_verify,1589,1698,109,302,0,0,0,0,0,2000,581,7945.0,1698.0,1200.0000000000007,0.0,0.0,0.0,0.0,240.0,1200.0000000000007,5046.999999999999,4806.999999999999,2.4034999999999997,0.7945,2055.0
identity_churn,30,naive_trust,1589,2000,411,0,0,0,0,0,0,0,581,7945.0,2000.0,0.0,0.0,0.0,0.0,0.0,240.0,0.0,5945.0,5705.0,2.8525,0.7945,2055.0
identity_churn,30,reputation_only,1270,1372,102,162,466,319,0,0,0,1239,581,6350.0,1372.0,743.4000000000167,0.0,0.0,0.0,0.0,198.0,743.4000000000167,4234.599999999983,4036.599999999983,2.0182999999999915,0.635,3650.0
identity_churn,30,repair,1422,1480,58,168,352,223,0,56,149,1287,581,7110.0,1480.0,772.2000000000178,82.39999999999746,44.69999999999993,74.0,0.0,210.0,973.3000000000152,4656.699999999984,4446.699999999984,2.2233499999999924,0.711,2890.0
identity_churn,30,repair_no_exclusion,1663,1735,72,265,0,0,0,74,146,1585,581,8315.0,1735.0,951.0000000000246,99.99999999999646,43.79999999999994,95.0,0.0,252.0,1189.8000000000209,5390.199999999979,5138.199999999979,2.5690999999999895,0.8315,1685.0
identity_churn,30,verify_and_retry,1663,1698,35,302,0,0,0,74,109,2000,581,8315.0,1698.0,1200.0000000000007,0.0,32.700000000000045,95.0,0.0,252.0,1327.7000000000007,5289.299999999999,5037.299999999999,2.5186499999999996,0.8315,1685.0
identity_churn,30,scope_only,1553,1952,399,0,0,0,48,0,0,0,581,7765.0,1952.0,0.0,0.0,0.0,0.0,199.99999999999292,24.0,199.99999999999292,5613.000000000007,5589.000000000007,2.7945000000000038,0.7765,2235.0
identity_churn,30,repair_no_appeal,1366,1422,56,167,411,277,0,54,110,1265,581,6830.0,1422.0,759.0000000000173,79.44999999999763,33.00000000000004,72.0,0.0,204.0,943.4500000000149,4464.549999999985,4260.549999999985,2.130274999999992,0.683,3170.0
identity_churn,30,repair_with_scope,1391,1448,57,165,348,222,39,55,147,1277,581,6955.0,1448.0,766.2000000000176,80.64999999999756,44.09999999999994,72.0,165.1999999999949,18.0,1128.1500000000099,4378.84999999999,4360.84999999999,2.180424999999995,0.6955,3045.0
identity_churn,31,always_verify,1520,1640,120,360,0,0,0,0,0,2000,604,7600.0,1640.0,1200.0000000000007,0.0,0.0,0.0,0.0,216.0,1200.0000000000007,4759.999999999999,4543.999999999999,2.2719999999999994,0.76,2400.0
identity_churn,31,naive_trust,1520,2000,480,0,0,0,0,0,0,0,604,7600.0,2000.0,0.0,0.0,0.0,0.0,0.0,216.0,0.0,5600.0,5384.0,2.692,0.76,2400.0
identity_churn,31,reputation_only,1133,1240,107,207,553,387,0,0,0,1243,604,5665.0,1240.0,745.8000000000168,0.0,0.0,0.0,0.0,138.0,745.8000000000168,3679.1999999999834,3541.1999999999834,1.7705999999999917,0.5665,4335.0
identity_churn,31,repair,1284,1349,65,218,433,296,0,60,170,1297,604,6420.0,1349.0,778.200000000018,78.34999999999769,50.99999999999987,76.0,0.0,168.0,983.5500000000155,4087.4499999999844,3919.4499999999844,1.9597249999999922,0.642,3580.0
identity_churn,31,repair_no_exclusion,1592,1682,90,318,0,0,0,72,162,1676,604,7960.0,1682.0,1005.6000000000266,99.99999999999646,48.599999999999895,95.0,0.0,234.0,1249.200000000023,5028.799999999977,4794.799999999977,2.3973999999999887,0.796,2040.0
identity_churn,31,verify_and_retry,1592,1640,48,360,0,0,0,72,120,2000,604,7960.0,1640.0,1200.0000000000007,0.0,36.000000000000014,95.0,0.0,234.0,1331.0000000000007,4988.999999999999,4754.999999999999,2.3774999999999995,0.796,2040.0
identity_churn,31,scope_only,1486,1954,468,0,0,0,46,0,0,0,604,7430.0,1954.0,0.0,0.0,0.0,0.0,199.99999999999292,12.0,199.99999999999292,5276.000000000007,5264.000000000007,2.6320000000000037,0.743,2570.0
identity_churn,31,repair_no_appeal,1225,1284,59,217,499,350,0,55,114,1266,604,6125.0,1284.0,759.6000000000173,75.04999999999788,34.20000000000003,70.0,0.0,150.0,938.8500000000153,3902.1499999999846,3752.1499999999846,1.8760749999999924,0.6125,3875.0
identity_churn,31,repair_with_scope,1261,1325,64,215,426,292,34,57,166,1281,604,6305.0,1325.0,768.6000000000176,76.99999999999777,49.79999999999988,72.0,157.39999999999534,6.0,1124.8000000000106,3855.1999999999894,3849.1999999999894,1.9245999999999948,0.6305,3695.0
identity_churn,32,always_verify,1455,1574,119,426,0,0,0,0,0,2000,606,7275.0,1574.0,1200.0000000000007,0.0,0.0,0.0,0.0,294.0,1200.0000000000007,4500.999999999999,4206.999999999999,2.1034999999999995,0.7275,2725.0
identity_churn,32,naive_trust,1455,2000,545,0,0,0,0,0,0,0,606,7275.0,2000.0,0.0,0.0,0.0,0.0,0.0,294.0,0.0,5275.0,4981.0,2.4905,0.7275,2725.0
identity_churn,32,reputation_only,1087,1199,112,218,583,368,0,0,0,1219,606,5435.0,1199.0,731.4000000000162,0.0,0.0,0.0,0.0,210.0,731.4000000000162,3504.599999999984,3294.599999999984,1.647299999999992,0.5435,4565.0
identity_churn,32,repair,1238,1313,75,236,451,274,0,57,174,1284,606,6190.0,1313.0,770.4000000000177,77.44999999999774,52.19999999999986,74.0,0.0,234.0,974.0500000000153,3902.949999999985,3668.949999999985,1.8344749999999923,0.619,3810.0
identity_churn,32,repair_no_exclusion,1528,1622,94,378,0,0,0,73,167,1671,606,7640.0,1622.0,1002.6000000000265,99.99999999999646,50.09999999999988,93.0,0.0,324.0,1245.7000000000228,4772.299999999977,4448.299999999977,2.2241499999999887,0.764,2360.0
identity_churn,32,verify_and_retry,1528,1574,46,426,0,0,0,73,119,2000,606,7640.0,1574.0,1200.0000000000007,0.0,35.70000000000002,93.0,0.0,324.0,1328.7000000000007,4737.299999999999,4413.299999999999,2.20665,0.764,2360.0
identity_churn,32,scope_only,1409,1940,531,0,0,0,60,0,0,0,606,7045.0,1940.0,0.0,0.0,0.0,0.0,199.99999999999292,18.0,199.99999999999292,4905.000000000007,4887.000000000007,2.443500000000004,0.7045,2955.0
identity_churn,32,repair_no_appeal,1182,1252,70,230,518,323,0,50,120,1254,606,5910.0,1252.0,752.400000000017,74.09999999999793,36.000000000000014,66.0,0.0,228.0,928.500000000015,3729.499999999985,3501.499999999985,1.7507499999999925,0.591,4090.0
identity_churn,32,repair_with_scope,1211,1284,73,235,437,264,44,53,168,1269,606,6055.0,1284.0,761.4000000000174,75.94999999999783,50.39999999999988,69.0,156.2999999999954,12.0,1113.0500000000104,3657.94999999999,3645.94999999999,1.822974999999995,0.6055,3945.0
identity_churn,33,always_verify,1629,1743,114,257,0,0,0,0,0,2000,585,8145.0,1743.0,1200.0000000000007,0.0,0.0,0.0,0.0,360.0,1200.0000000000007,5201.999999999999,4841.999999999999,2.4209999999999994,0.8145,1855.0
identity_churn,33,naive_trust,1629,2000,371,0,0,0,0,0,0,0,585,8145.0,2000.0,0.0,0.0,0.0,0.0,0.0,360.0,0.0,6145.0,5785.0,2.8925,0.8145,1855.0
identity_churn,33,reputation_only,1312,1420,108,149,431,317,0,0,0,1279,585,6560.0,1420.0,767.4000000000176,0.0,0.0,0.0,0.0,306.0,767.4000000000176,4372.599999999982,4066.599999999982,2.0332999999999912,0.656,3440.0
identity_churn,33,repair,1471,1527,56,164,309,215,0,57,154,1334,585,7355.0,1527.0,800.4000000000188,84.54999999999734,46.19999999999992,75.0,0.0,336.0,1006.1500000000161,4821.849999999984,4485.849999999984,2.242924999999992,0.7355,2645.0
identity_churn,33,repair_no_exclusion,1698,1769,71,231,0,0,0,69,140,1602,585,8490.0,1769.0,961.2000000000249,99.99999999999646,41.99999999999996,91.0,0.0,372.0,1194.2000000000214,5526.799999999978,5154.799999999978,2.5773999999999893,0.849,1510.0
identity_churn,33,verify_and_retry,1698,1743,45,257,0,0,0,69,114,2000,585,8490.0,1743.0,1200.0000000000007,0.0,34.20000000000003,91.0,0.0,372.0,1325.2000000000007,5421.799999999999,5049.799999999999,2.5248999999999997,0.849,1510.0
identity_churn,33,scope_only,1573,1933,360,0,0,0,67,0,0,0,585,7865.0,1933.0,0.0,0.0,0.0,0.0,199.99999999999292,24.0,199.99999999999292,5732.000000000007,5708.000000000007,2.8540000000000036,0.7865,2135.0
identity_churn,33,repair_no_appeal,1431,1485,54,158,357,256,0,58,112,1307,585,7155.0,1485.0,784.2000000000182,82.14999999999748,33.60000000000004,76.0,0.0,324.0,975.9500000000157,4694.049999999985,4370.049999999985,2.1850249999999924,0.7155,2845.0
identity_churn,33,repair_with_scope,1424,1479,55,159,303,210,59,55,151,1310,585,7120.0,1479.0,786.0000000000183,81.89999999999749,45.299999999999926,72.0,169.69999999999465,24.0,1154.9000000000103,4486.099999999989,4462.099999999989,2.231049999999995,0.712,2880.0
identity_churn,34,always_verify,1644,1755,111,245,0,0,0,0,0,2000,577,8220.0,1755.0,1200.0000000000007,0.0,0.0,0.0,0.0,318.0,1200.0000000000007,5264.999999999999,4946.999999999999,2.4734999999999996,0.822,1780.0
identity_churn,34,naive_trust,1644,2000,356,0,0,0,0,0,0,0,577,8220.0,2000.0,0.0,0.0,0.0,0.0,0.0,318.0,0.0,6220.0,5902.0,2.951,0.822,1780.0
identity_churn,34,reputation_only,1276,1383,107,143,474,368,0,0,0,1258,577,6380.0,1383.0,754.8000000000171,0.0,0.0,0.0,0.0,216.0,754.8000000000171,4242.1999999999825,4026.1999999999825,2.0130999999999912,0.638,3620.0
identity_churn,34,repair,1452,1510,58,150,340,254,0,62,157,1294,577,7260.0,1510.0,776.4000000000179,82.99999999999743,47.09999999999991,82.0,0.0,276.0,988.5000000000152,4761.4999999999845,4485.4999999999845,2.2427499999999925,0.726,2740.0
identity_churn,34,repair_no_exclusion,1719,1792,73,208,0,0,0,75,148,1575,577,8595.0,1792.0,945.0000000000243,99.99999999999646,44.399999999999935,98.0,0.0,342.0,1187.4000000000208,5615.599999999979,5273.599999999979,2.63679999999999,0.8595,1405.0
identity_churn,34,verify_and_retry,1719,1755,36,245,0,0,0,75,111,2000,577,8595.0,1755.0,1200.0000000000007,0.0,33.30000000000004,98.0,0.0,342.0,1331.3000000000006,5508.699999999999,5166.699999999999,2.5833499999999994,0.8595,1405.0
identity_churn,34,scope_only,1594,1943,349,0,0,0,57,0,0,0,577,7970.0,1943.0,0.0,0.0,0.0,0.0,199.99999999999292,18.0,199.99999999999292,5827.000000000007,5809.000000000007,2.9045000000000036,0.797,2030.0
identity_churn,34,repair_no_appeal,1396,1453,57,147,400,306,0,58,115,1276,577,6980.0,1453.0,765.6000000000175,79.9999999999976,34.50000000000003,78.0,0.0,252.0,958.1000000000151,4568.899999999985,4316.899999999985,2.1584499999999927,0.698,3020.0
identity_churn,34,repair_with_scope,1410,1468,58,150,338,253,44,59,154,1270,577,7050.0,1468.0,762.0000000000174,80.89999999999755,46.19999999999992,79.0,166.19999999999484,18.0,1134.3000000000097,4447.69999999999,4429.69999999999,2.214849999999995,0.705,2950.0
identity_churn,35,always_verify,1568,1687,119,313,0,0,0,0,0,2000,577,7840.0,1687.0,1200.0000000000007,0.0,0.0,0.0,0.0,240.0,1200.0000000000007,4952.999999999999,4712.999999999999,2.3564999999999996,0.784,2160.0
identity_churn,35,naive_trust,1568,2000,432,0,0,0,0,0,0,0,577,7840.0,2000.0,0.0,0.0,0.0,0.0,0.0,240.0,0.0,5840.0,5600.0,2.8,0.784,2160.0
identity_churn,35,reputation_only,1218,1314,96,191,495,350,0,0,0,1279,577,6090.0,1314.0,767.4000000000176,0.0,0.0,0.0,0.0,198.0,767.4000000000176,4008.599999999982,3810.599999999982,1.9052999999999911,0.609,3910.0
identity_churn,35,repair,1365,1422,57,196,382,255,0,52,149,1313,577,6825.0,1422.0,787.8000000000184,80.89999999999755,44.69999999999993,71.0,0.0,216.0,984.4000000000159,4418.599999999984,4202.599999999984,2.101299999999992,0.6825,3175.0
identity_churn,35,repair_no_exclusion,1638,1721,83,279,0,0,0,70,153,1631,577,8190.0,1721.0,978.6000000000256,99.99999999999646,45.89999999999992,92.0,0.0,252.0,1216.500000000022,5252.499999999978,5000.499999999978,2.500249999999989,0.819,1810.0
identity_churn,35,verify_and_retry,1638,1687,49,313,0,0,0,70,119,2000,577,8190.0,1687.0,1200.0000000000007,0.0,35.70000000000002,92.0,0.0,252.0,1327.7000000000007,5175.299999999999,4923.299999999999,2.4616499999999997,0.819,1810.0
identity_churn,35,scope_only,1531,1954,423,0,0,0,46,0,0,0,577,7655.0,1954.0,0.0,0.0,0.0,0.0,199.99999999999292,18.0,199.99999999999292,5501.000000000007,5483.000000000007,2.741500000000004,0.7655,2345.0
identity_churn,35,repair_no_appeal,1320,1374,54,192,434,298,0,50,104,1283,577,6600.0,1374.0,769.8000000000177,78.2999999999977,31.200000000000053,68.0,0.0,210.0,947.3000000000154,4278.699999999984,4068.6999999999844,2.0343499999999923,0.66,3400.0
identity_churn,35,repair_with_scope,1336,1392,56,193,376,250,39,51,147,1291,577,6680.0,1392.0,774.6000000000179,79.24999999999764,44.09999999999994,69.0,162.39999999999506,18.0,1129.3500000000106,4158.64999999999,4140.64999999999,2.0703249999999946,0.668,3320.0
identity_churn,36,always_verify,1586,1706,120,294,0,0,0,0,0,2000,627,7930.0,1706.0,1200.0000000000007,0.0,0.0,0.0,0.0,312.0,1200.0000000000007,5023.999999999999,4711.999999999999,2.3559999999999994,0.793,2070.0
identity_churn,36,naive_trust,1586,2000,414,0,0,0,0,0,0,0,627,7930.0,2000.0,0.0,0.0,0.0,0.0,0.0,312.0,0.0,5930.0,5618.0,2.809,0.793,2070.0
identity_churn,36,reputation_only,1254,1372,118,169,459,332,0,0,0,1301,627,6270.0,1372.0,780.6000000000181,0.0,0.0,0.0,0.0,252.0,780.6000000000181,4117.399999999981,3865.3999999999814,1.9326999999999908,0.627,3730.0
identity_churn,36,repair,1448,1506,58,177,317,216,0,78,170,1355,627,7240.0,1506.0,813.0000000000193,84.14999999999736,50.99999999999987,95.0,0.0,300.0,1043.1500000000165,4690.849999999984,4390.849999999984,2.195424999999992,0.724,2760.0
identity_churn,36,repair_no_exclusion,1673,1745,72,255,0,0,0,87,159,1632,627,8365.0,1745.0,979.2000000000256,99.99999999999646,47.6999999999999,108.0,0.0,348.0,1234.900000000022,5385.0999999999785,5037.0999999999785,2.518549999999989,0.8365,1635.0
identity_churn,36,verify_and_retry,1673,1706,33,294,0,0,0,87,120,2000,627,8365.0,1706.0,1200.0000000000007,0.0,36.000000000000014,108.0,0.0,348.0,1344.0000000000007,5314.999999999999,4966.999999999999,2.4834999999999994,0.8365,1635.0
identity_churn,36,scope_only,1534,1932,398,0,0,0,68,0,0,0,627,7670.0,1932.0,0.0,0.0,0.0,0.0,199.99999999999292,0.0,199.99999999999292,5538.000000000007,5538.000000000007,2.7690000000000037,0.767,2330.0
identity_churn,36,repair_no_appeal,1397,1451,54,174,375,264,0,75,129,1322,627,6985.0,1451.0,793.2000000000186,81.24999999999753,38.69999999999999,91.0,0.0,294.0,1004.1500000000161,4529.849999999984,4235.849999999984,2.117924999999992,0.6985,3015.0
identity_churn,36,repair_with_scope,1405,1462,57,172,307,209,59,72,163,1326,627,7025.0,1462.0,795.6000000000187,81.6999999999975,48.89999999999989,88.0,169.29999999999467,0.0,1183.5000000000107,4379.499999999989,4379.499999999989,2.1897499999999948,0.7025,2975.0
identity_churn,37,always_verify,1606,1732,126,268,0,0,0,0,0,2000,599,8030.0,1732.0,1200.0000000000007,0.0,0.0,0.0,0.0,240.0,1200.0000000000007,5097.999999999999,4857.999999999999,2.4289999999999994,0.803,1970.0
identity_churn,37,naive_trust,1606,2000,394,0,0,0,0,0,0,0,599,8030.0,2000.0,0.0,0.0,0.0,0.0,0.0,240.0,0.0,6030.0,5790.0,2.895,0.803,1970.0
identity_churn,37,reputation_only,1264,1367,103,162,471,342,0,0,0,1274,599,6320.0,1367.0,764.4000000000175,0.0,0.0,0.0,0.0,198.0,764.4000000000175,4188.599999999982,3990.599999999982,1.9952999999999912,0.632,3680.0
identity_churn,37,repair,1439,1499,60,170,331,230,0,63,160,1326,599,7195.0,1499.0,795.6000000000187,83.4499999999974,47.9999999999999,83.0,0.0,216.0,1010.050000000016,4685.949999999984,4469.949999999984,2.2349749999999924,0.7195,2805.0
identity_churn,37,repair_no_exclusion,1681,1762,81,238,0,0,0,75,156,1607,599,8405.0,1762.0,964.200000000025,99.99999999999646,46.79999999999991,99.0,0.0,252.0,1210.0000000000214,5432.999999999978,5180.999999999978,2.590499999999989,0.8405,1595.0
identity_churn,37,verify_and_retry,1681,1732,51,268,0,0,0,75,126,2000,599,8405.0,1732.0,1200.0000000000007,0.0,37.8,99.0,0.0,252.0,1336.8000000000006,5336.199999999999,5084.199999999999,2.5420999999999996,0.8405,1595.0
identity_churn,37,scope_only,1568,1956,388,0,0,0,44,0,0,0,599,7840.0,1956.0,0.0,0.0,0.0,0.0,199.99999999999292,12.0,199.99999999999292,5684.000000000007,5672.000000000007,2.836000000000004,0.784,2160.0
identity_churn,37,repair_no_appeal,1375,1430,55,169,401,288,0,57,112,1296,599,6875.0,1430.0,777.600000000018,79.9499999999976,33.60000000000004,75.0,0.0,204.0,966.1500000000157,4478.849999999984,4274.849999999984,2.137424999999992,0.6875,3125.0
identity_churn,37,repair_with_scope,1405,1464,59,170,330,230,36,62,158,1305,599,7025.0,1464.0,783.0000000000182,81.6999999999975,47.399999999999906,81.0,166.9999999999948,12.0,1160.1000000000104,4400.89999999999,4388.89999999999,2.194449999999995,0.7025,2975.0
identity_churn,38,always_verify,1587,1719,132,281,0,0,0,0,0,2000,598,7935.0,1719.0,1200.0000000000007,0.0,0.0,0.0,0.0,252.0,1200.0000000000007,5015.999999999999,4763.999999999999,2.3819999999999997,0.7935,2065.0
identity_churn,38,naive_trust,1587,2000,413,0,0,0,0,0,0,0,598,7935.0,2000.0,0.0,0.0,0.0,0.0,0.0,252.0,0.0,5935.0,5683.0,2.8415,0.7935,2065.0
identity_churn,38,reputation_only,1234,1357,123,151,492,353,0,0,0,1276,598,6170.0,1357.0,765.6000000000175,0.0,0.0,0.0,0.0,180.0,765.6000000000175,4047.3999999999824,3867.3999999999824,1.933699999999991,0.617,3830.0
identity_churn,38,repair,1460,1515,55,159,326,214,0,87,179,1346,598,7300.0,1515.0,807.6000000000191,83.69999999999739,53.69999999999985,101.0,0.0,216.0,1046.0000000000164,4738.999999999984,4522.999999999984,2.261499999999992,0.73,2700.0
identity_churn,38,repair_no_exclusion,1685,1754,69,246,0,0,0,98,167,1621,598,8425.0,1754.0,972.6000000000254,99.99999999999646,50.09999999999988,116.0,0.0,264.0,1238.7000000000216,5432.299999999978,5168.299999999978,2.584149999999989,0.8425,1575.0
identity_churn,38,verify_and_retry,1685,1719,34,281,0,0,0,98,132,2000,598,8425.0,1719.0,1200.0000000000007,0.0,39.59999999999998,116.0,0.0,264.0,1355.6000000000006,5350.4,5086.4,2.5431999999999997,0.8425,1575.0
identity_churn,38,scope_only,1547,1950,403,0,0,0,50,0,0,0,598,7735.0,1950.0,0.0,0.0,0.0,0.0,199.99999999999292,12.0,199.99999999999292,5585.000000000007,5573.000000000007,2.7865000000000038,0.7735,2265.0
identity_churn,38,repair_no_appeal,1411,1461,50,156,383,261,0,85,135,1316,598,7055.0,1461.0,789.6000000000184,80.84999999999755,40.49999999999997,97.0,0.0,204.0,1007.950000000016,4586.049999999984,4382.049999999984,2.191024999999992,0.7055,2945.0
identity_churn,38,repair_with_scope,1435,1488,53,156,316,206,40,86,176,1325,598,7175.0,1488.0,795.0000000000186,82.19999999999747,52.799999999999855,100.0,168.39999999999472,12.0,1198.4000000000108,4488.599999999989,4476.599999999989,2.238299999999995,0.7175,2825.0
identity_churn,39,always_verify,1596,1710,114,290,0,0,0,0,0,2000,567,7980.0,1710.0,1200.0000000000007,0.0,0.0,0.0,0.0,252.0,1200.0000000000007,5069.999999999999,4817.999999999999,2.4089999999999994,0.798,2020.0
identity_churn,39,naive_trust,1596,2000,404,0,0,0,0,0,0,0,567,7980.0,2000.0,0.0,0.0,0.0,0.0,0.0,252.0,0.0,5980.0,5728.0,2.864,0.798,2020.0
identity_churn,39,reputation_only,1237,1345,108,153,502,359,0,0,0,1233,567,6185.0,1345.0,739.8000000000166,0.0,0.0,0.0,0.0,204.0,739.8000000000166,4100.199999999983,3896.1999999999834,1.9480999999999917,0.6185,3815.0
identity_churn,39,repair,1413,1469,56,161,370,242,0,59,165,1280,567,7065.0,1469.0,768.0000000000176,81.49999999999751,49.499999999999886,72.0,0.0,234.0,971.000000000015,4624.999999999985,4390.999999999985,2.195499999999993,0.7065,2935.0
identity_churn,39,repair_no_exclusion,1672,1739,67,261,0,0,0,76,143,1598,567,8360.0,1739.0,958.8000000000249,99.99999999999646,42.89999999999995,92.0,0.0,276.0,1193.7000000000212,5427.299999999979,5151.299999999979,2.57564999999999,0.836,1640.0
identity_churn,39,verify_and_retry,1672,1710,38,290,0,0,0,76,114,2000,567,8360.0,1710.0,1200.0000000000007,0.0,34.20000000000003,92.0,0.0,276.0,1326.2000000000007,5323.799999999999,5047.799999999999,2.5239,0.836,1640.0
identity_churn,39,scope_only,1554,1941,387,0,0,0,59,0,0,0,567,7770.0,1941.0,0.0,0.0,0.0,0.0,199.99999999999292,0.0,199.99999999999292,5629.000000000007,5629.000000000007,2.8145000000000038,0.777,2230.0
identity_churn,39,repair_no_appeal,1350,1404,54,157,439,303,0,57,111,1246,567,6750.0,1404.0,747.6000000000168,78.04999999999771,33.30000000000004,69.0,0.0,222.0,927.9500000000146,4418.049999999986,4196.049999999986,2.0980249999999927,0.675,3250.0
identity_churn,39,repair_with_scope,1388,1444,56,153,355,229,48,57,163,1259,567,6940.0,1444.0,755.4000000000171,79.8499999999976,48.89999999999989,69.0,164.49999999999494,0.0,1117.6500000000096,4378.34999999999,4378.34999999999,2.189174999999995,0.694,3060.0
third_party_costs,0,always_verify,1665,1776,111,224,0,0,0,0,0,2000,0,8325.0,1776.0,1200.0000000000007,0.0,0.0,0.0,0.0,6540.0,1200.0000000000007,5348.999999999999,-1191.000000000001,-0.5955000000000005,0.8325,1675.0
third_party_costs,0,naive_trust,1665,2000,335,0,0,0,0,0,0,0,0,8325.0,2000.0,0.0,0.0,0.0,0.0,0.0,6540.0,0.0,6325.0,-215.0,-0.1075,0.8325,1675.0
third_party_costs,0,reputation_only,1121,1244,123,72,684,544,0,0,0,665,0,5605.0,1244.0,399.0000000000037,0.0,0.0,0.0,0.0,4392.0,399.0000000000037,3961.9999999999964,-430.00000000000364,-0.21500000000000183,0.5605,4395.0
third_party_costs,0,repair,1326,1422,96,73,505,396,0,57,201,608,0,6630.0,1422.0,364.8000000000024,74.7499999999979,60.299999999999784,73.0,0.0,5184.0,572.8500000000001,4635.15,-548.8500000000004,-0.2744250000000002,0.663,3370.0
third_party_costs,0,repair_no_exclusion,1742,1875,133,125,0,0,0,77,210,815,0,8710.0,1875.0,489.0000000000071,99.99999999999646,62.99999999999976,96.0,0.0,6936.0,748.0000000000033,6086.999999999996,-849.0000000000036,-0.4245000000000018,0.871,1290.0
third_party_costs,0,verify_and_retry,1742,1776,34,224,0,0,0,77,111,2000,0,8710.0,1776.0,1200.0000000000007,0.0,33.30000000000004,96.0,0.0,6936.0,1329.3000000000006,5604.699999999999,-1331.300000000001,-0.6656500000000005,0.871,1290.0
third_party_costs,0,scope_only,1142,1363,221,0,0,0,637,0,0,0,0,5710.0,1363.0,0.0,0.0,0.0,0.0,199.99999999999292,264.0,199.99999999999292,4147.000000000007,3883.0000000000073,1.9415000000000036,0.571,4290.0
third_party_costs,0,repair_no_appeal,1263,1349,86,70,581,456,0,54,140,631,0,6315.0,1349.0,378.6000000000029,70.94999999999811,41.99999999999996,67.0,0.0,4992.0,558.550000000001,4407.449999999999,-584.5500000000011,-0.29227500000000056,0.6315,3685.0
third_party_costs,0,repair_with_scope,983,1050,67,58,379,294,513,35,150,458,0,4915.0,1050.0,274.799999999999,55.39999999999899,44.99999999999993,48.0,162.09999999999508,192.0,585.299999999993,3279.700000000007,3087.700000000007,1.5438500000000035,0.4915,5085.0
third_party_costs,1,always_verify,1584,1695,111,305,0,0,0,0,0,2000,0,7920.0,1695.0,1200.0000000000007,0.0,0.0,0.0,0.0,6564.0,1200.0000000000007,5024.999999999999,-1539.000000000001,-0.7695000000000004,0.792,2080.0
third_party_costs,1,naive_trust,1584,2000,416,0,0,0,0,0,0,0,0,7920.0,2000.0,0.0,0.0,0.0,0.0,0.0,6564.0,0.0,5920.0,-644.0,-0.322,0.792,2080.0
third_party_costs,1,reputation_only,1087,1203,116,102,695,497,0,0,0,635,0,5435.0,1203.0,381.000000000003,0.0,0.0,0.0,0.0,4392.0,381.000000000003,3850.999999999997,-541.0000000000032,-0.2705000000000016,0.5435,4565.0
third_party_costs,1,repair,1254,1339,85,105,556,385,0,55,178,568,0,6270.0,1339.0,340.8000000000015,72.19999999999804,53.39999999999985,70.0,0.0,5268.0,536.3999999999994,4394.6,-873.3999999999996,-0.4366999999999998,0.627,3730.0
third_party_costs,1,repair_no_exclusion,1659,1792,133,208,0,0,0,75,208,903,0,8295.0,1792.0,541.800000000009,99.99999999999646,62.399999999999764,95.0,0.0,6888.0,799.2000000000053,5703.799999999995,-1184.2000000000053,-0.5921000000000026,0.8295,1705.0
third_party_costs,1,verify_and_retry,1659,1695,36,305,0,0,0,75,111,2000,0,8295.0,1695.0,1200.0000000000007,0.0,33.30000000000004,95.0,0.0,6888.0,1328.3000000000006,5271.699999999999,-1616.300000000001,-0.8081500000000006,0.8295,1705.0
third_party_costs,1,scope_only,1074,1345,271,0,0,0,655,0,0,0,0,5370.0,1345.0,0.0,0.0,0.0,0.0,199.99999999999292,444.0,199.99999999999292,3825.0000000000073,3381.0000000000073,1.6905000000000037,0.537,4630.0
third_party_costs,1,repair_no_appeal,1228,1304,76,102,594,409,0,53,129,586,0,6140.0,1304.0,351.6000000000019,70.29999999999815,38.69999999999999,67.0,0.0,5160.0,527.6,4308.4,-851.6000000000004,-0.4258000000000002,0.614,3860.0
third_party_costs,1,repair_with_scope,924,992,68,74,415,271,519,35,141,439,0,4620.0,992.0,263.39999999999856,53.29999999999911,42.299999999999955,44.0,158.49999999999528,372.0,561.499999999993,3066.5000000000073,2694.5000000000073,1.3472500000000036,0.462,5380.0
third_party_costs,2,always_verify,1603,1719,116,281,0,0,0,0,0,2000,0,8015.0,1719.0,1200.0000000000007,0.0,0.0,0.0,0.0,6852.0,1200.0000000000007,5095.999999999999,-1756.000000000001,-0.8780000000000004,0.8015,1985.0
third_party_costs,2,naive_trust,1603,2000,397,0,0,0,0,0,0,0,0,8015.0,2000.0,0.0,0.0,0.0,0.0,0.0,6852.0,0.0,6015.0,-837.0,-0.4185,0.8015,1985.0
third_party_costs,2,reputation_only,1069,1194,125,90,716,534,0,0,0,647,0,5345.0,1194.0,388.2000000000033,0.0,0.0,0.0,0.0,4428.0,388.2000000000033,3762.7999999999965,-665.2000000000035,-0.3326000000000017,0.5345,4655.0
third_party_costs,2,repair,1288,1381,93,87,532,370,0,55,186,573,0,6440.0,1381.0,343.8000000000016,73.39999999999797,55.79999999999983,65.0,0.0,5424.0,537.9999999999994,4521.000000000001,-902.9999999999991,-0.45149999999999957,0.644,3560.0
third_party_costs,2,repair_no_exclusion,1681,1816,135,184,0,0,0,78,213,871,0,8405.0,1816.0,522.6000000000083,99.99999999999646,63.89999999999975,93.0,0.0,7200.0,779.5000000000045,5809.499999999995,-1390.5000000000045,-0.6952500000000023,0.8405,1595.0
third_party_costs,2,verify_and_retry,1681,1719,38,281,0,0,0,78,116,2000,0,8405.0,1719.0,1200.0000000000007,0.0,34.800000000000026,93.0,0.0,7200.0,1327.8000000000006,5358.199999999999,-1841.800000000001,-0.9209000000000005,0.8405,1595.0
third_party_costs,2,scope_only,1055,1319,264,0,0,0,681,0,0,0,0,5275.0,1319.0,0.0,0.0,0.0,0.0,199.99999999999292,276.0,199.99999999999292,3756.0000000000073,3480.0000000000073,1.7400000000000035,0.5275,4725.0
third_party_costs,2,repair_no_appeal,1210,1301,91,87,612,444,0,51,142,609,0,6050.0,1301.0,365.4000000000024,69.3999999999982,42.59999999999995,61.0,0.0,5160.0,538.4000000000005,4210.599999999999,-949.4000000000005,-0.4747000000000003,0.605,3950.0
third_party_costs,2,repair_with_scope,935,1002,67,61,379,248,558,36,141,436,0,4675.0,1002.0,261.5999999999985,53.14999999999912,42.299999999999955,44.0,162.09999999999508,240.0,563.1499999999926,3109.8500000000076,2869.8500000000076,1.4349250000000038,0.4675,5325.0
third_party_costs,3,always_verify,1611,1728,117,272,0,0,0,0,0,2000,0,8055.0,1728.0,1200.0000000000007,0.0,0.0,0.0,0.0,6372.0,1200.0000000000007,5126.999999999999,-1245.000000000001,-0.6225000000000005,0.8055,1945.0
third_party_costs,3,naive_trust,1611,2000,389,0,0,0,0,0,0,0,0,8055.0,2000.0,0.0,0.0,0.0,0.0,0.0,6372.0,0.0,6055.0,-317.0,-0.1585,0.8055,1945.0
third_party_costs,3,reputation_only,1110,1227,117,88,685,501,0,0,0,635,0,5550.0,1227.0,381.000000000003,0.0,0.0,0.0,0.0,4284.0,381.000000000003,3941.999999999997,-342.0000000000032,-0.1710000000000016,0.555,4450.0
third_party_costs,3,repair,1297,1387,90,87,526,366,0,52,175,565,0,6485.0,1387.0,339.0000000000014,73.69999999999796,52.49999999999986,70.0,0.0,5160.0,535.1999999999992,4562.800000000001,-597.1999999999989,-0.2985999999999995,0.6485,3515.0
third_party_costs,3,repair_no_exclusion,1685,1824,139,176,0,0,0,74,213,848,0,8425.0,1824.0,508.80000000000786,99.99999999999646,63.89999999999975,97.0,0.0,6672.0,769.700000000004,5831.299999999996,-840.7000000000044,-0.42035000000000217,0.8425,1575.0
third_party_costs,3,verify_and_retry,1685,1728,43,272,0,0,0,74,117,2000,0,8425.0,1728.0,1200.0000000000007,0.0,35.10000000000002,97.0,0.0,6672.0,1332.1000000000008,5364.9,-1307.1000000000004,-0.6535500000000002,0.8425,1575.0
third_party_costs,3,scope_only,1104,1366,262,0,0,0,634,0,0,0,0,5520.0,1366.0,0.0,0.0,0.0,0.0,199.99999999999292,288.0,199.99999999999292,3954.0000000000073,3666.0000000000073,1.8330000000000037,0.552,4480.0
third_party_costs,3,repair_no_appeal,1243,1327,84,87,586,419,0,51,135,591,0,6215.0,1327.0,354.600000000002,70.69999999999813,40.49999999999997,68.0,0.0,4872.0,533.8000000000001,4354.2,-517.8000000000002,-0.2589000000000001,0.6215,3785.0
third_party_costs,3,repair_with_scope,954,1024,70,62,396,274,518,42,145,449,0,4770.0,1024.0,269.3999999999988,54.29999999999905,43.49999999999994,51.0,160.39999999999517,264.0,578.599999999993,3167.400000000007,2903.400000000007,1.4517000000000035,0.477,5230.0
third_party_costs,4,always_verify,1548,1653,105,347,0,0,0,0,0,2000,0,7740.0,1653.0,1200.0000000000007,0.0,0.0,0.0,0.0,6864.0,1200.0000000000007,4886.999999999999,-1977.000000000001,-0.9885000000000005,0.774,2260.0
third_party_costs,4,naive_trust,1548,2000,452,0,0,0,0,0,0,0,0,7740.0,2000.0,0.0,0.0,0.0,0.0,0.0,6864.0,0.0,5740.0,-1124.0,-0.562,0.774,2260.0
third_party_costs,4,reputation_only,1061,1173,112,102,725,487,0,0,0,664,0,5305.0,1173.0,398.4000000000037,0.0,0.0,0.0,0.0,4464.0,398.4000000000037,3733.5999999999963,-730.4000000000037,-0.36520000000000186,0.5305,4695.0
third_party_costs,4,repair,1220,1312,92,105,583,371,0,43,178,610,0,6100.0,1312.0,366.00000000000244,70.84999999999812,53.39999999999985,55.0,0.0,5196.0,545.2500000000005,4242.75,-953.25,-0.476625,0.61,3900.0
third_party_costs,4,repair_no_exclusion,1613,1745,132,255,0,0,0,65,197,950,0,8065.0,1745.0,570.0000000000101,99.99999999999646,59.099999999999795,83.0,0.0,7104.0,812.1000000000064,5507.899999999993,-1596.1000000000067,-0.7980500000000034,0.8065,1935.0
third_party_costs,4,verify_and_retry,1613,1653,40,347,0,0,0,65,105,2000,0,8065.0,1653.0,1200.0000000000007,0.0,31.500000000000053,83.0,0.0,7104.0,1314.5000000000007,5097.499999999999,-2006.500000000001,-1.0032500000000004,0.8065,1935.0
third_party_costs,4,scope_only,1005,1311,306,0,0,0,689,0,0,0,0,5025.0,1311.0,0.0,0.0,0.0,0.0,199.99999999999292,348.0,199.99999999999292,3514.0000000000073,3166.0000000000073,1.5830000000000037,0.5025,4975.0
third_party_costs,4,repair_no_appeal,1152,1238,86,103,659,435,0,39,125,638,0,5760.0,1238.0,382.8000000000031,67.04999999999833,37.5,51.0,0.0,4860.0,538.3500000000014,3983.6499999999987,-876.3500000000013,-0.43817500000000065,0.576,4240.0
third_party_costs,4,repair_with_scope,839,913,74,90,490,319,507,29,146,486,0,4195.0,913.0,291.5999999999996,50.14999999999929,43.79999999999994,38.0,150.9999999999957,264.0,574.5499999999946,2707.4500000000053,2443.4500000000053,1.2217250000000026,0.4195,5805.0
third_party_costs,5,always_verify,1539,1658,119,342,0,0,0,0,0,2000,0,7695.0,1658.0,1200.0000000000007,0.0,0.0,0.0,0.0,6600.0,1200.0000000000007,4836.999999999999,-1763.000000000001,-0.8815000000000005,0.7695,2305.0
third_party_costs,5,naive_trust,1539,2000,461,0,0,0,0,0,0,0,0,7695.0,2000.0,0.0,0.0,0.0,0.0,0.0,6600.0,0.0,5695.0,-905.0,-0.4525,0.7695,2305.0
third_party_costs,5,reputation_only,993,1111,118,112,777,546,0,0,0,674,0,4965.0,1111.0,404.4000000000039,0.0,0.0,0.0,0.0,4320.0,404.4000000000039,3449.5999999999963,-870.4000000000037,-0.43520000000000186,0.4965,5035.0
third_party_costs,5,repair,1196,1291,95,110,599,400,0,57,199,603,0,5980.0,1291.0,361.8000000000023,70.04999999999816,59.69999999999979,69.0,0.0,5424.0,560.5500000000002,4128.45,-1295.5500000000002,-0.6477750000000001,0.598,4020.0
third_party_costs,5,repair_no_exclusion,1622,1762,140,238,0,0,0,83,223,952,0,8110.0,1762.0,571.2000000000102,99.99999999999646,66.89999999999972,102.0,0.0,7080.0,840.1000000000064,5507.899999999993,-1572.1000000000067,-0.7860500000000034,0.811,1890.0
third_party_costs,5,verify_and_retry,1622,1658,36,342,0,0,0,83,119,2000,0,8110.0,1658.0,1200.0000000000007,0.0,35.70000000000002,102.0,0.0,7080.0,1337.7000000000007,5114.299999999999,-1965.7000000000007,-0.9828500000000003,0.811,1890.0
third_party_costs,5,scope_only,1022,1322,300,0,0,0,678,0,0,0,0,5110.0,1322.0,0.0,0.0,0.0,0.0,199.99999999999292,396.0,199.99999999999292,3588.0000000000073,3192.0000000000073,1.5960000000000036,0.511,4890.0
third_party_costs,5,repair_no_appeal,1137,1221,84,108,671,454,0,52,136,620,0,5685.0,1221.0,372.0000000000027,66.44999999999837,40.79999999999997,63.0,0.0,5136.0,542.250000000001,3921.749999999999,-1214.250000000001,-0.6071250000000005,0.5685,4315.0
third_party_costs,5,repair_with_scope,839,912,73,88,469,307,531,32,152,476,0,4195.0,912.0,285.5999999999994,49.9999999999993,45.59999999999992,40.0,153.0999999999956,312.0,574.2999999999942,2708.7000000000057,2396.7000000000057,1.198350000000003,0.4195,5805.0
third_party_costs,6,always_verify,1591,1706,115,294,0,0,0,0,0,2000,0,7955.0,1706.0,1200.0000000000007,0.0,0.0,0.0,0.0,6660.0,1200.0000000000007,5048.999999999999,-1611.000000000001,-0.8055000000000004,0.7955,2045.0
third_party_costs,6,naive_trust,1591,2000,409,0,0,0,0,0,0,0,0,7955.0,2000.0,0.0,0.0,0.0,0.0,0.0,6660.0,0.0,5955.0,-705.0,-0.3525,0.7955,2045.0
third_party_costs,6,reputation_only,1015,1140,125,95,765,576,0,0,0,669,0,5075.0,1140.0,401.4000000000038,0.0,0.0,0.0,0.0,4212.0,401.4000000000038,3533.5999999999963,-678.4000000000037,-0.3392000000000019,0.5075,4925.0
third_party_costs,6,repair,1245,1350,105,84,566,396,0,50,213,622,0,6225.0,1350.0,373.2000000000027,71.69999999999807,63.89999999999975,68.0,0.0,5208.0,576.8000000000005,4298.2,-909.8000000000002,-0.4549000000000001,0.6225,3775.0
third_party_costs,6,repair_no_exclusion,1657,1811,154,189,0,0,0,66,220,921,0,8285.0,1811.0,552.6000000000095,99.99999999999646,65.99999999999973,91.0,0.0,6948.0,809.6000000000056,5664.399999999994,-1283.6000000000058,-0.6418000000000029,0.8285,1715.0
third_party_costs,6,verify_and_retry,1657,1706,49,294,0,0,0,66,115,2000,0,8285.0,1706.0,1200.0000000000007,0.0,34.50000000000003,91.0,0.0,6948.0,1325.5000000000007,5253.499999999999,-1694.500000000001,-0.8472500000000005,0.8285,1715.0
third_party_costs,6,scope_only,1064,1338,274,0,0,0,662,0,0,0,0,5320.0,1338.0,0.0,0.0,0.0,0.0,199.99999999999292,336.0,199.99999999999292,3782.0000000000073,3446.0000000000073,1.7230000000000036,0.532,4680.0
third_party_costs,6,repair_no_appeal,1155,1245,90,91,664,484,0,48,138,640,0,5775.0,1245.0,384.0000000000031,66.79999999999835,41.39999999999996,64.0,0.0,4764.0,556.2000000000014,3973.7999999999984,-790.2000000000016,-0.39510000000000084,0.5775,4225.0
third_party_costs,6,repair_with_scope,887,960,73,74,442,304,524,32,163,490,0,4435.0,960.0,293.9999999999997,51.6999999999992,48.89999999999989,46.0,155.79999999999544,288.0,596.3999999999943,2878.600000000006,2590.600000000006,1.295300000000003,0.4435,5565.0
third_party_costs,7,always_verify,1488,1609,121,391,0,0,0,0,0,2000,0,7440.0,1609.0,1200.0000000000007,0.0,0.0,0.0,0.0,6396.0,1200.0000000000007,4630.999999999999,-1765.000000000001,-0.8825000000000005,0.744,2560.0
third_party_costs,7,naive_trust,1488,2000,512,0,0,0,0,0,0,0,0,7440.0,2000.0,0.0,0.0,0.0,0.0,0.0,6396.0,0.0,5440.0,-956.0,-0.478,0.744,2560.0
third_party_costs,7,reputation_only,967,1092,125,115,793,521,0,0,0,665,0,4835.0,1092.0,399.0000000000037,0.0,0.0,0.0,0.0,4188.0,399.0000000000037,3343.9999999999964,-844.0000000000036,-0.4220000000000018,0.4835,5165.0
third_party_costs,7,repair,1132,1240,108,111,649,403,0,47,197,632,0,5660.0,1240.0,379.20000000000294,67.5499999999983,59.099999999999795,58.0,0.0,4944.0,563.850000000001,3856.1499999999987,-1087.8500000000013,-0.5439250000000007,0.566,4340.0
third_party_costs,7,repair_no_exclusion,1569,1724,155,276,0,0,0,81,236,1030,0,7845.0,1724.0,618.0000000000119,99.99999999999646,70.79999999999968,99.0,0.0,6804.0,887.8000000000081,5233.199999999992,-1570.8000000000084,-0.7854000000000042,0.7845,2155.0
third_party_costs,7,verify_and_retry,1569,1609,40,391,0,0,0,81,121,2000,0,7845.0,1609.0,1200.0000000000007,0.0,36.30000000000001,99.0,0.0,6804.0,1335.3000000000006,4900.699999999999,-1903.300000000001,-0.9516500000000006,0.7845,2155.0
third_party_costs,7,scope_only,978,1338,360,0,0,0,662,0,0,0,0,4890.0,1338.0,0.0,0.0,0.0,0.0,199.99999999999292,276.0,199.99999999999292,3352.0000000000073,3076.0000000000073,1.5380000000000036,0.489,5110.0
third_party_costs,7,repair_no_appeal,1084,1188,104,107,705,448,0,44,148,645,0,5420.0,1188.0,387.00000000000324,64.74999999999847,44.399999999999935,55.0,0.0,4716.0,551.1500000000017,3680.8499999999985,-1035.1500000000015,-0.5175750000000007,0.542,4580.0
third_party_costs,7,repair_with_scope,794,884,90,96,548,334,472,33,165,517,0,3970.0,884.0,310.20000000000033,48.99999999999935,49.499999999999886,42.0,145.19999999999604,228.0,595.8999999999957,2490.1000000000045,2262.1000000000045,1.1310500000000023,0.397,6030.0
third_party_costs,8,always_verify,1538,1653,115,347,0,0,0,0,0,2000,0,7690.0,1653.0,1200.0000000000007,0.0,0.0,0.0,0.0,6336.0,1200.0000000000007,4836.999999999999,-1499.000000000001,-0.7495000000000005,0.769,2310.0
third_party_costs,8,naive_trust,1538,2000,462,0,0,0,0,0,0,0,0,7690.0,2000.0,0.0,0.0,0.0,0.0,0.0,6336.0,0.0,5690.0,-646.0,-0.323,0.769,2310.0
third_party_costs,8,reputation_only,975,1112,137,106,782,563,0,0,0,674,0,4875.0,1112.0,404.4000000000039,0.0,0.0,0.0,0.0,4032.0,404.4000000000039,3358.5999999999963,-673.4000000000037,-0.3367000000000019,0.4875,5125.0
third_party_costs,8,repair,1176,1274,98,110,616,426,0,64,190,607,0,5880.0,1274.0,364.2000000000024,69.19999999999821,56.999999999999815,78.0,0.0,4908.0,568.4000000000004,4037.5999999999995,-870.4000000000005,-0.43520000000000025,0.588,4120.0
third_party_costs,8,repair_no_exclusion,1619,1761,142,239,0,0,0,81,223,972,0,8095.0,1761.0,583.2000000000106,99.99999999999646,66.89999999999972,99.0,0.0,6624.0,849.1000000000068,5484.899999999993,-1139.1000000000067,-0.5695500000000033,0.8095,1905.0
third_party_costs,8,verify_and_retry,1619,1653,34,347,0,0,0,81,115,2000,0,8095.0,1653.0,1200.0000000000007,0.0,34.50000000000003,99.0,0.0,6624.0,1333.5000000000007,5108.499999999999,-1515.500000000001,-0.7577500000000005,0.8095,1905.0
third_party_costs,8,scope_only,1030,1346,316,0,0,0,654,0,0,0,0,5150.0,1346.0,0.0,0.0,0.0,0.0,199.99999999999292,240.0,199.99999999999292,3604.0000000000073,3364.0000000000073,1.6820000000000037,0.515,4850.0
third_party_costs,8,repair_no_appeal,1130,1226,96,107,667,470,0,62,158,623,0,5650.0,1226.0,373.80000000000274,66.64999999999836,47.399999999999906,76.0,0.0,4776.0,563.850000000001,3860.1499999999987,-915.8500000000013,-0.45792500000000064,0.565,4350.0
third_party_costs,8,repair_with_scope,851,924,73,89,485,321,502,45,146,488,0,4255.0,924.0,292.79999999999967,50.64999999999926,43.79999999999994,52.0,151.49999999999568,204.0,590.7499999999945,2740.2500000000055,2536.2500000000055,1.2681250000000028,0.4255,5745.0
third_party_costs,9,always_verify,1548,1662,114,338,0,0,0,0,0,2000,0,7740.0,1662.0,1200.0000000000007,0.0,0.0,0.0,0.0,6552.0,1200.0000000000007,4877.999999999999,-1674.000000000001,-0.8370000000000004,0.774,2260.0
third_party_costs,9,naive_trust,1548,2000,452,0,0,0,0,0,0,0,0,7740.0,2000.0,0.0,0.0,0.0,0.0,0.0,6552.0,0.0,5740.0,-812.0,-0.406,0.774,2260.0
third_party_costs,9,reputation_only,1000,1131,131,95,774,548,0,0,0,662,0,5000.0,1131.0,397.2000000000036,0.0,0.0,0.0,0.0,4200.0,397.2000000000036,3471.7999999999965,-728.2000000000035,-0.36410000000000176,0.5,5000.0
third_party_costs,9,repair,1191,1306,115,89,605,404,0,47,207,619,0,5955.0,1306.0,371.40000000000265,69.74999999999818,62.09999999999977,59.0,0.0,5040.0,562.2500000000006,4086.7499999999995,-953.2500000000005,-0.47662500000000024,0.5955,4045.0
third_party_costs,9,repair_no_exclusion,1619,1775,156,225,0,0,0,71,227,930,0,8095.0,1775.0,558.0000000000097,99.99999999999646,68.09999999999971,88.0,0.0,6852.0,814.1000000000058,5505.899999999994,-1346.1000000000058,-0.6730500000000029,0.8095,1905.0
third_party_costs,9,verify_and_retry,1619,1662,43,338,0,0,0,71,114,2000,0,8095.0,1662.0,1200.0000000000007,0.0,34.20000000000003,88.0,0.0,6852.0,1322.2000000000007,5110.799999999999,-1741.2000000000007,-0.8706000000000004,0.8095,1905.0
third_party_costs,9,scope_only,1020,1336,316,0,0,0,664,0,0,0,0,5100.0,1336.0,0.0,0.0,0.0,0.0,199.99999999999292,216.0,199.99999999999292,3564.0000000000073,3348.0000000000073,1.6740000000000037,0.51,4900.0
third_party_costs,9,repair_no_appeal,1112,1214,102,94,692,482,0,46,148,639,0,5560.0,1214.0,383.4000000000031,65.39999999999843,44.399999999999935,57.0,0.0,4704.0,550.2000000000014,3795.7999999999984,-908.2000000000016,-0.45410000000000084,0.556,4440.0
third_party_costs,9,repair_with_scope,840,932,92,76,499,335,493,35,172,501,0,4200.0,932.0,300.59999999999997,50.399999999999274,51.599999999999866,46.0,150.09999999999576,192.0,598.6999999999948,2669.300000000005,2477.300000000005,1.2386500000000027,0.42,5800.0
third_party_costs,10,always_verify,1596,1710,114,290,0,0,0,0,0,2000,0,7980.0,1710.0,1200.0000000000007,0.0,0.0,0.0,0.0,6648.0,1200.0000000000007,5069.999999999999,-1578.000000000001,-0.7890000000000005,0.798,2020.0
third_party_costs,10,naive_trust,1596,2000,404,0,0,0,0,0,0,0,0,7980.0,2000.0,0.0,0.0,0.0,0.0,0.0,6648.0,0.0,5980.0,-668.0,-0.334,0.798,2020.0
third_party_costs,10,reputation_only,1102,1215,113,93,692,494,0,0,0,635,0,5510.0,1215.0,381.000000000003,0.0,0.0,0.0,0.0,4452.0,381.000000000003,3913.999999999997,-538.0000000000032,-0.26900000000000157,0.551,4490.0
third_party_costs,10,repair,1276,1367,91,93,540,371,0,51,185,587,0,6380.0,1367.0,352.2000000000019,72.999999999998,55.49999999999983,68.0,0.0,5172.0,548.6999999999997,4464.3,-707.6999999999998,-0.3538499999999999,0.638,3620.0
third_party_costs,10,repair_no_exclusion,1667,1796,129,204,0,0,0,71,200,892,0,8335.0,1796.0,535.2000000000088,99.99999999999646,59.99999999999979,91.0,0.0,6984.0,786.200000000005,5752.799999999995,-1231.2000000000053,-0.6156000000000026,0.8335,1665.0
third_party_costs,10,verify_and_retry,1667,1710,43,290,0,0,0,71,114,2000,0,8335.0,1710.0,1200.0000000000007,0.0,34.20000000000003,91.0,0.0,6984.0,1325.2000000000007,5299.799999999999,-1684.2000000000007,-0.8421000000000004,0.8335,1665.0
third_party_costs,10,scope_only,1068,1331,263,0,0,0,669,0,0,0,0,5340.0,1331.0,0.0,0.0,0.0,0.0,199.99999999999292,312.0,199.99999999999292,3809.0000000000073,3497.0000000000073,1.7485000000000037,0.534,4660.0
third_party_costs,10,repair_no_appeal,1212,1296,84,91,613,433,0,49,133,608,0,6060.0,1296.0,364.8000000000024,69.3499999999982,39.89999999999998,64.0,0.0,4908.0,538.0500000000006,4225.949999999999,-682.0500000000011,-0.3410250000000005,0.606,3940.0
third_party_costs,10,repair_with_scope,920,988,68,73,413,281,526,32,143,457,0,4600.0,988.0,274.19999999999897,53.04999999999912,42.89999999999995,40.0,158.69999999999527,264.0,568.8499999999933,3043.150000000007,2779.150000000007,1.3895750000000036,0.46,5400.0
third_party_costs,11,always_verify,1562,1683,121,317,0,0,0,0,0,2000,0,7810.0,1683.0,1200.0000000000007,0.0,0.0,0.0,0.0,7140.0,1200.0000000000007,4926.999999999999,-2213.000000000001,-1.1065000000000005,0.781,2190.0
third_party_costs,11,naive_trust,1562,2000,438,0,0,0,0,0,0,0,0,7810.0,2000.0,0.0,0.0,0.0,0.0,0.0,7140.0,0.0,5810.0,-1330.0,-0.665,0.781,2190.0
third_party_costs,11,reputation_only,1015,1144,129,95,761,547,0,0,0,668,0,5075.0,1144.0,400.80000000000376,0.0,0.0,0.0,0.0,4764.0,400.80000000000376,3530.199999999996,-1233.8000000000038,-0.6169000000000019,0.5075,4925.0
third_party_costs,11,repair,1230,1335,105,90,575,381,0,49,196,597,0,6150.0,1335.0,358.20000000000215,71.2499999999981,58.7999999999998,65.0,0.0,5604.0,553.25,4261.75,-1342.25,-0.671125,0.615,3850.0
third_party_costs,11,repair_no_exclusion,1630,1779,149,221,0,0,0,68,217,929,0,8150.0,1779.0,557.4000000000096,99.99999999999646,65.09999999999974,91.0,0.0,7416.0,813.5000000000058,5557.4999999999945,-1858.5000000000055,-0.9292500000000027,0.815,1850.0
third_party_costs,11,verify_and_retry,1630,1683,53,317,0,0,0,68,121,2000,0,8150.0,1683.0,1200.0000000000007,0.0,36.30000000000001,91.0,0.0,7416.0,1327.3000000000006,5139.699999999999,-2276.300000000001,-1.1381500000000004,0.815,1850.0
third_party_costs,11,scope_only,1003,1292,289,0,0,0,708,0,0,0,0,5015.0,1292.0,0.0,0.0,0.0,0.0,199.99999999999292,432.0,199.99999999999292,3523.0000000000073,3091.0000000000073,1.5455000000000036,0.5015,4985.0
third_party_costs,11,repair_no_appeal,1143,1237,94,96,667,467,0,48,142,620,0,5715.0,1237.0,372.0000000000027,66.64999999999836,42.59999999999995,64.0,0.0,5268.0,545.250000000001,3932.749999999999,-1335.250000000001,-0.6676250000000005,0.5715,4285.0
third_party_costs,11,repair_with_scope,852,939,87,64,446,293,551,32,161,455,0,4260.0,939.0,272.9999999999989,50.14999999999929,48.2999999999999,43.0,155.39999999999546,336.0,569.8499999999935,2751.1500000000065,2415.1500000000065,1.2075750000000032,0.426,5740.0
third_party_costs,12,always_verify,1501,1612,111,388,0,0,0,0,0,2000,0,7505.0,1612.0,1200.0000000000007,0.0,0.0,0.0,0.0,6156.0,1200.0000000000007,4692.999999999999,-1463.000000000001,-0.7315000000000005,0.7505,2495.0
third_party_costs,12,naive_trust,1501,2000,499,0,0,0,0,0,0,0,0,7505.0,2000.0,0.0,0.0,0.0,0.0,0.0,6156.0,0.0,5505.0,-651.0,-0.3255,0.7505,2495.0
third_party_costs,12,reputation_only,936,1054,118,129,817,565,0,0,0,647,0,4680.0,1054.0,388.2000000000033,0.0,0.0,0.0,0.0,3876.0,388.2000000000033,3237.7999999999965,-638.2000000000035,-0.3191000000000017,0.468,5320.0
third_party_costs,12,repair,1143,1237,94,123,640,411,0,53,192,580,0,5715.0,1237.0,348.00000000000176,67.99999999999828,57.59999999999981,65.0,0.0,4812.0,538.5999999999999,3939.4,-872.5999999999999,-0.43629999999999997,0.5715,4285.0
third_party_costs,12,repair_no_exclusion,1575,1723,148,277,0,0,0,74,222,987,0,7875.0,1723.0,592.200000000011,99.99999999999646,66.59999999999972,87.0,0.0,6540.0,845.8000000000071,5306.1999999999925,-1233.8000000000075,-0.6169000000000038,0.7875,2125.0
third_party_costs,12,verify_and_retry,1575,1612,37,388,0,0,0,74,111,2000,0,7875.0,1612.0,1200.0000000000007,0.0,33.30000000000004,87.0,0.0,6540.0,1320.3000000000006,4942.699999999999,-1597.300000000001,-0.7986500000000005,0.7875,2125.0
third_party_costs,12,scope_only,1006,1328,322,0,0,0,672,0,0,0,0,5030.0,1328.0,0.0,0.0,0.0,0.0,199.99999999999292,216.0,199.99999999999292,3502.0000000000073,3286.0000000000073,1.6430000000000036,0.503,4970.0
third_party_costs,12,repair_no_appeal,1072,1156,84,127,717,480,0,51,135,592,0,5360.0,1156.0,355.20000000000203,64.1499999999985,40.49999999999997,62.0,0.0,4512.0,521.8500000000005,3682.1499999999996,-829.8500000000004,-0.41492500000000015,0.536,4640.0
third_party_costs,12,repair_with_scope,815,887,72,97,502,316,514,33,150,453,0,4075.0,887.0,271.7999999999989,49.19999999999934,44.99999999999993,39.0,149.79999999999578,180.0,554.7999999999939,2633.200000000006,2453.200000000006,1.226600000000003,0.4075,5925.0
third_party_costs,13,always_verify,1580,1710,130,290,0,0,0,0,0,2000,0,7900.0,1710.0,1200.0000000000007,0.0,0.0,0.0,0.0,6768.0,1200.0000000000007,4989.999999999999,-1778.000000000001,-0.8890000000000005,0.79,2100.0
third_party_costs,13,naive_trust,1580,2000,420,0,0,0,0,0,0,0,0,7900.0,2000.0,0.0,0.0,0.0,0.0,0.0,6768.0,0.0,5900.0,-868.0,-0.434,0.79,2100.0
third_party_costs,13,reputation_only,1018,1161,143,82,757,562,0,0,0,684,0,5090.0,1161.0,410.4000000000041,0.0,0.0,0.0,0.0,4284.0,410.4000000000041,3518.599999999996,-765.4000000000042,-0.3827000000000021,0.509,4910.0
third_party_costs,13,repair,1244,1352,108,81,567,401,0,65,215,614,0,6220.0,1352.0,368.40000000000254,71.64999999999807,64.49999999999974,76.0,0.0,5400.0,580.5500000000004,4287.45,-1112.5500000000002,-0.5562750000000001,0.622,3780.0
third_party_costs,13,repair_no_exclusion,1672,1819,147,181,0,0,0,92,239,892,0,8360.0,1819.0,535.2000000000088,99.99999999999646,71.69999999999968,104.0,0.0,7116.0,810.900000000005,5730.099999999995,-1385.900000000005,-0.6929500000000025,0.836,1640.0
third_party_costs,13,verify_and_retry,1672,1710,38,290,0,0,0,92,130,2000,0,8360.0,1710.0,1200.0000000000007,0.0,38.999999999999986,104.0,0.0,7116.0,1343.0000000000007,5306.999999999999,-1809.000000000001,-0.9045000000000004,0.836,1640.0
third_party_costs,13,scope_only,1035,1323,288,0,0,0,677,0,0,0,0,5175.0,1323.0,0.0,0.0,0.0,0.0,199.99999999999292,228.0,199.99999999999292,3652.0000000000073,3424.0000000000073,1.7120000000000037,0.5175,4825.0
third_party_costs,13,repair_no_appeal,1187,1288,101,79,633,455,0,62,163,630,0,5935.0,1288.0,378.0000000000029,68.34999999999826,48.89999999999989,73.0,0.0,5148.0,568.250000000001,4078.749999999999,-1069.250000000001,-0.5346250000000005,0.5935,4065.0
third_party_costs,13,repair_with_scope,863,949,86,61,442,315,548,45,173,481,0,4315.0,949.0,288.5999999999995,50.49999999999927,51.899999999999864,52.0,155.79999999999544,168.0,598.799999999994,2767.200000000006,2599.200000000006,1.2996000000000032,0.4315,5685.0
third_party_costs,14,always_verify,1588,1687,99,313,0,0,0,0,0,2000,0,7940.0,1687.0,1200.0000000000007,0.0,0.0,0.0,0.0,7008.0,1200.0000000000007,5052.999999999999,-1955.000000000001,-0.9775000000000005,0.794,2060.0
third_party_costs,14,naive_trust,1588,2000,412,0,0,0,0,0,0,0,0,7940.0,2000.0,0.0,0.0,0.0,0.0,0.0,7008.0,0.0,5940.0,-1068.0,-0.534,0.794,2060.0
third_party_costs,14,reputation_only,1126,1239,113,92,669,462,0,0,0,639,0,5630.0,1239.0,383.4000000000031,0.0,0.0,0.0,0.0,4968.0,383.4000000000031,4007.5999999999967,-960.4000000000033,-0.4802000000000016,0.563,4370.0
third_party_costs,14,repair,1241,1335,94,99,566,388,0,41,166,610,0,6205.0,1335.0,366.00000000000244,71.69999999999807,49.79999999999988,55.0,0.0,5628.0,542.5000000000005,4327.5,-1300.5,-0.65025,0.6205,3795.0
third_party_costs,14,repair_no_exclusion,1653,1792,139,208,0,0,0,65,204,935,0,8265.0,1792.0,561.0000000000098,99.99999999999646,61.199999999999775,86.0,0.0,7344.0,808.200000000006,5664.799999999994,-1679.2000000000062,-0.8396000000000031,0.8265,1735.0
third_party_costs,14,verify_and_retry,1653,1687,34,313,0,0,0,65,99,2000,0,8265.0,1687.0,1200.0000000000007,0.0,29.70000000000005,86.0,0.0,7344.0,1315.7000000000007,5262.299999999999,-2081.7000000000007,-1.0408500000000003,0.8265,1735.0
third_party_costs,14,scope_only,1029,1295,266,0,0,0,705,0,0,0,0,5145.0,1295.0,0.0,0.0,0.0,0.0,199.99999999999292,300.0,199.99999999999292,3650.0000000000073,3350.0000000000073,1.6750000000000036,0.5145,4855.0
third_party_costs,14,repair_no_appeal,1219,1305,86,95,600,409,0,40,126,613,0,6095.0,1305.0,367.8000000000025,69.99999999999817,37.8,53.0,0.0,5520.0,528.6000000000007,4261.4,-1258.6000000000004,-0.6293000000000002,0.6095,3905.0
third_party_costs,14,repair_with_scope,859,930,71,75,433,287,562,26,128,457,0,4295.0,930.0,274.19999999999897,50.24999999999928,38.39999999999999,35.0,156.69999999999538,264.0,554.5499999999936,2810.450000000006,2546.450000000006,1.2732250000000032,0.4295,5705.0
third_party_costs,15,always_verify,1638,1740,102,260,0,0,0,0,0,2000,0,8190.0,1740.0,1200.0000000000007,0.0,0.0,0.0,0.0,7008.0,1200.0000000000007,5249.999999999999,-1758.000000000001,-0.8790000000000004,0.819,1810.0
third_party_costs,15,naive_trust,1638,2000,362,0,0,0,0,0,0,0,0,8190.0,2000.0,0.0,0.0,0.0,0.0,0.0,7008.0,0.0,6190.0,-818.0,-0.409,0.819,1810.0
third_party_costs,15,reputation_only,1137,1247,110,79,674,501,0,0,0,657,0,5685.0,1247.0,394.2000000000035,0.0,0.0,0.0,0.0,4752.0,394.2000000000035,4043.7999999999965,-708.2000000000035,-0.35410000000000175,0.5685,4315.0
third_party_costs,15,repair,1339,1433,94,70,497,351,0,52,196,587,0,6695.0,1433.0,352.2000000000019,75.14999999999787,58.7999999999998,67.0,0.0,5724.0,553.1499999999996,4708.85,-1015.1499999999996,-0.5075749999999998,0.6695,3305.0
third_party_costs,15,repair_no_exclusion,1706,1837,131,163,0,0,0,68,199,847,0,8530.0,1837.0,508.20000000000783,99.99999999999646,59.69999999999979,85.0,0.0,7296.0,752.9000000000041,5940.099999999996,-1355.9000000000042,-0.677950000000002,0.853,1470.0
third_party_costs,15,verify_and_retry,1706,1740,34,260,0,0,0,68,102,2000,0,8530.0,1740.0,1200.0000000000007,0.0,30.60000000000005,85.0,0.0,7296.0,1315.6000000000008,5474.4,-1821.6000000000004,-0.9108000000000002,0.853,1470.0
third_party_costs,15,scope_only,1093,1327,234,0,0,0,673,0,0,0,0,5465.0,1327.0,0.0,0.0,0.0,0.0,199.99999999999292,468.0,199.99999999999292,3938.0000000000073,3470.0000000000073,1.7350000000000037,0.5465,4535.0
third_party_costs,15,repair_no_appeal,1274,1357,83,69,574,411,0,47,130,620,0,6370.0,1357.0,372.0000000000027,71.2999999999981,38.999999999999986,56.0,0.0,5364.0,538.3000000000008,4474.699999999999,-889.3000000000011,-0.44465000000000054,0.637,3630.0
third_party_costs,15,repair_with_scope,951,1018,67,57,380,265,545,38,155,453,0,4755.0,1018.0,271.7999999999989,53.74999999999908,46.499999999999915,50.0,161.99999999999508,324.0,584.0499999999929,3152.950000000007,2828.950000000007,1.4144750000000035,0.4755,5245.0
third_party_costs,16,always_verify,1638,1763,125,237,0,0,0,0,0,2000,0,8190.0,1763.0,1200.0000000000007,0.0,0.0,0.0,0.0,6936.0,1200.0000000000007,5226.999999999999,-1709.000000000001,-0.8545000000000005,0.819,1810.0
third_party_costs,16,naive_trust,1638,2000,362,0,0,0,0,0,0,0,0,8190.0,2000.0,0.0,0.0,0.0,0.0,0.0,6936.0,0.0,6190.0,-746.0,-0.373,0.819,1810.0
third_party_costs,16,reputation_only,1144,1269,125,78,653,494,0,0,0,643,0,5720.0,1269.0,385.8000000000032,0.0,0.0,0.0,0.0,4884.0,385.8000000000032,4065.1999999999966,-818.8000000000034,-0.4094000000000017,0.572,4280.0
third_party_costs,16,repair,1355,1441,86,77,482,349,0,66,176,590,0,6775.0,1441.0,354.000000000002,75.89999999999783,52.799999999999855,82.0,0.0,5784.0,564.6999999999997,4769.3,-1014.6999999999998,-0.5073499999999999,0.6775,3225.0
third_party_costs,16,repair_no_exclusion,1729,1854,125,146,0,0,0,91,216,837,0,8645.0,1854.0,502.2000000000076,99.99999999999646,64.79999999999974,111.0,0.0,7272.0,778.0000000000039,6012.999999999996,-1259.0000000000036,-0.6295000000000018,0.8645,1355.0
third_party_costs,16,verify_and_retry,1729,1763,34,237,0,0,0,91,125,2000,0,8645.0,1763.0,1200.0000000000007,0.0,37.5,111.0,0.0,7272.0,1348.5000000000007,5533.499999999999,-1738.500000000001,-0.8692500000000004,0.8645,1355.0
third_party_costs,16,scope_only,1089,1339,250,0,0,0,661,0,0,0,0,5445.0,1339.0,0.0,0.0,0.0,0.0,199.99999999999292,348.0,199.99999999999292,3906.0000000000073,3558.0000000000073,1.7790000000000037,0.5445,4555.0
third_party_costs,16,repair_no_appeal,1311,1391,80,80,529,392,0,65,145,599,0,6555.0,1391.0,359.4000000000022,73.54999999999797,43.49999999999994,81.0,0.0,5556.0,557.45,4606.55,-949.4499999999998,-0.4747249999999999,0.6555,3445.0
third_party_costs,16,repair_with_scope,948,1010,62,66,384,276,540,50,136,454,0,4740.0,1010.0,272.3999999999989,53.79999999999908,40.79999999999997,60.0,161.5999999999951,300.0,588.5999999999931,3141.400000000007,2841.400000000007,1.4207000000000034,0.474,5260.0
third_party_costs,17,always_verify,1602,1722,120,278,0,0,0,0,0,2000,0,8010.0,1722.0,1200.0000000000007,0.0,0.0,0.0,0.0,6516.0,1200.0000000000007,5087.999999999999,-1428.000000000001,-0.7140000000000004,0.801,1990.0
third_party_costs,17,naive_trust,1602,2000,398,0,0,0,0,0,0,0,0,8010.0,2000.0,0.0,0.0,0.0,0.0,0.0,6516.0,0.0,6010.0,-506.0,-0.253,0.801,1990.0
third_party_costs,17,reputation_only,1074,1196,122,92,712,528,0,0,0,653,0,5370.0,1196.0,391.8000000000034,0.0,0.0,0.0,0.0,4500.0,391.8000000000034,3782.1999999999966,-717.8000000000034,-0.35890000000000166,0.537,4630.0
third_party_costs,17,repair,1282,1371,89,91,538,380,0,60,185,578,0,6410.0,1371.0,346.8000000000017,73.09999999999799,55.49999999999983,71.0,0.0,5364.0,546.3999999999995,4492.6,-871.3999999999996,-0.4356999999999998,0.641,3590.0
third_party_costs,17,repair_no_exclusion,1685,1826,141,174,0,0,0,83,224,877,0,8425.0,1826.0,526.2000000000085,99.99999999999646,67.19999999999972,99.0,0.0,6888.0,792.4000000000046,5806.599999999995,-1081.400000000005,-0.5407000000000025,0.8425,1575.0
third_party_costs,17,verify_and_retry,1685,1722,37,278,0,0,0,83,120,2000,0,8425.0,1722.0,1200.0000000000007,0.0,36.000000000000014,99.0,0.0,6888.0,1335.0000000000007,5367.999999999999,-1520.000000000001,-0.7600000000000005,0.8425,1575.0
third_party_costs,17,scope_only,1084,1358,274,0,0,0,642,0,0,0,0,5420.0,1358.0,0.0,0.0,0.0,0.0,199.99999999999292,300.0,199.99999999999292,3862.0000000000073,3562.0000000000073,1.7810000000000037,0.542,4580.0
third_party_costs,17,repair_no_appeal,1216,1299,83,92,609,442,0,56,139,605,0,6080.0,1299.0,363.00000000000233,69.54999999999819,41.69999999999996,67.0,0.0,5004.0,541.2500000000005,4239.75,-764.25,-0.382125,0.608,3920.0
third_party_costs,17,repair_with_scope,913,984,71,72,427,295,517,35,142,447,0,4565.0,984.0,268.19999999999874,52.79999999999914,42.59999999999995,44.0,157.29999999999535,276.0,564.8999999999932,3016.1000000000067,2740.1000000000067,1.3700500000000033,0.4565,5435.0
third_party_costs,18,always_verify,1619,1749,130,251,0,0,0,0,0,2000,0,8095.0,1749.0,1200.0000000000007,0.0,0.0,0.0,0.0,6984.0,1200.0000000000007,5145.999999999999,-1838.000000000001,-0.9190000000000005,0.8095,1905.0
third_party_costs,18,naive_trust,1619,2000,381,0,0,0,0,0,0,0,0,8095.0,2000.0,0.0,0.0,0.0,0.0,0.0,6984.0,0.0,6095.0,-889.0,-0.4445,0.8095,1905.0
third_party_costs,18,reputation_only,1087,1231,144,75,694,532,0,0,0,656,0,5435.0,1231.0,393.6000000000035,0.0,0.0,0.0,0.0,4644.0,393.6000000000035,3810.3999999999965,-833.6000000000035,-0.4168000000000018,0.5435,4565.0
third_party_costs,18,repair,1337,1440,103,66,494,359,0,77,202,567,0,6685.0,1440.0,340.20000000000147,75.29999999999787,60.59999999999978,94.0,0.0,5784.0,570.0999999999991,4674.900000000001,-1109.0999999999995,-0.5545499999999998,0.6685,3315.0
third_party_costs,18,repair_no_exclusion,1713,1847,134,153,0,0,0,94,228,817,0,8565.0,1847.0,490.20000000000715,99.99999999999646,68.39999999999971,114.0,0.0,7452.0,772.6000000000033,5945.399999999997,-1506.600000000003,-0.7533000000000015,0.8565,1435.0
third_party_costs,18,verify_and_retry,1713,1749,36,251,0,0,0,94,130,2000,0,8565.0,1749.0,1200.0000000000007,0.0,38.999999999999986,114.0,0.0,7452.0,1353.0000000000007,5462.999999999999,-1989.000000000001,-0.9945000000000005,0.8565,1435.0
third_party_costs,18,scope_only,1066,1314,248,0,0,0,686,0,0,0,0,5330.0,1314.0,0.0,0.0,0.0,0.0,199.99999999999292,348.0,199.99999999999292,3816.0000000000073,3468.0000000000073,1.7340000000000035,0.533,4670.0
third_party_costs,18,repair_no_appeal,1294,1393,99,67,540,399,0,74,173,577,0,6470.0,1393.0,346.2000000000017,72.999999999998,51.899999999999864,91.0,0.0,5532.0,562.0999999999996,4514.900000000001,-1017.0999999999995,-0.5085499999999997,0.647,3530.0
third_party_costs,18,repair_with_scope,928,1003,75,56,388,281,553,48,145,447,0,4640.0,1003.0,268.19999999999874,52.94999999999913,43.49999999999994,61.0,161.19999999999513,312.0,586.849999999993,3050.150000000007,2738.150000000007,1.3690750000000034,0.464,5360.0
third_party_costs,19,always_verify,1609,1721,112,279,0,0,0,0,0,2000,0,8045.0,1721.0,1200.0000000000007,0.0,0.0,0.0,0.0,6708.0,1200.0000000000007,5123.999999999999,-1584.000000000001,-0.7920000000000005,0.8045,1955.0
third_party_costs,19,naive_trust,1609,2000,391,0,0,0,0,0,0,0,0,8045.0,2000.0,0.0,0.0,0.0,0.0,0.0,6708.0,0.0,6045.0,-663.0,-0.3315,0.8045,1955.0
third_party_costs,19,reputation_only,1109,1226,117,92,682,500,0,0,0,639,0,5545.0,1226.0,383.4000000000031,0.0,0.0,0.0,0.0,4620.0,383.4000000000031,3935.5999999999967,-684.4000000000033,-0.3422000000000016,0.5545,4455.0
third_party_costs,19,repair,1323,1406,83,87,507,354,0,68,185,560,0,6615.0,1406.0,336.0000000000013,74.6499999999979,55.49999999999983,79.0,0.0,5544.0,545.1499999999991,4663.850000000001,-880.1499999999987,-0.4400749999999994,0.6615,3385.0
third_party_costs,19,repair_no_exclusion,1692,1819,127,181,0,0,0,83,210,857,0,8460.0,1819.0,514.200000000008,99.99999999999646,62.99999999999976,98.0,0.0,7032.0,775.2000000000043,5865.799999999996,-1166.2000000000044,-0.5831000000000022,0.846,1540.0
third_party_costs,19,verify_and_retry,1692,1721,29,279,0,0,0,83,112,2000,0,8460.0,1721.0,1200.0000000000007,0.0,33.60000000000004,98.0,0.0,7032.0,1331.6000000000008,5407.4,-1624.6000000000004,-0.8123000000000001,0.846,1540.0
third_party_costs,19,scope_only,1079,1331,252,0,0,0,669,0,0,0,0,5395.0,1331.0,0.0,0.0,0.0,0.0,199.99999999999292,348.0,199.99999999999292,3864.0000000000073,3516.0000000000073,1.7580000000000036,0.5395,4605.0
third_party_costs,19,repair_no_appeal,1269,1345,76,88,567,403,0,63,139,592,0,6345.0,1345.0,355.20000000000203,71.64999999999807,41.69999999999996,71.0,0.0,5376.0,539.5500000000001,4460.45,-915.5500000000002,-0.4577750000000001,0.6345,3655.0
third_party_costs,19,repair_with_scope,939,1002,63,68,389,273,541,50,147,433,0,4695.0,1002.0,259.7999999999984,53.4999999999991,44.09999999999994,56.0,161.09999999999513,276.0,574.4999999999926,3118.5000000000073,2842.5000000000073,1.4212500000000037,0.4695,5305.0
third_party_costs,20,always_verify,1575,1680,105,320,0,0,0,0,0,2000,0,7875.0,1680.0,1200.0000000000007,0.0,0.0,0.0,0.0,7008.0,1200.0000000000007,4994.999999999999,-2013.000000000001,-1.0065000000000004,0.7875,2125.0
third_party_costs,20,naive_trust,1575,2000,425,0,0,0,0,0,0,0,0,7875.0,2000.0,0.0,0.0,0.0,0.0,0.0,7008.0,0.0,5875.0,-1133.0,-0.5665,0.7875,2125.0
third_party_costs,20,reputation_only,1008,1124,116,110,766,567,0,0,0,677,0,5040.0,1124.0,406.20000000000397,0.0,0.0,0.0,0.0,4464.0,406.20000000000397,3509.799999999996,-954.2000000000039,-0.47710000000000197,0.504,4960.0
third_party_costs,20,repair,1228,1322,94,102,576,404,0,57,198,609,0,6140.0,1322.0,365.4000000000024,71.1999999999981,59.39999999999979,67.0,0.0,5328.0,563.0000000000003,4255.0,-1073.0,-0.5365,0.614,3860.0
third_party_costs,20,repair_no_exclusion,1654,1796,142,204,0,0,0,79,221,948,0,8270.0,1796.0,568.8000000000101,99.99999999999646,66.29999999999973,92.0,0.0,7356.0,827.1000000000063,5646.899999999994,-1709.1000000000058,-0.8545500000000029,0.827,1730.0
third_party_costs,20,verify_and_retry,1654,1680,26,320,0,0,0,79,105,2000,0,8270.0,1680.0,1200.0000000000007,0.0,31.500000000000053,92.0,0.0,7356.0,1323.5000000000007,5266.499999999999,-2089.500000000001,-1.0447500000000005,0.827,1730.0
third_party_costs,20,scope_only,1024,1289,265,0,0,0,711,0,0,0,0,5120.0,1289.0,0.0,0.0,0.0,0.0,199.99999999999292,396.0,199.99999999999292,3631.0000000000073,3235.0000000000073,1.6175000000000037,0.512,4880.0
third_party_costs,20,repair_no_appeal,1159,1239,80,107,654,470,0,54,134,633,0,5795.0,1239.0,379.80000000000297,67.29999999999832,40.199999999999974,62.0,0.0,5136.0,549.3000000000013,4006.699999999999,-1129.300000000001,-0.5646500000000005,0.5795,4205.0
third_party_costs,20,repair_with_scope,895,956,61,76,403,271,565,42,150,447,0,4475.0,956.0,268.19999999999874,51.599999999999206,44.99999999999993,48.0,159.6999999999952,324.0,572.4999999999931,2946.500000000007,2622.500000000007,1.3112500000000034,0.4475,5525.0
third_party_costs,21,always_verify,1534,1666,132,334,0,0,0,0,0,2000,0,7670.0,1666.0,1200.0000000000007,0.0,0.0,0.0,0.0,6024.0,1200.0000000000007,4803.999999999999,-1220.000000000001,-0.6100000000000004,0.767,2330.0
third_party_costs,21,naive_trust,1534,2000,466,0,0,0,0,0,0,0,0,7670.0,2000.0,0.0,0.0,0.0,0.0,0.0,6024.0,0.0,5670.0,-354.0,-0.177,0.767,2330.0
third_party_costs,21,reputation_only,1023,1155,132,98,747,511,0,0,0,669,0,5115.0,1155.0,401.4000000000038,0.0,0.0,0.0,0.0,4200.0,401.4000000000038,3558.5999999999963,-641.4000000000037,-0.3207000000000019,0.5115,4885.0
third_party_costs,21,repair,1267,1361,94,93,546,342,0,75,202,585,0,6335.0,1361.0,351.0000000000019,72.69999999999801,60.59999999999978,87.0,0.0,5088.0,571.2999999999997,4402.700000000001,-685.2999999999993,-0.3426499999999996,0.6335,3665.0
third_party_costs,21,repair_no_exclusion,1628,1769,141,231,0,0,0,94,235,927,0,8140.0,1769.0,556.2000000000096,99.99999999999646,70.49999999999969,113.0,0.0,6480.0,839.7000000000057,5531.299999999994,-948.7000000000062,-0.4743500000000031,0.814,1860.0
third_party_costs,21,verify_and_retry,1628,1666,38,334,0,0,0,94,132,2000,0,8140.0,1666.0,1200.0000000000007,0.0,39.59999999999998,113.0,0.0,6480.0,1352.6000000000006,5121.4,-1358.6000000000004,-0.6793000000000002,0.814,1860.0
third_party_costs,21,scope_only,1051,1359,308,0,0,0,641,0,0,0,0,5255.0,1359.0,0.0,0.0,0.0,0.0,199.99999999999292,228.0,199.99999999999292,3696.0000000000073,3468.0000000000073,1.7340000000000035,0.5255,4745.0
third_party_costs,21,repair_no_appeal,1202,1289,87,96,615,402,0,70,157,614,0,6010.0,1289.0,368.40000000000254,69.24999999999821,47.09999999999991,81.0,0.0,4800.0,565.7500000000007,4155.249999999999,-644.7500000000009,-0.32237500000000047,0.601,3990.0
third_party_costs,21,repair_with_scope,899,973,74,78,446,266,503,44,151,467,0,4495.0,973.0,280.1999999999992,52.54999999999915,45.299999999999926,50.0,155.39999999999546,180.0,583.4499999999937,2938.5500000000065,2758.5500000000065,1.3792750000000034,0.4495,5505.0
third_party_costs,22,always_verify,1558,1683,125,317,0,0,0,0,0,2000,0,7790.0,1683.0,1200.0000000000007,0.0,0.0,0.0,0.0,6528.0,1200.0000000000007,4906.999999999999,-1621.000000000001,-0.8105000000000004,0.779,2210.0
third_party_costs,22,naive_trust,1558,2000,442,0,0,0,0,0,0,0,0,7790.0,2000.0,0.0,0.0,0.0,0.0,0.0,6528.0,0.0,5790.0,-738.0,-0.369,0.779,2210.0
third_party_costs,22,reputation_only,1016,1135,119,111,754,542,0,0,0,646,0,5080.0,1135.0,387.60000000000326,0.0,0.0,0.0,0.0,4152.0,387.60000000000326,3557.399999999997,-594.6000000000031,-0.29730000000000156,0.508,4920.0
third_party_costs,22,repair,1218,1308,90,107,585,401,0,61,187,588,0,6090.0,1308.0,352.80000000000194,70.74999999999812,56.099999999999824,76.0,0.0,5124.0,555.6499999999999,4226.35,-897.6499999999996,-0.4488249999999998,0.609,3910.0
third_party_costs,22,repair_no_exclusion,1645,1784,139,216,0,0,0,87,226,929,0,8225.0,1784.0,557.4000000000096,99.99999999999646,67.79999999999971,104.0,0.0,6984.0,829.2000000000058,5611.799999999994,-1372.2000000000062,-0.686100000000003,0.8225,1775.0
third_party_costs,22,verify_and_retry,1645,1683,38,317,0,0,0,87,125,2000,0,8225.0,1683.0,1200.0000000000007,0.0,37.5,104.0,0.0,6984.0,1341.5000000000007,5200.499999999999,-1783.500000000001,-0.8917500000000005,0.8225,1775.0
third_party_costs,22,scope_only,1036,1327,291,0,0,0,673,0,0,0,0,5180.0,1327.0,0.0,0.0,0.0,0.0,199.99999999999292,264.0,199.99999999999292,3653.0000000000073,3389.0000000000073,1.6945000000000037,0.518,4820.0
third_party_costs,22,repair_no_appeal,1165,1245,80,110,645,452,0,59,139,604,0,5825.0,1245.0,362.4000000000023,67.7499999999983,41.69999999999996,73.0,0.0,4860.0,544.8500000000006,4035.1499999999996,-824.8500000000004,-0.4124250000000002,0.5825,4175.0
third_party_costs,22,repair_with_scope,866,937,71,84,465,310,514,39,146,480,0,4330.0,937.0,287.9999999999995,51.04999999999924,43.79999999999994,51.0,153.49999999999557,216.0,587.3499999999942,2805.650000000006,2589.650000000006,1.294825000000003,0.433,5670.0
third_party_costs,23,always_verify,1559,1669,110,331,0,0,0,0,0,2000,0,7795.0,1669.0,1200.0000000000007,0.0,0.0,0.0,0.0,6336.0,1200.0000000000007,4925.999999999999,-1410.000000000001,-0.7050000000000004,0.7795,2205.0
third_party_costs,23,naive_trust,1559,2000,441,0,0,0,0,0,0,0,0,7795.0,2000.0,0.0,0.0,0.0,0.0,0.0,6336.0,0.0,5795.0,-541.0,-0.2705,0.7795,2205.0
third_party_costs,23,reputation_only,1017,1135,118,111,754,542,0,0,0,628,0,5085.0,1135.0,376.80000000000285,0.0,0.0,0.0,0.0,4152.0,376.80000000000285,3573.199999999997,-578.8000000000029,-0.28940000000000143,0.5085,4915.0
third_party_costs,23,repair,1220,1314,94,105,581,385,0,46,179,575,0,6100.0,1314.0,345.00000000000165,70.94999999999811,53.69999999999985,62.0,0.0,4788.0,531.6499999999996,4254.35,-533.6499999999996,-0.2668249999999998,0.61,3900.0
third_party_costs,23,repair_no_exclusion,1627,1770,143,230,0,0,0,68,211,921,0,8135.0,1770.0,552.6000000000095,99.99999999999646,63.299999999999756,89.0,0.0,6528.0,804.9000000000057,5560.099999999994,-967.900000000006,-0.483950000000003,0.8135,1865.0
third_party_costs,23,verify_and_retry,1627,1669,42,331,0,0,0,68,110,2000,0,8135.0,1669.0,1200.0000000000007,0.0,33.00000000000004,89.0,0.0,6528.0,1322.0000000000007,5143.999999999999,-1384.000000000001,-0.6920000000000005,0.8135,1865.0
third_party_costs,23,scope_only,1058,1370,312,0,0,0,630,0,0,0,0,5290.0,1370.0,0.0,0.0,0.0,0.0,199.99999999999292,324.0,199.99999999999292,3720.0000000000073,3396.0000000000073,1.6980000000000037,0.529,4710.0
third_party_costs,23,repair_no_appeal,1149,1231,82,113,656,456,0,46,128,593,0,5745.0,1231.0,355.80000000000206,67.19999999999833,38.39999999999999,61.0,0.0,4560.0,522.4000000000003,3991.5999999999995,-568.4000000000005,-0.2842000000000003,0.5745,4255.0
third_party_costs,23,repair_with_scope,905,973,68,90,464,301,473,41,148,468,0,4525.0,973.0,280.7999999999992,53.14999999999912,44.399999999999935,54.0,153.59999999999556,264.0,585.9499999999938,2966.050000000006,2702.050000000006,1.351025000000003,0.4525,5475.0
third_party_costs,24,always_verify,1572,1691,119,309,0,0,0,0,0,2000,0,7860.0,1691.0,1200.0000000000007,0.0,0.0,0.0,0.0,6612.0,1200.0000000000007,4968.999999999999,-1643.000000000001,-0.8215000000000005,0.786,2140.0
third_party_costs,24,naive_trust,1572,2000,428,0,0,0,0,0,0,0,0,7860.0,2000.0,0.0,0.0,0.0,0.0,0.0,6612.0,0.0,5860.0,-752.0,-0.376,0.786,2140.0
third_party_costs,24,reputation_only,1064,1195,131,86,719,508,0,0,0,676,0,5320.0,1195.0,405.60000000000394,0.0,0.0,0.0,0.0,4392.0,405.60000000000394,3719.399999999996,-672.600000000004,-0.336300000000002,0.532,4680.0
third_party_costs,24,repair,1259,1356,97,90,554,369,0,56,192,610,0,6295.0,1356.0,366.00000000000244,72.29999999999804,57.59999999999981,78.0,0.0,5292.0,573.9000000000003,4365.099999999999,-926.9000000000005,-0.46345000000000025,0.6295,3705.0
third_party_costs,24,repair_no_exclusion,1646,1779,133,221,0,0,0,74,207,949,0,8230.0,1779.0,569.4000000000101,99.99999999999646,62.09999999999977,99.0,0.0,6876.0,830.5000000000064,5620.499999999994,-1255.5000000000064,-0.6277500000000031,0.823,1770.0
third_party_costs,24,verify_and_retry,1646,1691,45,309,0,0,0,74,119,2000,0,8230.0,1691.0,1200.0000000000007,0.0,35.70000000000002,99.0,0.0,6876.0,1334.7000000000007,5204.299999999999,-1671.7000000000007,-0.8358500000000003,0.823,1770.0
third_party_costs,24,scope_only,1054,1338,284,0,0,0,662,0,0,0,0,5270.0,1338.0,0.0,0.0,0.0,0.0,199.99999999999292,396.0,199.99999999999292,3732.0000000000073,3336.0000000000073,1.6680000000000037,0.527,4730.0
third_party_costs,24,repair_no_appeal,1198,1291,93,87,622,425,0,51,144,635,0,5990.0,1291.0,381.000000000003,68.89999999999823,43.199999999999946,71.0,0.0,5028.0,564.1000000000012,4134.899999999999,-893.1000000000013,-0.4465500000000006,0.599,4010.0
third_party_costs,24,repair_with_scope,896,962,66,86,448,300,504,40,145,489,0,4480.0,962.0,293.3999999999997,52.39999999999916,43.49999999999994,50.0,155.19999999999547,312.0,594.4999999999943,2923.5000000000055,2611.5000000000055,1.3057500000000026,0.448,5520.0
third_party_costs,25,always_verify,1565,1696,131,304,0,0,0,0,0,2000,0,7825.0,1696.0,1200.0000000000007,0.0,0.0,0.0,0.0,6756.0,1200.0000000000007,4928.999999999999,-1827.000000000001,-0.9135000000000004,0.7825,2175.0
third_party_costs,25,naive_trust,1565,2000,435,0,0,0,0,0,0,0,0,7825.0,2000.0,0.0,0.0,0.0,0.0,0.0,6756.0,0.0,5825.0,-931.0,-0.4655,0.7825,2175.0
third_party_costs,25,reputation_only,1018,1139,121,104,757,547,0,0,0,661,0,5090.0,1139.0,396.6000000000036,0.0,0.0,0.0,0.0,4404.0,396.6000000000036,3554.3999999999965,-849.6000000000035,-0.4248000000000018,0.509,4910.0
third_party_costs,25,repair,1190,1293,103,99,608,428,0,53,200,605,0,5950.0,1293.0,363.00000000000233,69.59999999999819,59.99999999999979,75.0,0.0,5076.0,567.6000000000004,4089.3999999999996,-986.6000000000004,-0.4933000000000002,0.595,4050.0
third_party_costs,25,repair_no_exclusion,1635,1795,160,205,0,0,0,70,230,938,0,8175.0,1795.0,562.8000000000098,99.99999999999646,68.9999999999997,100.0,0.0,7032.0,831.800000000006,5548.199999999994,-1483.8000000000056,-0.7419000000000028,0.8175,1825.0
third_party_costs,25,verify_and_retry,1635,1696,61,304,0,0,0,70,131,2000,0,8175.0,1696.0,1200.0000000000007,0.0,39.29999999999998,100.0,0.0,7032.0,1339.3000000000006,5139.699999999999,-1892.300000000001,-0.9461500000000005,0.8175,1825.0
third_party_costs,25,scope_only,1025,1324,299,0,0,0,676,0,0,0,0,5125.0,1324.0,0.0,0.0,0.0,0.0,199.99999999999292,276.0,199.99999999999292,3601.0000000000073,3325.0000000000073,1.6625000000000036,0.5125,4875.0
third_party_costs,25,repair_no_appeal,1132,1223,91,105,672,482,0,49,140,628,0,5660.0,1223.0,376.80000000000285,66.39999999999837,41.99999999999996,70.0,0.0,4860.0,555.2000000000012,3881.799999999999,-978.2000000000012,-0.4891000000000006,0.566,4340.0
third_party_costs,25,repair_with_scope,847,930,83,83,508,354,479,39,166,488,0,4235.0,930.0,292.79999999999967,50.64999999999926,49.79999999999988,56.0,149.1999999999958,216.0,598.4499999999946,2706.5500000000056,2490.5500000000056,1.2452750000000028,0.4235,5765.0
third_party_costs,26,always_verify,1602,1724,122,276,0,0,0,0,0,2000,0,8010.0,1724.0,1200.0000000000007,0.0,0.0,0.0,0.0,6396.0,1200.0000000000007,5085.999999999999,-1310.000000000001,-0.6550000000000005,0.801,1990.0
third_party_costs,26,naive_trust,1602,2000,398,0,0,0,0,0,0,0,0,8010.0,2000.0,0.0,0.0,0.0,0.0,0.0,6396.0,0.0,6010.0,-386.0,-0.193,0.801,1990.0
third_party_costs,26,reputation_only,1058,1173,115,101,726,544,0,0,0,667,0,5290.0,1173.0,400.20000000000374,0.0,0.0,0.0,0.0,4320.0,400.20000000000374,3716.799999999996,-603.2000000000039,-0.301600000000002,0.529,4710.0
third_party_costs,26,repair,1271,1354,83,103,543,387,0,56,179,609,0,6355.0,1354.0,365.4000000000024,72.849999999998,53.69999999999985,70.0,0.0,5160.0,561.9500000000003,4439.049999999999,-720.9500000000007,-0.3604750000000004,0.6355,3645.0
third_party_costs,26,repair_no_exclusion,1682,1815,133,185,0,0,0,80,213,897,0,8410.0,1815.0,538.2000000000089,99.99999999999646,63.89999999999975,100.0,0.0,6792.0,802.1000000000051,5792.899999999995,-999.1000000000049,-0.49955000000000244,0.841,1590.0
third_party_costs,26,verify_and_retry,1682,1724,42,276,0,0,0,80,122,2000,0,8410.0,1724.0,1200.0000000000007,0.0,36.60000000000001,100.0,0.0,6792.0,1336.6000000000006,5349.4,-1442.6000000000004,-0.7213000000000002,0.841,1590.0
third_party_costs,26,scope_only,1099,1359,260,0,0,0,641,0,0,0,0,5495.0,1359.0,0.0,0.0,0.0,0.0,199.99999999999292,360.0,199.99999999999292,3936.0000000000073,3576.0000000000073,1.7880000000000036,0.5495,4505.0
third_party_costs,26,repair_no_appeal,1204,1282,78,99,619,454,0,56,134,625,0,6020.0,1282.0,375.0000000000028,69.04999999999822,40.199999999999974,70.0,0.0,4884.0,554.250000000001,4183.749999999999,-700.2500000000009,-0.35012500000000046,0.602,3980.0
third_party_costs,26,repair_with_scope,921,995,74,71,424,301,510,37,151,492,0,4605.0,995.0,295.19999999999976,53.29999999999911,45.299999999999926,50.0,157.59999999999533,324.0,601.3999999999942,3008.600000000006,2684.600000000006,1.342300000000003,0.4605,5395.0
third_party_costs,27,always_verify,1587,1717,130,283,0,0,0,0,0,2000,0,7935.0,1717.0,1200.0000000000007,0.0,0.0,0.0,0.0,7104.0,1200.0000000000007,5017.999999999999,-2086.000000000001,-1.0430000000000004,0.7935,2065.0
third_party_costs,27,naive_trust,1587,2000,413,0,0,0,0,0,0,0,0,7935.0,2000.0,0.0,0.0,0.0,0.0,0.0,7104.0,0.0,5935.0,-1169.0,-0.5845,0.7935,2065.0
third_party_costs,27,reputation_only,1049,1174,125,85,741,538,0,0,0,668,0,5245.0,1174.0,400.80000000000376,0.0,0.0,0.0,0.0,4824.0,400.80000000000376,3670.199999999996,-1153.8000000000038,-0.5769000000000019,0.5245,4755.0
third_party_costs,27,repair,1295,1398,103,75,527,347,0,55,207,583,0,6475.0,1398.0,349.80000000000183,73.64999999999796,62.09999999999977,68.0,0.0,5880.0,553.5499999999995,4523.450000000001,-1356.5499999999993,-0.6782749999999996,0.6475,3525.0
third_party_costs,27,repair_no_exclusion,1673,1812,139,188,0,0,0,86,225,870,0,8365.0,1812.0,522.0000000000083,99.99999999999646,67.49999999999972,105.0,0.0,7488.0,794.5000000000044,5758.499999999995,-1729.5000000000045,-0.8647500000000022,0.8365,1635.0
third_party_costs,27,verify_and_retry,1673,1717,44,283,0,0,0,86,130,2000,0,8365.0,1717.0,1200.0000000000007,0.0,38.999999999999986,105.0,0.0,7488.0,1344.0000000000007,5303.999999999999,-2184.000000000001,-1.0920000000000005,0.8365,1635.0
third_party_costs,27,scope_only,1037,1310,273,0,0,0,690,0,0,0,0,5185.0,1310.0,0.0,0.0,0.0,0.0,199.99999999999292,504.0,199.99999999999292,3675.0000000000073,3171.0000000000073,1.5855000000000037,0.5185,4815.0
third_party_costs,27,repair_no_appeal,1200,1289,89,79,632,438,0,51,140,633,0,6000.0,1289.0,379.80000000000297,68.39999999999826,41.99999999999996,64.0,0.0,5400.0,554.2000000000012,4156.799999999999,-1243.2000000000007,-0.6216000000000004,0.6,4000.0
third_party_costs,27,repair_with_scope,890,961,71,66,409,264,564,38,158,459,0,4450.0,961.0,275.399999999999,51.34999999999922,47.399999999999906,49.0,159.09999999999525,420.0,582.2499999999934,2906.7500000000064,2486.7500000000064,1.2433750000000032,0.445,5550.0
third_party_costs,28,always_verify,1465,1582,117,418,0,0,0,0,0,2000,0,7325.0,1582.0,1200.0000000000007,0.0,0.0,0.0,0.0,6348.0,1200.0000000000007,4542.999999999999,-1805.000000000001,-0.9025000000000004,0.7325,2675.0
third_party_costs,28,naive_trust,1465,2000,535,0,0,0,0,0,0,0,0,7325.0,2000.0,0.0,0.0,0.0,0.0,0.0,6348.0,0.0,5325.0,-1023.0,-0.5115,0.7325,2675.0
third_party_costs,28,reputation_only,897,1008,111,147,845,568,0,0,0,667,0,4485.0,1008.0,400.20000000000374,0.0,0.0,0.0,0.0,3864.0,400.20000000000374,3076.799999999996,-787.2000000000039,-0.39360000000000195,0.4485,5515.0
third_party_costs,28,repair,1093,1179,86,144,677,427,0,55,186,633,0,5465.0,1179.0,379.80000000000297,66.14999999999839,55.79999999999983,66.0,0.0,4560.0,567.7500000000011,3718.249999999999,-841.7500000000009,-0.42087500000000044,0.5465,4535.0
third_party_costs,28,repair_no_exclusion,1546,1688,142,312,0,0,0,81,223,1075,0,7730.0,1688.0,645.000000000013,99.99999999999646,66.89999999999972,96.0,0.0,6672.0,907.9000000000092,5134.099999999991,-1537.9000000000087,-0.7689500000000044,0.773,2270.0
third_party_costs,28,verify_and_retry,1546,1582,36,418,0,0,0,81,117,2000,0,7730.0,1582.0,1200.0000000000007,0.0,35.10000000000002,96.0,0.0,6672.0,1331.1000000000008,4816.9,-1855.1000000000004,-0.9275500000000002,0.773,2270.0
third_party_costs,28,scope_only,971,1335,364,0,0,0,665,0,0,0,0,4855.0,1335.0,0.0,0.0,0.0,0.0,199.99999999999292,420.0,199.99999999999292,3320.0000000000073,2900.0000000000073,1.4500000000000037,0.4855,5145.0
third_party_costs,28,repair_no_appeal,1018,1090,72,151,759,498,0,51,123,644,0,5090.0,1090.0,386.4000000000032,62.04999999999861,36.900000000000006,61.0,0.0,4284.0,546.3500000000018,3453.6499999999983,-830.3500000000017,-0.41517500000000085,0.509,4910.0
third_party_costs,28,repair_with_scope,807,874,67,114,536,325,476,41,153,505,0,4035.0,874.0,303.00000000000006,49.39999999999933,45.89999999999992,48.0,146.39999999999597,312.0,592.6999999999953,2568.3000000000047,2256.3000000000047,1.1281500000000024,0.4035,5965.0
third_party_costs,29,always_verify,1648,1769,121,231,0,0,0,0,0,2000,0,8240.0,1769.0,1200.0000000000007,0.0,0.0,0.0,0.0,6924.0,1200.0000000000007,5270.999999999999,-1653.000000000001,-0.8265000000000005,0.824,1760.0
third_party_costs,29,naive_trust,1648,2000,352,0,0,0,0,0,0,0,0,8240.0,2000.0,0.0,0.0,0.0,0.0,0.0,6924.0,0.0,6240.0,-684.0,-0.342,0.824,1760.0
third_party_costs,29,reputation_only,1128,1254,126,73,673,520,0,0,0,666,0,5640.0,1254.0,399.6000000000037,0.0,0.0,0.0,0.0,4788.0,399.6000000000037,3986.3999999999965,-801.6000000000035,-0.40080000000000177,0.564,4360.0
third_party_costs,29,repair,1368,1469,101,59,472,333,0,53,190,575,0,6840.0,1469.0,345.00000000000165,76.3999999999978,56.999999999999815,70.0,0.0,5820.0,548.3999999999993,4822.6,-997.3999999999996,-0.4986999999999998,0.684,3160.0
third_party_costs,29,repair_no_exclusion,1725,1858,133,142,0,0,0,77,210,819,0,8625.0,1858.0,491.4000000000072,99.99999999999646,62.99999999999976,96.0,0.0,7212.0,750.4000000000034,6016.599999999997,-1195.4000000000033,-0.5977000000000017,0.8625,1375.0
third_party_costs,29,verify_and_retry,1725,1769,44,231,0,0,0,77,121,2000,0,8625.0,1769.0,1200.0000000000007,0.0,36.30000000000001,96.0,0.0,7212.0,1332.3000000000006,5523.699999999999,-1688.300000000001,-0.8441500000000005,0.8625,1375.0
third_party_costs,29,scope_only,1110,1370,260,0,0,0,630,0,0,0,0,5550.0,1370.0,0.0,0.0,0.0,0.0,199.99999999999292,468.0,199.99999999999292,3980.0000000000073,3512.0000000000073,1.7560000000000036,0.555,4450.0
third_party_costs,29,repair_no_appeal,1287,1380,93,65,555,412,0,51,144,610,0,6435.0,1380.0,366.00000000000244,72.24999999999804,43.199999999999946,68.0,0.0,5448.0,549.4500000000004,4505.549999999999,-942.4500000000007,-0.47122500000000034,0.6435,3565.0
third_party_costs,29,repair_with_scope,949,1035,86,50,403,285,512,36,158,471,0,4745.0,1035.0,282.5999999999993,54.249999999999055,47.399999999999906,49.0,159.6999999999952,372.0,592.9499999999935,3117.0500000000065,2745.0500000000065,1.3725250000000033,0.4745,5255.0
third_party_costs,30,always_verify,1589,1698,109,302,0,0,0,0,0,2000,0,7945.0,1698.0,1200.0000000000007,0.0,0.0,0.0,0.0,6204.0,1200.0000000000007,5046.999999999999,-1157.000000000001,-0.5785000000000005,0.7945,2055.0
third_party_costs,30,naive_trust,1589,2000,411,0,0,0,0,0,0,0,0,7945.0,2000.0,0.0,0.0,0.0,0.0,0.0,6204.0,0.0,5945.0,-259.0,-0.1295,0.7945,2055.0
third_party_costs,30,reputation_only,1097,1210,113,97,693,492,0,0,0,639,0,5485.0,1210.0,383.4000000000031,0.0,0.0,0.0,0.0,4308.0,383.4000000000031,3891.5999999999967,-416.4000000000033,-0.20820000000000163,0.5485,4515.0
third_party_costs,30,repair,1287,1379,92,90,531,354,0,52,179,582,0,6435.0,1379.0,349.2000000000018,73.44999999999797,53.69999999999985,67.0,0.0,4992.0,543.3499999999997,4512.650000000001,-479.34999999999945,-0.23967499999999972,0.6435,3565.0
third_party_costs,30,repair_no_exclusion,1663,1789,126,211,0,0,0,74,200,883,0,8315.0,1789.0,529.8000000000086,99.99999999999646,59.99999999999979,95.0,0.0,6456.0,784.8000000000048,5741.199999999995,-714.8000000000047,-0.3574000000000024,0.8315,1685.0
third_party_costs,30,verify_and_retry,1663,1698,35,302,0,0,0,74,109,2000,0,8315.0,1698.0,1200.0000000000007,0.0,32.700000000000045,95.0,0.0,6456.0,1327.7000000000007,5289.299999999999,-1166.7000000000007,-0.5833500000000004,0.8315,1685.0
third_party_costs,30,scope_only,1103,1368,265,0,0,0,632,0,0,0,0,5515.0,1368.0,0.0,0.0,0.0,0.0,199.99999999999292,372.0,199.99999999999292,3947.0000000000073,3575.0000000000073,1.7875000000000036,0.5515,4485.0
third_party_costs,30,repair_no_appeal,1216,1300,84,93,607,422,0,49,133,611,0,6080.0,1300.0,366.60000000000247,69.64999999999819,39.89999999999998,63.0,0.0,4740.0,539.1500000000007,4240.849999999999,-499.15000000000055,-0.24957500000000027,0.608,3920.0
third_party_costs,30,repair_with_scope,954,1019,65,72,406,276,503,43,143,464,0,4770.0,1019.0,278.3999999999991,54.54999999999904,42.89999999999995,53.0,159.39999999999523,288.0,588.2499999999933,3162.750000000007,2874.750000000007,1.4373750000000034,0.477,5230.0
third_party_costs,31,always_verify,1520,1640,120,360,0,0,0,0,0,2000,0,7600.0,1640.0,1200.0000000000007,0.0,0.0,0.0,0.0,6480.0,1200.0000000000007,4759.999999999999,-1720.000000000001,-0.8600000000000004,0.76,2400.0
third_party_costs,31,naive_trust,1520,2000,480,0,0,0,0,0,0,0,0,7600.0,2000.0,0.0,0.0,0.0,0.0,0.0,6480.0,0.0,5600.0,-880.0,-0.44,0.76,2400.0
third_party_costs,31,reputation_only,948,1072,124,121,807,572,0,0,0,663,0,4740.0,1072.0,397.80000000000365,0.0,0.0,0.0,0.0,3792.0,397.80000000000365,3270.199999999996,-521.8000000000038,-0.2609000000000019,0.474,5260.0
third_party_costs,31,repair,1139,1239,100,119,642,433,0,52,197,621,0,5695.0,1239.0,372.6000000000027,67.89999999999829,59.099999999999795,69.0,0.0,4644.0,568.6000000000008,3887.399999999999,-756.6000000000008,-0.3783000000000004,0.5695,4305.0
third_party_costs,31,repair_no_exclusion,1592,1754,162,246,0,0,0,72,234,1014,0,7960.0,1754.0,608.4000000000116,99.99999999999646,70.19999999999969,95.0,0.0,6780.0,873.6000000000078,5332.399999999992,-1447.6000000000076,-0.7238000000000038,0.796,2040.0
third_party_costs,31,verify_and_retry,1592,1640,48,360,0,0,0,72,120,2000,0,7960.0,1640.0,1200.0000000000007,0.0,36.000000000000014,95.0,0.0,6780.0,1331.0000000000007,4988.999999999999,-1791.000000000001,-0.8955000000000004,0.796,2040.0
third_party_costs,31,scope_only,1022,1352,330,0,0,0,648,0,0,0,0,5110.0,1352.0,0.0,0.0,0.0,0.0,199.99999999999292,504.0,199.99999999999292,3558.0000000000073,3054.0000000000073,1.5270000000000037,0.511,4890.0
third_party_costs,31,repair_no_appeal,1071,1162,91,120,718,497,0,48,139,655,0,5355.0,1162.0,393.00000000000347,64.0999999999985,41.69999999999996,64.0,0.0,4308.0,562.8000000000019,3630.199999999998,-677.800000000002,-0.338900000000001,0.5355,4645.0
third_party_costs,31,repair_with_scope,841,924,83,93,519,344,464,34,162,499,0,4205.0,924.0,299.3999999999999,50.84999999999925,48.599999999999895,45.0,148.09999999999587,336.0,591.9499999999949,2689.050000000005,2353.050000000005,1.1765250000000025,0.4205,5795.0
third_party_costs,32,always_verify,1455,1574,119,426,0,0,0,0,0,2000,0,7275.0,1574.0,1200.0000000000007,0.0,0.0,0.0,0.0,5580.0,1200.0000000000007,4500.999999999999,-1079.000000000001,-0.5395000000000004,0.7275,2725.0
third_party_costs,32,naive_trust,1455,2000,545,0,0,0,0,0,0,0,0,7275.0,2000.0,0.0,0.0,0.0,0.0,0.0,5580.0,0.0,5275.0,-305.0,-0.1525,0.7275,2725.0
third_party_costs,32,reputation_only,883,1005,122,139,856,572,0,0,0,686,0,4415.0,1005.0,411.6000000000042,0.0,0.0,0.0,0.0,3444.0,411.6000000000042,2998.399999999996,-445.600000000004,-0.222800000000002,0.4415,5585.0
third_party_costs,32,repair,1069,1167,98,140,693,440,0,54,194,638,0,5345.0,1167.0,382.8000000000031,65.34999999999843,58.199999999999804,70.0,0.0,4080.0,576.3500000000013,3601.6499999999987,-478.3500000000013,-0.23917500000000064,0.5345,4655.0
third_party_costs,32,repair_no_exclusion,1528,1691,163,309,0,0,0,73,236,1073,0,7640.0,1691.0,643.8000000000129,99.99999999999646,70.79999999999968,93.0,0.0,5796.0,907.600000000009,5041.3999999999905,-754.6000000000095,-0.37730000000000474,0.764,2360.0
third_party_costs,32,verify_and_retry,1528,1574,46,426,0,0,0,73,119,2000,0,7640.0,1574.0,1200.0000000000007,0.0,35.70000000000002,93.0,0.0,5796.0,1328.7000000000007,4737.299999999999,-1058.7000000000007,-0.5293500000000003,0.764,2360.0
third_party_costs,32,scope_only,1014,1374,360,0,0,0,626,0,0,0,0,5070.0,1374.0,0.0,0.0,0.0,0.0,199.99999999999292,288.0,199.99999999999292,3496.0000000000073,3208.0000000000073,1.6040000000000036,0.507,4930.0
third_party_costs,32,repair_no_appeal,995,1081,86,146,773,507,0,47,133,669,0,4975.0,1081.0,401.4000000000038,61.34999999999865,39.89999999999998,62.0,0.0,3816.0,564.6500000000024,3329.3499999999976,-486.65000000000236,-0.24332500000000118,0.4975,5025.0
third_party_costs,32,repair_with_scope,815,884,69,117,545,342,454,43,154,517,0,4075.0,884.0,310.20000000000033,50.049999999999294,46.19999999999992,50.0,145.49999999999602,180.0,601.9499999999956,2589.0500000000043,2409.0500000000043,1.204525000000002,0.4075,5925.0
third_party_costs,33,always_verify,1629,1743,114,257,0,0,0,0,0,2000,0,8145.0,1743.0,1200.0000000000007,0.0,0.0,0.0,0.0,7008.0,1200.0000000000007,5201.999999999999,-1806.000000000001,-0.9030000000000005,0.8145,1855.0
third_party_costs,33,naive_trust,1629,2000,371,0,0,0,0,0,0,0,0,8145.0,2000.0,0.0,0.0,0.0,0.0,0.0,7008.0,0.0,6145.0,-863.0,-0.4315,0.8145,1855.0
third_party_costs,33,reputation_only,1101,1226,125,81,693,528,0,0,0,648,0,5505.0,1226.0,388.8000000000033,0.0,0.0,0.0,0.0,4776.0,388.8000000000033,3890.1999999999966,-885.8000000000034,-0.4429000000000017,0.5505,4495.0
third_party_costs,33,repair,1299,1395,96,80,525,383,0,53,190,588,0,6495.0,1395.0,352.80000000000194,73.74999999999795,56.999999999999815,71.0,0.0,5676.0,554.5499999999997,4545.450000000001,-1130.5499999999993,-0.5652749999999996,0.6495,3505.0
third_party_costs,33,repair_no_exclusion,1698,1831,133,169,0,0,0,69,202,863,0,8490.0,1831.0,517.8000000000081,99.99999999999646,60.59999999999978,91.0,0.0,7308.0,769.4000000000044,5889.599999999996,-1418.4000000000042,-0.709200000000002,0.849,1510.0
third_party_costs,33,verify_and_retry,1698,1743,45,257,0,0,0,69,114,2000,0,8490.0,1743.0,1200.0000000000007,0.0,34.20000000000003,91.0,0.0,7308.0,1325.2000000000007,5421.799999999999,-1886.2000000000007,-0.9431000000000004,0.849,1510.0
third_party_costs,33,scope_only,1078,1315,237,0,0,0,685,0,0,0,0,5390.0,1315.0,0.0,0.0,0.0,0.0,199.99999999999292,396.0,199.99999999999292,3875.0000000000073,3479.0000000000073,1.7395000000000036,0.539,4610.0
third_party_costs,33,repair_no_appeal,1234,1327,93,79,594,449,0,54,147,605,0,6170.0,1327.0,363.00000000000233,70.29999999999815,44.09999999999994,71.0,0.0,5364.0,548.4000000000004,4294.599999999999,-1069.4000000000005,-0.5347000000000003,0.617,3830.0
third_party_costs,33,repair_with_scope,920,1003,83,54,409,292,534,36,160,457,0,4600.0,1003.0,274.19999999999897,52.849999999999135,47.9999999999999,46.0,159.09999999999525,312.0,580.1499999999933,3016.8500000000067,2704.8500000000067,1.3524250000000033,0.46,5400.0
third_party_costs,34,always_verify,1644,1755,111,245,0,0,0,0,0,2000,0,8220.0,1755.0,1200.0000000000007,0.0,0.0,0.0,0.0,6540.0,1200.0000000000007,5264.999999999999,-1275.000000000001,-0.6375000000000004,0.822,1780.0
third_party_costs,34,naive_trust,1644,2000,356,0,0,0,0,0,0,0,0,8220.0,2000.0,0.0,0.0,0.0,0.0,0.0,6540.0,0.0,6220.0,-320.0,-0.16,0.822,1780.0
third_party_costs,34,reputation_only,1121,1248,127,74,678,523,0,0,0,639,0,5605.0,1248.0,383.4000000000031,0.0,0.0,0.0,0.0,4536.0,383.4000000000031,3973.5999999999967,-562.4000000000033,-0.2812000000000016,0.5605,4395.0
third_party_costs,34,repair,1308,1407,99,74,519,386,0,50,186,573,0,6540.0,1407.0,343.8000000000016,74.04999999999794,55.79999999999983,68.0,0.0,5196.0,541.6499999999994,4591.35,-604.6499999999996,-0.30232499999999984,0.654,3460.0
third_party_costs,34,repair_no_exclusion,1719,1860,141,140,0,0,0,75,216,831,0,8595.0,1860.0,498.60000000000747,99.99999999999646,64.79999999999974,98.0,0.0,6924.0,761.4000000000037,5973.599999999997,-950.4000000000033,-0.4752000000000016,0.8595,1405.0
third_party_costs,34,verify_and_retry,1719,1755,36,245,0,0,0,75,111,2000,0,8595.0,1755.0,1200.0000000000007,0.0,33.30000000000004,98.0,0.0,6924.0,1331.3000000000006,5508.699999999999,-1415.300000000001,-0.7076500000000006,0.8595,1405.0
third_party_costs,34,scope_only,1125,1355,230,0,0,0,645,0,0,0,0,5625.0,1355.0,0.0,0.0,0.0,0.0,199.99999999999292,312.0,199.99999999999292,4070.0000000000073,3758.0000000000073,1.8790000000000036,0.5625,4375.0
third_party_costs,34,repair_no_appeal,1239,1331,92,77,592,448,0,43,135,594,0,6195.0,1331.0,356.4000000000021,70.39999999999814,40.49999999999997,61.0,0.0,4932.0,528.3000000000002,4335.7,-596.3000000000002,-0.2981500000000001,0.6195,3805.0
third_party_costs,34,repair_with_scope,968,1040,72,55,381,278,524,32,141,438,0,4840.0,1040.0,262.79999999999853,54.74999999999903,42.299999999999955,40.0,161.8999999999951,228.0,561.7499999999926,3238.2500000000073,3010.2500000000073,1.5051250000000036,0.484,5160.0
third_party_costs,35,always_verify,1568,1687,119,313,0,0,0,0,0,2000,0,7840.0,1687.0,1200.0000000000007,0.0,0.0,0.0,0.0,6624.0,1200.0000000000007,4952.999999999999,-1671.000000000001,-0.8355000000000005,0.784,2160.0
third_party_costs,35,naive_trust,1568,2000,432,0,0,0,0,0,0,0,0,7840.0,2000.0,0.0,0.0,0.0,0.0,0.0,6624.0,0.0,5840.0,-784.0,-0.392,0.784,2160.0
third_party_costs,35,reputation_only,1049,1172,123,98,730,519,0,0,0,649,0,5245.0,1172.0,389.40000000000333,0.0,0.0,0.0,0.0,4368.0,389.40000000000333,3683.5999999999967,-684.4000000000033,-0.3422000000000016,0.5245,4755.0
third_party_costs,35,repair,1221,1319,98,100,581,398,0,51,189,594,0,6105.0,1319.0,356.4000000000021,70.94999999999811,56.69999999999982,66.0,0.0,5076.0,550.05,4235.95,-840.0500000000002,-0.4200250000000001,0.6105,3895.0
third_party_costs,35,repair_no_exclusion,1638,1792,154,208,0,0,0,70,224,937,0,8190.0,1792.0,562.2000000000098,99.99999999999646,67.19999999999972,92.0,0.0,6900.0,821.400000000006,5576.599999999994,-1323.400000000006,-0.661700000000003,0.819,1810.0
third_party_costs,35,verify_and_retry,1638,1687,49,313,0,0,0,70,119,2000,0,8190.0,1687.0,1200.0000000000007,0.0,35.70000000000002,92.0,0.0,6900.0,1327.7000000000007,5175.299999999999,-1724.7000000000007,-0.8623500000000004,0.819,1810.0
third_party_costs,35,scope_only,1043,1342,299,0,0,0,658,0,0,0,0,5215.0,1342.0,0.0,0.0,0.0,0.0,199.99999999999292,324.0,199.99999999999292,3673.0000000000073,3349.0000000000073,1.6745000000000037,0.5215,4785.0
third_party_costs,35,repair_no_appeal,1166,1260,94,96,644,449,0,47,141,599,0,5830.0,1260.0,359.4000000000022,67.79999999999829,42.299999999999955,61.0,0.0,4776.0,530.5000000000005,4039.4999999999995,-736.5000000000005,-0.36825000000000024,0.583,4170.0
third_party_costs,35,repair_with_scope,878,954,76,77,451,302,518,36,152,465,0,4390.0,954.0,278.99999999999915,51.54999999999921,45.59999999999992,45.0,154.8999999999955,240.0,576.0499999999938,2859.950000000006,2619.950000000006,1.309975000000003,0.439,5610.0
third_party_costs,36,always_verify,1586,1706,120,294,0,0,0,0,0,2000,0,7930.0,1706.0,1200.0000000000007,0.0,0.0,0.0,0.0,7272.0,1200.0000000000007,5023.999999999999,-2248.000000000001,-1.1240000000000006,0.793,2070.0
third_party_costs,36,naive_trust,1586,2000,414,0,0,0,0,0,0,0,0,7930.0,2000.0,0.0,0.0,0.0,0.0,0.0,7272.0,0.0,5930.0,-1342.0,-0.671,0.793,2070.0
third_party_costs,36,reputation_only,1038,1169,131,91,740,548,0,0,0,677,0,5190.0,1169.0,406.20000000000397,0.0,0.0,0.0,0.0,4764.0,406.20000000000397,3614.799999999996,-1149.200000000004,-0.574600000000002,0.519,4810.0
third_party_costs,36,repair,1284,1377,93,89,534,372,0,70,197,575,0,6420.0,1377.0,345.00000000000165,73.29999999999798,59.099999999999795,84.0,0.0,5880.0,561.3999999999994,4481.6,-1398.3999999999996,-0.6991999999999998,0.642,3580.0
third_party_costs,36,repair_no_exclusion,1673,1807,134,193,0,0,0,87,221,897,0,8365.0,1807.0,538.2000000000089,99.99999999999646,66.29999999999973,108.0,0.0,7752.0,812.5000000000051,5745.4999999999945,-2006.5000000000055,-1.0032500000000026,0.8365,1635.0
third_party_costs,36,verify_and_retry,1673,1706,33,294,0,0,0,87,120,2000,0,8365.0,1706.0,1200.0000000000007,0.0,36.000000000000014,108.0,0.0,7752.0,1344.0000000000007,5314.999999999999,-2437.000000000001,-1.2185000000000004,0.8365,1635.0
third_party_costs,36,scope_only,1004,1263,259,0,0,0,737,0,0,0,0,5020.0,1263.0,0.0,0.0,0.0,0.0,199.99999999999292,288.0,199.99999999999292,3557.0000000000073,3269.0000000000073,1.6345000000000036,0.502,4980.0
third_party_costs,36,repair_no_appeal,1218,1302,84,91,607,434,0,66,150,598,0,6090.0,1302.0,358.80000000000217,69.64999999999819,44.99999999999993,80.0,0.0,5568.0,553.4500000000003,4234.549999999999,-1333.4500000000007,-0.6667250000000003,0.609,3910.0
third_party_costs,36,repair_with_scope,894,956,62,66,382,249,596,41,137,427,0,4470.0,956.0,256.1999999999983,51.099999999999234,41.099999999999966,45.0,161.7999999999951,264.0,555.1999999999925,2958.8000000000075,2694.8000000000075,1.3474000000000037,0.447,5530.0
third_party_costs,37,always_verify,1606,1732,126,268,0,0,0,0,0,2000,0,8030.0,1732.0,1200.0000000000007,0.0,0.0,0.0,0.0,6420.0,1200.0000000000007,5097.999999999999,-1322.000000000001,-0.6610000000000005,0.803,1970.0
third_party_costs,37,naive_trust,1606,2000,394,0,0,0,0,0,0,0,0,8030.0,2000.0,0.0,0.0,0.0,0.0,0.0,6420.0,0.0,6030.0,-390.0,-0.195,0.803,1970.0
third_party_costs,37,reputation_only,1101,1217,116,90,693,505,0,0,0,645,0,5505.0,1217.0,387.00000000000324,0.0,0.0,0.0,0.0,4560.0,387.00000000000324,3900.999999999997,-659.0000000000032,-0.32950000000000157,0.5505,4495.0
third_party_costs,37,repair,1291,1383,92,89,528,367,0,52,181,573,0,6455.0,1383.0,343.8000000000016,73.59999999999796,54.29999999999984,68.0,0.0,5364.0,539.6999999999994,4532.300000000001,-831.6999999999989,-0.41584999999999944,0.6455,3545.0
third_party_costs,37,repair_no_exclusion,1681,1819,138,181,0,0,0,75,213,876,0,8405.0,1819.0,525.6000000000084,99.99999999999646,63.89999999999975,99.0,0.0,6756.0,788.5000000000047,5797.499999999995,-958.5000000000045,-0.4792500000000023,0.8405,1595.0
third_party_costs,37,verify_and_retry,1681,1732,51,268,0,0,0,75,126,2000,0,8405.0,1732.0,1200.0000000000007,0.0,37.8,99.0,0.0,6756.0,1336.8000000000006,5336.199999999999,-1419.800000000001,-0.7099000000000005,0.8405,1595.0
third_party_costs,37,scope_only,1099,1367,268,0,0,0,633,0,0,0,0,5495.0,1367.0,0.0,0.0,0.0,0.0,199.99999999999292,336.0,199.99999999999292,3928.0000000000073,3592.0000000000073,1.7960000000000036,0.5495,4505.0
third_party_costs,37,repair_no_appeal,1220,1308,88,88,604,433,0,47,135,607,0,6100.0,1308.0,364.2000000000024,69.79999999999818,40.49999999999997,62.0,0.0,4920.0,536.5000000000006,4255.499999999999,-664.5000000000009,-0.33225000000000043,0.61,3900.0
third_party_costs,37,repair_with_scope,940,1007,67,70,399,269,524,37,141,436,0,4700.0,1007.0,261.5999999999985,53.84999999999908,42.299999999999955,46.0,160.0999999999952,276.0,563.8499999999927,3129.1500000000074,2853.1500000000074,1.4265750000000037,0.47,5300.0
third_party_costs,38,always_verify,1587,1719,132,281,0,0,0,0,0,2000,0,7935.0,1719.0,1200.0000000000007,0.0,0.0,0.0,0.0,6984.0,1200.0000000000007,5015.999999999999,-1968.000000000001,-0.9840000000000004,0.7935,2065.0
third_party_costs,38,naive_trust,1587,2000,413,0,0,0,0,0,0,0,0,7935.0,2000.0,0.0,0.0,0.0,0.0,0.0,6984.0,0.0,5935.0,-1049.0,-0.5245,0.7935,2065.0
third_party_costs,38,reputation_only,1051,1181,130,90,729,536,0,0,0,663,0,5255.0,1181.0,397.80000000000365,0.0,0.0,0.0,0.0,4692.0,397.80000000000365,3676.199999999996,-1015.8000000000038,-0.5079000000000019,0.5255,4745.0
third_party_costs,38,repair,1304,1396,92,84,520,359,0,76,205,577,0,6520.0,1396.0,346.2000000000017,73.99999999999794,61.49999999999977,89.0,0.0,5724.0,570.6999999999994,4553.300000000001,-1170.699999999999,-0.5853499999999995,0.652,3480.0
third_party_costs,38,repair_no_exclusion,1685,1818,133,182,0,0,0,98,231,872,0,8425.0,1818.0,523.2000000000083,99.99999999999646,69.2999999999997,116.0,0.0,7368.0,808.5000000000045,5798.499999999995,-1569.5000000000045,-0.7847500000000023,0.8425,1575.0
third_party_costs,38,verify_and_retry,1685,1719,34,281,0,0,0,98,132,2000,0,8425.0,1719.0,1200.0000000000007,0.0,39.59999999999998,116.0,0.0,7368.0,1355.6000000000006,5350.4,-2017.6000000000004,-1.0088000000000001,0.8425,1575.0
third_party_costs,38,scope_only,1029,1303,274,0,0,0,697,0,0,0,0,5145.0,1303.0,0.0,0.0,0.0,0.0,199.99999999999292,288.0,199.99999999999292,3642.0000000000073,3354.0000000000073,1.6770000000000036,0.5145,4855.0
third_party_costs,38,repair_no_appeal,1241,1322,81,87,591,421,0,75,156,610,0,6205.0,1322.0,366.00000000000244,70.44999999999814,46.79999999999991,86.0,0.0,5388.0,569.2500000000005,4313.75,-1074.25,-0.537125,0.6205,3795.0
third_party_costs,38,repair_with_scope,923,996,73,58,386,249,560,55,165,447,0,4615.0,996.0,268.19999999999874,52.69999999999914,49.499999999999886,64.0,161.39999999999512,240.0,595.7999999999929,3023.200000000007,2783.200000000007,1.3916000000000035,0.4615,5385.0
third_party_costs,39,always_verify,1596,1710,114,290,0,0,0,0,0,2000,0,7980.0,1710.0,1200.0000000000007,0.0,0.0,0.0,0.0,7044.0,1200.0000000000007,5069.999999999999,-1974.000000000001,-0.9870000000000004,0.798,2020.0
third_party_costs,39,naive_trust,1596,2000,404,0,0,0,0,0,0,0,0,7980.0,2000.0,0.0,0.0,0.0,0.0,0.0,7044.0,0.0,5980.0,-1064.0,-0.532,0.798,2020.0
third_party_costs,39,reputation_only,1047,1177,130,86,737,549,0,0,0,658,0,5235.0,1177.0,394.80000000000354,0.0,0.0,0.0,0.0,4644.0,394.80000000000354,3663.1999999999966,-980.8000000000034,-0.49040000000000167,0.5235,4765.0
third_party_costs,39,repair,1285,1384,99,82,534,365,0,54,203,586,0,6425.0,1384.0,351.6000000000019,73.29999999999798,60.89999999999978,66.0,0.0,5760.0,551.7999999999996,4489.200000000001,-1270.7999999999993,-0.6353999999999996,0.6425,3575.0
third_party_costs,39,repair_no_exclusion,1672,1809,137,191,0,0,0,76,213,879,0,8360.0,1809.0,527.4000000000085,99.99999999999646,63.89999999999975,92.0,0.0,7440.0,783.3000000000047,5767.699999999995,-1672.3000000000047,-0.8361500000000024,0.836,1640.0
third_party_costs,39,verify_and_retry,1672,1710,38,290,0,0,0,76,114,2000,0,8360.0,1710.0,1200.0000000000007,0.0,34.20000000000003,92.0,0.0,7440.0,1326.2000000000007,5323.799999999999,-2116.2000000000007,-1.0581000000000003,0.836,1640.0
third_party_costs,39,scope_only,1030,1293,263,0,0,0,707,0,0,0,0,5150.0,1293.0,0.0,0.0,0.0,0.0,199.99999999999292,252.0,199.99999999999292,3657.0000000000073,3405.0000000000073,1.7025000000000037,0.515,4850.0
third_party_costs,39,repair_no_appeal,1203,1293,90,84,623,445,0,52,142,615,0,6015.0,1293.0,369.00000000000256,68.84999999999823,42.59999999999995,62.0,0.0,5328.0,542.4500000000007,4179.549999999999,-1148.4500000000007,-0.5742250000000003,0.6015,3985.0
third_party_costs,39,repair_with_scope,895,964,69,66,399,258,571,31,150,440,0,4475.0,964.0,263.9999999999986,51.49999999999921,44.99999999999993,39.0,160.0999999999952,240.0,559.5999999999929,2951.400000000007,2711.400000000007,1.3557000000000035,0.4475,5525.0
